#include "lvgl.h"

/*------------------
 * BITMAPS
 *-----------------*/
static const uint8_t glyph_bitmap[] = {
    0x00, 0x06, 0xff, 0x90, 0x00, 0x00, 0x06, 0xff, 0x90, 0x00, 0x00, 0x06, 0xff, 0x80, 0x00, 0x00,
    0x06, 0xff, 0x80, 0x00, 0x00, 0x05, 0xff, 0x80, 0x00, 0x00, 0x05, 0xff, 0x70, 0x00, 0x00, 0x05,
    0xff, 0x70, 0x00, 0x00, 0x04, 0xff, 0x70, 0x00, 0x00, 0x04, 0xff, 0x60, 0x00, 0x00, 0x04, 0xff,
    0x60, 0x00, 0x00, 0x03, 0xff, 0x60, 0x00, 0x00, 0x03, 0xff, 0x60, 0x00, 0x00, 0x03, 0xff, 0x50,
    0x00, 0x00, 0x03, 0xff, 0x50, 0x00, 0x00, 0x02, 0xff, 0x50, 0x00, 0x00, 0x02, 0xff, 0x40, 0x00,
    0x00, 0x02, 0xff, 0x40, 0x00, 0x00, 0x01, 0xff, 0x40, 0x00, 0x00, 0x00, 0x00, 0x00, 0x00, 0x00,
    0x00, 0x00, 0x00, 0x00, 0x00, 0x00, 0x00, 0x00, 0x00, 0x00, 0x00, 0x00, 0x00, 0x00, 0x00, 0x02,
    0xde, 0x50, 0x00, 0x00, 0x0b, 0xff, 0xf0, 0x00, 0x00, 0x0b, 0xff, 0xf0, 0x00, 0x00, 0x03, 0xde,
    0x50, 0x00, 0x00, 0x2f, 0xf6, 0x00, 0x4f, 0xf4, 0x00, 0x00, 0x2f, 0xf6, 0x00, 0x4f, 0xf4, 0x00,
    0x00, 0x2f, 0xf6, 0x00, 0x4f, 0xf4, 0x00, 0x00, 0x2f, 0xf6, 0x00, 0x4f, 0xf4, 0x00, 0x00, 0x2f,
    0xf6, 0x00, 0x4f, 0xf4, 0x00, 0x00, 0x2f, 0xf6, 0x00, 0x4f, 0xf4, 0x00, 0x00, 0x2f, 0xf6, 0x00,
    0x4f, 0xf4, 0x00, 0x00, 0x2f, 0xf6, 0x00, 0x4f, 0xf4, 0x00, 0x00, 0x00, 0x00, 0x00, 0x00, 0x00,
    0x00, 0x00, 0x00, 0x00, 0x00, 0x00, 0x00, 0x00, 0x00, 0x00, 0x00, 0x00, 0x00, 0x00, 0x00, 0x00,
    0x00, 0x00, 0x00, 0x00, 0x00, 0x00, 0x00, 0x00, 0x00, 0x00, 0x00, 0x00, 0x00, 0x00, 0x00, 0x00,
    0x00, 0x00, 0x00, 0x00, 0x00, 0x00, 0x00, 0x00, 0x00, 0x00, 0x00, 0x00, 0x00, 0x00, 0x00, 0x00,
    0x00, 0x00, 0x00, 0x00, 0x00, 0x00, 0x00, 0x00, 0x00, 0x00, 0x00, 0x00, 0x00, 0x00, 0x00, 0x00,
    0x00, 0x00, 0x00, 0x00, 0x00, 0x00, 0x00, 0x00, 0x00, 0x00, 0x00, 0x00, 0x00, 0x00, 0x00, 0x00,
    0x00, 0x00, 0x00, 0x00, 0x00, 0x00, 0x00, 0x00, 0x00, 0x00, 0x00, 0x00, 0x00, 0x00, 0x00, 0x00,
    0x00, 0x00, 0x00, 0x00, 0x00, 0x00, 0x00, 0x00, 0x00, 0x00, 0x00, 0x00, 0x00, 0x00, 0x00, 0x00,
    0x00, 0x00, 0x00, 0x00, 0x00, 0x00, 0x00, 0x00, 0x00, 0x00, 0x00, 0x00, 0x9f, 0x90, 0x00, 0x0e,
    0xf3, 0x00, 0x00, 0x00, 0x00, 0x00, 0x00, 0xcf, 0x60, 0x00, 0x2f, 0xf0, 0x00, 0x00, 0x00, 0x00,
    0x00, 0x00, 0xff, 0x30, 0x00, 0x5f, 0xd0, 0x00, 0x00, 0x00, 0x00, 0x00, 0x03, 0xff, 0x00, 0x00,
    0x9f, 0x90, 0x00, 0x00, 0x00, 0x00, 0x00, 0x07, 0xfc, 0x00, 0x00, 0xcf, 0x60, 0x00, 0x00, 0x00,
    0x00, 0x00, 0x0a, 0xf9, 0x00, 0x00, 0xff, 0x30, 0x00, 0x00, 0x00, 0x00, 0x00, 0x0d, 0xf5, 0x00,
    0x03, 0xff, 0x00, 0x00, 0x00, 0x00, 0xef, 0xff, 0xff, 0xff, 0xff, 0xff, 0xff, 0xff, 0xff, 0x60,
    0x01, 0xdd, 0xdd, 0xef, 0xfd, 0xdd, 0xdf, 0xfe, 0xdd, 0xdd, 0x20, 0x00, 0x00, 0x00, 0x7f, 0xc0,
    0x00, 0x0c, 0xf6, 0x00, 0x00, 0x00, 0x00, 0x00, 0x00, 0x9f, 0x90, 0x00, 0x0f, 0xf3, 0x00, 0x00,
    0x00, 0x00, 0x00, 0x00, 0xcf, 0x60, 0x00, 0x2f, 0xf0, 0x00, 0x00, 0x00, 0x00, 0x00, 0x00, 0xff,
    0x30, 0x00, 0x5f, 0xd0, 0x00, 0x00, 0x00, 0x00, 0x00, 0x02, 0xff, 0x00, 0x00, 0x8f, 0xa0, 0x00,
    0x00, 0x00, 0x00, 0x00, 0x04, 0xfd, 0x00, 0x00, 0xaf, 0x80, 0x00, 0x00, 0x00, 0x2d, 0xdd, 0xde,
    0xff, 0xdd, 0xdd, 0xff, 0xed, 0xdd, 0xd3, 0x00, 0x5f, 0xff, 0xff, 0xff, 0xff, 0xff, 0xff, 0xff,
    0xff, 0xf0, 0x00, 0x00, 0x00, 0x0e, 0xf4, 0x00, 0x05, 0xfe, 0x00, 0x00, 0x00, 0x00, 0x00, 0x00,
    0x2f, 0xf1, 0x00, 0x08, 0xfb, 0x00, 0x00, 0x00, 0x00, 0x00, 0x00, 0x5f, 0xd0, 0x00, 0x0c, 0xf7,
    0x00, 0x00, 0x00, 0x00, 0x00, 0x00, 0x8f, 0xa0, 0x00, 0x0f, 0xf4, 0x00, 0x00, 0x00, 0x00, 0x00,
    0x00, 0xcf, 0x60, 0x00, 0x3f, 0xf0, 0x00, 0x00, 0x00, 0x00, 0x00, 0x00, 0xff, 0x30, 0x00, 0x6f,
    0xd0, 0x00, 0x00, 0x00, 0x00, 0x00, 0x03, 0xff, 0x00, 0x00, 0xaf, 0x90, 0x00, 0x00, 0x00, 0x00,
    0x00, 0x00, 0x00, 0x00, 0x00, 0x00, 0x00, 0x00, 0x00, 0x00, 0x00, 0x00, 0x00, 0x00, 0x00, 0x00,
    0x00, 0x00, 0x00, 0x00, 0x00, 0x00, 0x00, 0x00, 0x00, 0x00, 0x0f, 0xd0, 0x00, 0x00, 0x00, 0x00,
    0x00, 0x00, 0x00, 0x00, 0x0f, 0xd0, 0x00, 0x00, 0x00, 0x00, 0x00, 0x00, 0x00, 0x00, 0x0f, 0xd0,
    0x00, 0x00, 0x00, 0x00, 0x00, 0x00, 0x00, 0x28, 0xdf, 0xff, 0xeb, 0x71, 0x00, 0x00, 0x00, 0x00,
    0x07, 0xff, 0xff, 0xff, 0xff, 0xf9, 0x00, 0x00, 0x00, 0x00, 0x8f, 0xff, 0xcf, 0xe8, 0xae, 0xf9,
    0x00, 0x00, 0x00, 0x04, 0xff, 0xe4, 0x0f, 0xd0, 0x00, 0x57, 0x00, 0x00, 0x00, 0x0b, 0xff, 0x50,
    0x0f, 0xd0, 0x00, 0x00, 0x00, 0x00, 0x00, 0x0f, 0xff, 0x00, 0x0f, 0xd0, 0x00, 0x00, 0x00, 0x00,
    0x00, 0x2f, 0xfd, 0x00, 0x0f, 0xd0, 0x00, 0x00, 0x00, 0x00, 0x00, 0x1f, 0xfe, 0x00, 0x0f, 0xd0,
    0x00, 0x00, 0x00, 0x00, 0x00, 0x0f, 0xff, 0x30, 0x0f, 0xd0, 0x00, 0x00, 0x00, 0x00, 0x00, 0x0a,
    0xff, 0xd1, 0x0f, 0xd0, 0x00, 0x00, 0x00, 0x00, 0x00, 0x02, 0xff, 0xfd, 0x3f, 0xd0, 0x00, 0x00,
    0x00, 0x00, 0x00, 0x00, 0x4f, 0xff, 0xff, 0xd0, 0x00, 0x00, 0x00, 0x00, 0x00, 0x00, 0x02, 0xdf,
    0xff, 0xf8, 0x10, 0x00, 0x00, 0x00, 0x00, 0x00, 0x00, 0x06, 0xef, 0xff, 0xe6, 0x00, 0x00, 0x00,
    0x00, 0x00, 0x00, 0x00, 0x0f, 0xff, 0xff, 0xa0, 0x00, 0x00, 0x00, 0x00, 0x00, 0x00, 0x0f, 0xda,
    0xff, 0xfb, 0x00, 0x00, 0x00, 0x00, 0x00, 0x00, 0x0f, 0xd0, 0x6f, 0xff, 0x70, 0x00, 0x00, 0x00,
    0x00, 0x00, 0x0f, 0xd0, 0x08, 0xff, 0xd0, 0x00, 0x00, 0x00, 0x00, 0x00, 0x0f, 0xd0, 0x00, 0xff,
    0xf1, 0x00, 0x00, 0x00, 0x00, 0x00, 0x0f, 0xd0, 0x00, 0xdf, 0xf2, 0x00, 0x00, 0x00, 0x00, 0x00,
    0x0f, 0xd0, 0x00, 0xef, 0xf0, 0x00, 0x00, 0x18, 0x00, 0x00, 0x0f, 0xd0, 0x04, 0xff, 0xc0, 0x00,
    0x00, 0x1f, 0xc4, 0x00, 0x0f, 0xd0, 0x4e, 0xff, 0x50, 0x00, 0x00, 0x1f, 0xff, 0xea, 0x8f, 0xfd,
    0xff, 0xf9, 0x00, 0x00, 0x00, 0x0a, 0xff, 0xff, 0xff, 0xff, 0xff, 0x70, 0x00, 0x00, 0x00, 0x00,
    0x28, 0xce, 0xff, 0xfb, 0x61, 0x00, 0x00, 0x00, 0x00, 0x00, 0x00, 0x00, 0x0f, 0xd0, 0x00, 0x00,
    0x00, 0x00, 0x00, 0x00, 0x00, 0x00, 0x0f, 0xd0, 0x00, 0x00, 0x00, 0x00, 0x00, 0x00, 0x00, 0x00,
    0x0f, 0xd0, 0x00, 0x00, 0x00, 0x00, 0x00, 0x00, 0x00, 0x00, 0x0f, 0xd0, 0x00, 0x00, 0x00, 0x00,
    0x00, 0x00, 0x4b, 0xef, 0xea, 0x30, 0x00, 0x00, 0x00, 0x00, 0x0d, 0xfa, 0x00, 0x00, 0x00, 0x00,
    0x09, 0xff, 0xff, 0xff, 0xf6, 0x00, 0x00, 0x00, 0x00, 0x7f, 0xf1, 0x00, 0x00, 0x00, 0x00, 0x7f,
    0xf7, 0x10, 0x2b, 0xff, 0x30, 0x00, 0x00, 0x02, 0xff, 0x60, 0x00, 0x00, 0x00, 0x00, 0xff, 0x80,
    0x00, 0x00, 0xef, 0xa0, 0x00, 0x00, 0x0b, 0xfc, 0x00, 0x00, 0x00, 0x00, 0x05, 0xff, 0x10, 0x00,
    0x00, 0x7f, 0xe0, 0x00, 0x00, 0x5f, 0xf3, 0x00, 0x00, 0x00, 0x00, 0x08, 0xfe, 0x00, 0x00, 0x00,
    0x5f, 0xf0, 0x00, 0x00, 0xef, 0x80, 0x00, 0x00, 0x00, 0x00, 0x09, 0xfc, 0x00, 0x00, 0x00, 0x3f,
    0xf1, 0x00, 0x09, 0xfe, 0x00, 0x00, 0x00, 0x00, 0x00, 0x08, 0xfd, 0x00, 0x00, 0x00, 0x5f, 0xf0,
    0x00, 0x3f, 0xf5, 0x00, 0x00, 0x00, 0x00, 0x00, 0x06, 0xff, 0x10, 0x00, 0x00, 0x8f, 0xd0, 0x00,
    0xdf, 0xb0, 0x00, 0x00, 0x00, 0x00, 0x00, 0x01, 0xff, 0x80, 0x00, 0x00, 0xef, 0x70, 0x07, 0xff,
    0x10, 0x00, 0x00, 0x00, 0x00, 0x00, 0x00, 0x9f, 0xf7, 0x00, 0x2c, 0xfe, 0x10, 0x1f, 0xf7, 0x00,
    0x00, 0x00, 0x00, 0x00, 0x00, 0x00, 0x0c, 0xff, 0xff, 0xff, 0xe2, 0x00, 0xbf, 0xd0, 0x00, 0x00,
    0x00, 0x00, 0x00, 0x00, 0x00, 0x00, 0x6c, 0xff, 0xd8, 0x10, 0x05, 0xff, 0x30, 0x00, 0x00, 0x00,
    0x00, 0x00, 0x00, 0x00, 0x00, 0x00, 0x00, 0x00, 0x00, 0x0e, 0xf9, 0x00, 0x04, 0xbe, 0xfe, 0xa3,
    0x00, 0x00, 0x00, 0x00, 0x00, 0x00, 0x00, 0x00, 0x8f, 0xe0, 0x00, 0x9f, 0xff, 0xff, 0xff, 0x60,
    0x00, 0x00, 0x00, 0x00, 0x00, 0x00, 0x03, 0xff, 0x50, 0x06, 0xff, 0x81, 0x02, 0xbf, 0xf3, 0x00,
    0x00, 0x00, 0x00, 0x00, 0x00, 0x0c, 0xfb, 0x00, 0x0e, 0xf9, 0x00, 0x00, 0x0e, 0xfa, 0x00, 0x00,
    0x00, 0x00, 0x00, 0x00, 0x6f, 0xf2, 0x00, 0x4f, 0xf1, 0x00, 0x00, 0x07, 0xfe, 0x00, 0x00, 0x00,
    0x00, 0x00, 0x01, 0xff, 0x70, 0x00, 0x7f, 0xe0, 0x00, 0x00, 0x04, 0xff, 0x10, 0x00, 0x00, 0x00,
    0x00, 0x0a, 0xfd, 0x00, 0x00, 0x8f, 0xc0, 0x00, 0x00, 0x03, 0xff, 0x10, 0x00, 0x00, 0x00, 0x00,
    0x4f, 0xf3, 0x00, 0x00, 0x8f, 0xd0, 0x00, 0x00, 0x05, 0xff, 0x00, 0x00, 0x00, 0x00, 0x00, 0xdf,
    0x90, 0x00, 0x00, 0x6f, 0xf1, 0x00, 0x00, 0x08, 0xfd, 0x00, 0x00, 0x00, 0x00, 0x08, 0xfe, 0x10,
    0x00, 0x00, 0x1f, 0xf8, 0x00, 0x00, 0x0e, 0xf8, 0x00, 0x00, 0x00, 0x00, 0x2f, 0xf5, 0x00, 0x00,
    0x00, 0x09, 0xff, 0x71, 0x03, 0xcf, 0xe1, 0x00, 0x00, 0x00, 0x00, 0xcf, 0xb0, 0x00, 0x00, 0x00,
    0x00, 0xbf, 0xff, 0xff, 0xfe, 0x30, 0x00, 0x00, 0x00, 0x06, 0xff, 0x20, 0x00, 0x00, 0x00, 0x00,
    0x06, 0xcf, 0xfd, 0x81, 0x00, 0x00, 0x00, 0x00, 0x00, 0x00, 0x6b, 0xef, 0xec, 0x60, 0x00, 0x00,
    0x00, 0x00, 0x00, 0x00, 0x00, 0x00, 0x00, 0x00, 0x2d, 0xff, 0xff, 0xff, 0xfd, 0x20, 0x00, 0x00,
    0x00, 0x00, 0x00, 0x00, 0x00, 0x00, 0x01, 0xef, 0xfd, 0x75, 0x7d, 0xff, 0xd0, 0x00, 0x00, 0x00,
    0x00, 0x00, 0x00, 0x00, 0x00, 0x08, 0xff, 0x90, 0x00, 0x00, 0xbf, 0xf6, 0x00, 0x00, 0x00, 0x00,
    0x00, 0x00, 0x00, 0x00, 0x0d, 0xff, 0x00, 0x00, 0x00, 0x2f, 0xfa, 0x00, 0x00, 0x00, 0x00, 0x00,
    0x00, 0x00, 0x00, 0x0f, 0xfc, 0x00, 0x00, 0x00, 0x0f, 0xfb, 0x00, 0x00, 0x00, 0x00, 0x00, 0x00,
    0x00, 0x00, 0x0d, 0xfe, 0x00, 0x00, 0x00, 0x1f, 0xf9, 0x00, 0x00, 0x6f, 0xf5, 0x00, 0x00, 0x00,
    0x00, 0x0a, 0xff, 0x30, 0x00, 0x00, 0x8f, 0xf5, 0x00, 0x00, 0x4f, 0xf7, 0x00, 0x00, 0x00, 0x00,
    0x04, 0xff, 0xc0, 0x00, 0x07, 0xff, 0xc0, 0x00, 0x00, 0x3f, 0xf8, 0x00, 0x00, 0x00, 0x00, 0x00,
    0x9f, 0xfc, 0x35, 0xdf, 0xfc, 0x10, 0x00, 0x00, 0x4f, 0xf7, 0x00, 0x00, 0x00, 0x00, 0x00, 0x0a,
    0xff, 0xff, 0xfe, 0x70, 0x00, 0x00, 0x00, 0x5f, 0xf5, 0x00, 0x00, 0x00, 0x00, 0x00, 0x3b, 0xff,
    0xff, 0xf8, 0x00, 0x00, 0x00, 0x00, 0x8f, 0xf2, 0x00, 0x00, 0x00, 0x00, 0x09, 0xff, 0xfc, 0xaf,
    0xff, 0xe5, 0x00, 0x00, 0x00, 0xbf, 0xe0, 0x00, 0x00, 0x00, 0x00, 0xbf, 0xfd, 0x40, 0x01, 0x9f,
    0xff, 0x70, 0x00, 0x00, 0xff, 0x90, 0x00, 0x00, 0x00, 0x09, 0xff, 0xb0, 0x00, 0x00, 0x04, 0xef,
    0xf7, 0x00, 0x05, 0xff, 0x50, 0x00, 0x00, 0x00, 0x3f, 0xfd, 0x00, 0x00, 0x00, 0x00, 0x2e, 0xff,
    0x50, 0x0c, 0xfe, 0x00, 0x00, 0x00, 0x00, 0x9f, 0xf6, 0x00, 0x00, 0x00, 0x00, 0x03, 0xff, 0xf2,
    0x5f, 0xf6, 0x00, 0x00, 0x00, 0x00, 0xcf, 0xf2, 0x00, 0x00, 0x00, 0x00, 0x00, 0x6f, 0xfc, 0xef,
    0xe0, 0x00, 0x00, 0x00, 0x00, 0xef, 0xf0, 0x00, 0x00, 0x00, 0x00, 0x00, 0x0a, 0xff, 0xff, 0x50,
    0x00, 0x00, 0x00, 0x00, 0xdf, 0xf1, 0x00, 0x00, 0x00, 0x00, 0x00, 0x01, 0xef, 0xfb, 0x00, 0x00,
    0x00, 0x00, 0x00, 0xbf, 0xf6, 0x00, 0x00, 0x00, 0x00, 0x00, 0x04, 0xff, 0xfc, 0x00, 0x00, 0x00,
    0x00, 0x00, 0x6f, 0xfe, 0x10, 0x00, 0x00, 0x00, 0x00, 0x6f, 0xff, 0xff, 0x90, 0x00, 0x00, 0x00,
    0x00, 0x0d, 0xff, 0xd3, 0x00, 0x00, 0x00, 0x4c, 0xff, 0xf6, 0xef, 0xf9, 0x00, 0x00, 0x00, 0x00,
    0x03, 0xff, 0xff, 0xc9, 0x88, 0xae, 0xff, 0xfd, 0x30, 0x3f, 0xff, 0xeb, 0xcf, 0x10, 0x00, 0x00,
    0x2c, 0xff, 0xff, 0xff, 0xff, 0xff, 0x80, 0x00, 0x04, 0xff, 0xff, 0xff, 0x10, 0x00, 0x00, 0x00,
    0x49, 0xce, 0xff, 0xda, 0x50, 0x00, 0x00, 0x00, 0x2a, 0xef, 0xea, 0x00, 0x00, 0x2f, 0xf6, 0x00,
    0x00, 0x2f, 0xf6, 0x00, 0x00, 0x2f, 0xf6, 0x00, 0x00, 0x2f, 0xf6, 0x00, 0x00, 0x2f, 0xf6, 0x00,
    0x00, 0x2f, 0xf6, 0x00, 0x00, 0x2f, 0xf6, 0x00, 0x00, 0x2f, 0xf6, 0x00, 0x00, 0x00, 0x00, 0x00,
    0x00, 0x00, 0x00, 0x00, 0x00, 0x00, 0x00, 0x00, 0x00, 0x00, 0x00, 0x00, 0x00, 0x00, 0x00, 0x00,
    0x00, 0x00, 0x00, 0x00, 0x00, 0x00, 0x00, 0x00, 0x00, 0x00, 0x00, 0x00, 0x00, 0x00, 0x00, 0x00,
    0x00, 0x00, 0x00, 0x00, 0x00, 0x00, 0x00, 0x00, 0x00, 0x00, 0x00, 0x00, 0x00, 0x00, 0x00, 0x00,
    0x00, 0x00, 0x00, 0x00, 0x00, 0x00, 0x00, 0x00, 0x00, 0x00, 0x00, 0x00, 0x00, 0x00, 0x00, 0x00,
    0x00, 0x00, 0x00, 0x00, 0x00, 0x00, 0x00, 0x07, 0xff, 0x20, 0x00, 0x00, 0x00, 0x3f, 0xf6, 0x00,
    0x00, 0x00, 0x00, 0xdf, 0xc0, 0x00, 0x00, 0x00, 0x07, 0xff, 0x20, 0x00, 0x00, 0x00, 0x0e, 0xfa,
    0x00, 0x00, 0x00, 0x00, 0x7f, 0xf2, 0x00, 0x00, 0x00, 0x00, 0xdf, 0xc0, 0x00, 0x00, 0x00, 0x03,
    0xff, 0x60, 0x00, 0x00, 0x00, 0x08, 0xff, 0x10, 0x00, 0x00, 0x00, 0x0c, 0xfc, 0x00, 0x00, 0x00,
    0x00, 0x0f, 0xf9, 0x00, 0x00, 0x00, 0x00, 0x2f, 0xf6, 0x00, 0x00, 0x00, 0x00, 0x4f, 0xf3, 0x00,
    0x00, 0x00, 0x00, 0x6f, 0xf2, 0x00, 0x00, 0x00, 0x00, 0x7f, 0xf0, 0x00, 0x00, 0x00, 0x00, 0x8f,
    0xf0, 0x00, 0x00, 0x00, 0x00, 0x8f, 0xf0, 0x00, 0x00, 0x00, 0x00, 0x7f, 0xf0, 0x00, 0x00, 0x00,
    0x00, 0x6f, 0xf1, 0x00, 0x00, 0x00, 0x00, 0x5f, 0xf3, 0x00, 0x00, 0x00, 0x00, 0x3f, 0xf5, 0x00,
    0x00, 0x00, 0x00, 0x0f, 0xf8, 0x00, 0x00, 0x00, 0x00, 0x0d, 0xfc, 0x00, 0x00, 0x00, 0x00, 0x08,
    0xff, 0x00, 0x00, 0x00, 0x00, 0x04, 0xff, 0x50, 0x00, 0x00, 0x00, 0x00, 0xef, 0xb0, 0x00, 0x00,
    0x00, 0x00, 0x8f, 0xf2, 0x00, 0x00, 0x00, 0x00, 0x1f, 0xf9, 0x00, 0x00, 0x00, 0x00, 0x08, 0xff,
    0x20, 0x00, 0x00, 0x00, 0x00, 0xdf, 0xb0, 0x00, 0x00, 0x00, 0x00, 0x4f, 0xf5, 0x00, 0x00, 0x00,
    0x00, 0x07, 0xff, 0x20, 0x4f, 0xf5, 0x00, 0x00, 0x00, 0x00, 0x08, 0xff, 0x20, 0x00, 0x00, 0x00,
    0x00, 0xdf, 0xc0, 0x00, 0x00, 0x00, 0x00, 0x4f, 0xf5, 0x00, 0x00, 0x00, 0x00, 0x0c, 0xfd, 0x00,
    0x00, 0x00, 0x00, 0x04, 0xff, 0x50, 0x00, 0x00, 0x00, 0x00, 0xdf, 0xc0, 0x00, 0x00, 0x00, 0x00,
    0x7f, 0xf2, 0x00, 0x00, 0x00, 0x00, 0x2f, 0xf6, 0x00, 0x00, 0x00, 0x00, 0x0e, 0xfb, 0x00, 0x00,
    0x00, 0x00, 0x0a, 0xfe, 0x00, 0x00, 0x00, 0x00, 0x07, 0xff, 0x10, 0x00, 0x00, 0x00, 0x05, 0xff,
    0x30, 0x00, 0x00, 0x00, 0x03, 0xff, 0x50, 0x00, 0x00, 0x00, 0x02, 0xff, 0x60, 0x00, 0x00, 0x00,
    0x01, 0xff, 0x70, 0x00, 0x00, 0x00, 0x01, 0xff, 0x70, 0x00, 0x00, 0x00, 0x02, 0xff, 0x60, 0x00,
    0x00, 0x00, 0x03, 0xff, 0x50, 0x00, 0x00, 0x00, 0x05, 0xff, 0x40, 0x00, 0x00, 0x00, 0x07, 0xff,
    0x20, 0x00, 0x00, 0x00, 0x0a, 0xff, 0x00, 0x00, 0x00, 0x00, 0x0d, 0xfb, 0x00, 0x00, 0x00, 0x00,
    0x2f, 0xf7, 0x00, 0x00, 0x00, 0x00, 0x6f, 0xf2, 0x00, 0x00, 0x00, 0x00, 0xdf, 0xd0, 0x00, 0x00,
    0x00, 0x03, 0xff, 0x60, 0x00, 0x00, 0x00, 0x0b, 0xfe, 0x00, 0x00, 0x00, 0x00, 0x3f, 0xf6, 0x00,
    0x00, 0x00, 0x00, 0xcf, 0xc0, 0x00, 0x00, 0x00, 0x07, 0xff, 0x20, 0x00, 0x00, 0x00, 0x3f, 0xf5,
    0x00, 0x00, 0x00, 0x00, 0x00, 0x00, 0x00, 0xaf, 0xb0, 0x00, 0x00, 0x00, 0x00, 0x00, 0x00, 0x9f,
    0xa0, 0x00, 0x00, 0x00, 0x00, 0x00, 0x00, 0x7f, 0x90, 0x00, 0x00, 0x00, 0x00, 0x00, 0x00, 0x6f,
    0x80, 0x00, 0x00, 0x00, 0x01, 0xd7, 0x10, 0x5f, 0x60, 0x17, 0xd2, 0x00, 0x06, 0xff, 0xfb, 0x9f,
    0x9a, 0xff, 0xf7, 0x00, 0x02, 0x7a, 0xef, 0xff, 0xff, 0xea, 0x73, 0x00, 0x00, 0x00, 0x03, 0xff,
    0xf4, 0x00, 0x00, 0x00, 0x00, 0x00, 0x0b, 0xfe, 0xfc, 0x00, 0x00, 0x00, 0x00, 0x00, 0x7f, 0xe1,
    0xdf, 0x80, 0x00, 0x00, 0x00, 0x03, 0xff, 0x60, 0x4f, 0xf4, 0x00, 0x00, 0x00, 0x0d, 0xfc, 0x00,
    0x0b, 0xfe, 0x00, 0x00, 0x00, 0x04, 0xe3, 0x00, 0x02, 0xe5, 0x00, 0x00, 0x00, 0x00, 0x00, 0x00,
    0x00, 0x00, 0x00, 0x00, 0x00, 0x00, 0x00, 0x00, 0x00, 0x00, 0x00, 0x00, 0x00, 0x00, 0x00, 0x00,
    0x00, 0x00, 0x00, 0x00, 0x00, 0x00, 0x00, 0x00, 0x00, 0x00, 0x00, 0x00, 0x00, 0x00, 0x00, 0x00,
    0x00, 0x00, 0x00, 0x00, 0x00, 0x00, 0x00, 0x00, 0x00, 0x00, 0x00, 0x00, 0x00, 0x00, 0x00, 0x00,
    0x00, 0x00, 0x00, 0x00, 0x00, 0x00, 0x00, 0x00, 0x00, 0x00, 0x00, 0x00, 0x00, 0x00, 0x00, 0x00,
    0x00, 0x00, 0x00, 0x00, 0x00, 0x00, 0x00, 0x00, 0x00, 0x00, 0x00, 0x00, 0x00, 0x00, 0x00, 0x00,
    0x00, 0x00, 0x00, 0x00, 0x00, 0x00, 0x00, 0x00, 0x00, 0x00, 0x00, 0x00, 0x00, 0x00, 0x00, 0x00,
    0x00, 0x00, 0x00, 0x00, 0x00, 0x00, 0x00, 0x00, 0x00, 0x0d, 0xf8, 0x00, 0x00, 0x00, 0x00, 0x00,
    0x00, 0x00, 0x00, 0x00, 0x00, 0x00, 0x0d, 0xf8, 0x00, 0x00, 0x00, 0x00, 0x00, 0x00, 0x00, 0x00,
    0x00, 0x00, 0x00, 0x0d, 0xf8, 0x00, 0x00, 0x00, 0x00, 0x00, 0x00, 0x00, 0x00, 0x00, 0x00, 0x00,
    0x0d, 0xf8, 0x00, 0x00, 0x00, 0x00, 0x00, 0x00, 0x00, 0x00, 0x00, 0x00, 0x00, 0x0d, 0xf8, 0x00,
    0x00, 0x00, 0x00, 0x00, 0x00, 0x00, 0x00, 0x00, 0x00, 0x00, 0x0d, 0xf8, 0x00, 0x00, 0x00, 0x00,
    0x00, 0x00, 0x00, 0x00, 0x00, 0x00, 0x00, 0x0d, 0xf8, 0x00, 0x00, 0x00, 0x00, 0x00, 0x00, 0x00,
    0x00, 0xef, 0xff, 0xff, 0xff, 0xff, 0xff, 0xff, 0xff, 0x90, 0x00, 0x00, 0x00, 0x00, 0xef, 0xff,
    0xff, 0xff, 0xff, 0xff, 0xff, 0xff, 0x90, 0x00, 0x00, 0x00, 0x00, 0x55, 0x55, 0x55, 0x5e, 0xfa,
    0x55, 0x55, 0x55, 0x30, 0x00, 0x00, 0x00, 0x00, 0x00, 0x00, 0x00, 0x0d, 0xf8, 0x00, 0x00, 0x00,
    0x00, 0x00, 0x00, 0x00, 0x00, 0x00, 0x00, 0x00, 0x0d, 0xf8, 0x00, 0x00, 0x00, 0x00, 0x00, 0x00,
    0x00, 0x00, 0x00, 0x00, 0x00, 0x0d, 0xf8, 0x00, 0x00, 0x00, 0x00, 0x00, 0x00, 0x00, 0x00, 0x00,
    0x00, 0x00, 0x0d, 0xf8, 0x00, 0x00, 0x00, 0x00, 0x00, 0x00, 0x00, 0x00, 0x00, 0x00, 0x00, 0x0d,
    0xf8, 0x00, 0x00, 0x00, 0x00, 0x00, 0x00, 0x00, 0x00, 0x00, 0x00, 0x00, 0x0d, 0xf8, 0x00, 0x00,
    0x00, 0x00, 0x00, 0x00, 0x00, 0x00, 0x00, 0x00, 0x00, 0x04, 0x52, 0x00, 0x00, 0x00, 0x00, 0x00,
    0x00, 0x00, 0x00, 0x00, 0x00, 0x00, 0x00, 0x00, 0x00, 0x00, 0x00, 0x00, 0x00, 0x00, 0x00, 0x00,
    0x00, 0x00, 0x00, 0x00, 0x00, 0x00, 0x00, 0x00, 0x00, 0x00, 0x00, 0x00, 0x5f, 0xf6, 0x00, 0x00,
    0x9f, 0xf1, 0x00, 0x00, 0xdf, 0xc0, 0x00, 0x00, 0xff, 0x70, 0x00, 0x04, 0xff, 0x20, 0x00, 0x08,
    0xfd, 0x00, 0x00, 0x0b, 0xf8, 0x00, 0x00, 0x0f, 0xf3, 0x00, 0x00, 0x3f, 0xe0, 0x00, 0x00, 0x00,
    0x7f, 0xff, 0xff, 0xff, 0xff, 0x20, 0x00, 0x7f, 0xff, 0xff, 0xff, 0xff, 0x20, 0x00, 0x14, 0x44,
    0x44, 0x44, 0x44, 0x00, 0x00, 0x00, 0x00, 0x00, 0x00, 0x00, 0x00, 0x00, 0x00, 0x00, 0x00, 0x00,
    0x00, 0x00, 0x00, 0x00, 0x00, 0x00, 0x00, 0x00, 0x00, 0x00, 0x00, 0x00, 0x00, 0x00, 0x00, 0x00,
    0x00, 0x00, 0x00, 0x00, 0x00, 0x00, 0x00, 0x00, 0x00, 0x00, 0x00, 0x00, 0x00, 0x00, 0x00, 0x00,
    0x00, 0x00, 0x00, 0x00, 0x00, 0x00, 0x00, 0x00, 0x00, 0x00, 0x00, 0x00, 0x00, 0x5e, 0xd3, 0x00,
    0x00, 0xef, 0xfc, 0x00, 0x00, 0xef, 0xfc, 0x00, 0x00, 0x5e, 0xd3, 0x00, 0x00, 0x00, 0x00, 0x00,
    0x00, 0x00, 0xaf, 0xf1, 0x00, 0x00, 0x00, 0x00, 0x00, 0x01, 0xff, 0xb0, 0x00, 0x00, 0x00, 0x00,
    0x00, 0x07, 0xff, 0x40, 0x00, 0x00, 0x00, 0x00, 0x00, 0x0d, 0xfd, 0x00, 0x00, 0x00, 0x00, 0x00,
    0x00, 0x3f, 0xf7, 0x00, 0x00, 0x00, 0x00, 0x00, 0x00, 0xaf, 0xf1, 0x00, 0x00, 0x00, 0x00, 0x00,
    0x01, 0xff, 0xa0, 0x00, 0x00, 0x00, 0x00, 0x00, 0x07, 0xff, 0x40, 0x00, 0x00, 0x00, 0x00, 0x00,
    0x0d, 0xfd, 0x00, 0x00, 0x00, 0x00, 0x00, 0x00, 0x4f, 0xf7, 0x00, 0x00, 0x00, 0x00, 0x00, 0x00,
    0xaf, 0xf1, 0x00, 0x00, 0x00, 0x00, 0x00, 0x01, 0xff, 0xa0, 0x00, 0x00, 0x00, 0x00, 0x00, 0x07,
    0xff, 0x30, 0x00, 0x00, 0x00, 0x00, 0x00, 0x0d, 0xfd, 0x00, 0x00, 0x00, 0x00, 0x00, 0x00, 0x4f,
    0xf7, 0x00, 0x00, 0x00, 0x00, 0x00, 0x00, 0xaf, 0xf1, 0x00, 0x00, 0x00, 0x00, 0x00, 0x01, 0xff,
    0xa0, 0x00, 0x00, 0x00, 0x00, 0x00, 0x07, 0xff, 0x30, 0x00, 0x00, 0x00, 0x00, 0x00, 0x0d, 0xfd,
    0x00, 0x00, 0x00, 0x00, 0x00, 0x00, 0x4f, 0xf6, 0x00, 0x00, 0x00, 0x00, 0x00, 0x00, 0xaf, 0xf0,
    0x00, 0x00, 0x00, 0x00, 0x00, 0x01, 0xff, 0x90, 0x00, 0x00, 0x00, 0x00, 0x00, 0x07, 0xff, 0x30,
    0x00, 0x00, 0x00, 0x00, 0x00, 0x0e, 0xfc, 0x00, 0x00, 0x00, 0x00, 0x00, 0x00, 0x4f, 0xf6, 0x00,
    0x00, 0x00, 0x00, 0x00, 0x00, 0xbf, 0xf0, 0x00, 0x00, 0x00, 0x00, 0x00, 0x01, 0xff, 0x90, 0x00,
    0x00, 0x00, 0x00, 0x00, 0x07, 0xff, 0x30, 0x00, 0x00, 0x00, 0x00, 0x00, 0x0e, 0xfc, 0x00, 0x00,
    0x00, 0x00, 0x00, 0x00, 0x4f, 0xf6, 0x00, 0x00, 0x00, 0x00, 0x00, 0x00, 0x00, 0x00, 0x00, 0x28,
    0xdf, 0xfd, 0x82, 0x00, 0x00, 0x00, 0x00, 0x00, 0x07, 0xff, 0xff, 0xff, 0xff, 0x60, 0x00, 0x00,
    0x00, 0x00, 0x8f, 0xff, 0xa7, 0x8c, 0xff, 0xf6, 0x00, 0x00, 0x00, 0x04, 0xff, 0xe3, 0x00, 0x00,
    0x7f, 0xff, 0x10, 0x00, 0x00, 0x0d, 0xff, 0x30, 0x00, 0x00, 0x0a, 0xff, 0x90, 0x00, 0x00, 0x4f,
    0xfb, 0x00, 0x00, 0x00, 0x02, 0xff, 0xe0, 0x00, 0x00, 0x9f, 0xf4, 0x00, 0x00, 0x00, 0x00, 0xcf,
    0xf3, 0x00, 0x00, 0xef, 0xf0, 0x00, 0x00, 0x00, 0x00, 0x8f, 0xf7, 0x00, 0x00, 0xff, 0xd0, 0x00,
    0x00, 0x00, 0x00, 0x5f, 0xf9, 0x00, 0x03, 0xff, 0xb0, 0x00, 0x00, 0x00, 0x00, 0x3f, 0xfc, 0x00,
    0x05, 0xff, 0x90, 0x00, 0x00, 0x00, 0x00, 0x1f, 0xfd, 0x00, 0x06, 0xff, 0x80, 0x00, 0x00, 0x00,
    0x00, 0x1f, 0xfe, 0x00, 0x07, 0xff, 0x70, 0x00, 0x00, 0x00, 0x00, 0x0f, 0xfe, 0x00, 0x07, 0xff,
    0x70, 0x00, 0x00, 0x00, 0x00, 0x0f, 0xfe, 0x00, 0x07, 0xff, 0x80, 0x00, 0x00, 0x00, 0x00, 0x1f,
    0xfd, 0x00, 0x06, 0xff, 0x80, 0x00, 0x00, 0x00, 0x00, 0x1f, 0xfc, 0x00, 0x05, 0xff, 0xa0, 0x00,
    0x00, 0x00, 0x00, 0x3f, 0xfa, 0x00, 0x02, 0xff, 0xc0, 0x00, 0x00, 0x00, 0x00, 0x5f, 0xf8, 0x00,
    0x00, 0xff, 0xf0, 0x00, 0x00, 0x00, 0x00, 0x8f, 0xf5, 0x00, 0x00, 0xcf, 0xf3, 0x00, 0x00, 0x00,
    0x00, 0xcf, 0xf1, 0x00, 0x00, 0x7f, 0xf9, 0x00, 0x00, 0x00, 0x02, 0xff, 0xb0, 0x00, 0x00, 0x1f,
    0xff, 0x20, 0x00, 0x00, 0x0a, 0xff, 0x40, 0x00, 0x00, 0x08, 0xff, 0xd2, 0x00, 0x00, 0x8f, 0xfb,
    0x00, 0x00, 0x00, 0x00, 0xcf, 0xff, 0xa8, 0x9d, 0xff, 0xe1, 0x00, 0x00, 0x00, 0x00, 0x1b, 0xff,
    0xff, 0xff, 0xfc, 0x20, 0x00, 0x00, 0x00, 0x00, 0x00, 0x5b, 0xef, 0xeb, 0x50, 0x00, 0x00, 0x00,
    0x00, 0x00, 0x00, 0x00, 0x00, 0x2d, 0xb0, 0x00, 0x00, 0x00, 0x00, 0x00, 0x00, 0x00, 0x07, 0xff,
    0xb0, 0x00, 0x00, 0x00, 0x00, 0x00, 0x00, 0x05, 0xdf, 0xff, 0xb0, 0x00, 0x00, 0x00, 0x00, 0x00,
    0x16, 0xdf, 0xff, 0xff, 0xb0, 0x00, 0x00, 0x00, 0x00, 0x00, 0xff, 0xff, 0xe7, 0xff, 0xb0, 0x00,
    0x00, 0x00, 0x00, 0x00, 0xff, 0xf9, 0x12, 0xff, 0xb0, 0x00, 0x00, 0x00, 0x00, 0x00, 0xd8, 0x10,
    0x02, 0xff, 0xb0, 0x00, 0x00, 0x00, 0x00, 0x00, 0x00, 0x00, 0x02, 0xff, 0xb0, 0x00, 0x00, 0x00,
    0x00, 0x00, 0x00, 0x00, 0x02, 0xff, 0xb0, 0x00, 0x00, 0x00, 0x00, 0x00, 0x00, 0x00, 0x02, 0xff,
    0xb0, 0x00, 0x00, 0x00, 0x00, 0x00, 0x00, 0x00, 0x02, 0xff, 0xb0, 0x00, 0x00, 0x00, 0x00, 0x00,
    0x00, 0x00, 0x02, 0xff, 0xb0, 0x00, 0x00, 0x00, 0x00, 0x00, 0x00, 0x00, 0x02, 0xff, 0xb0, 0x00,
    0x00, 0x00, 0x00, 0x00, 0x00, 0x00, 0x02, 0xff, 0xb0, 0x00, 0x00, 0x00, 0x00, 0x00, 0x00, 0x00,
    0x02, 0xff, 0xb0, 0x00, 0x00, 0x00, 0x00, 0x00, 0x00, 0x00, 0x02, 0xff, 0xb0, 0x00, 0x00, 0x00,
    0x00, 0x00, 0x00, 0x00, 0x02, 0xff, 0xb0, 0x00, 0x00, 0x00, 0x00, 0x00, 0x00, 0x00, 0x02, 0xff,
    0xb0, 0x00, 0x00, 0x00, 0x00, 0x00, 0x00, 0x00, 0x02, 0xff, 0xb0, 0x00, 0x00, 0x00, 0x00, 0x00,
    0x00, 0x00, 0x02, 0xff, 0xb0, 0x00, 0x00, 0x00, 0x00, 0x00, 0x00, 0x00, 0x02, 0xff, 0xb0, 0x00,
    0x00, 0x00, 0x00, 0x00, 0x00, 0x00, 0x02, 0xff, 0xb0, 0x00, 0x00, 0x00, 0x00, 0x00, 0x00, 0x00,
    0x02, 0xff, 0xb0, 0x00, 0x00, 0x00, 0x00, 0x00, 0x00, 0x00, 0x02, 0xff, 0xb0, 0x00, 0x00, 0x00,
    0x00, 0x00, 0x00, 0x00, 0x02, 0xff, 0xb0, 0x00, 0x00, 0x00, 0x00, 0x00, 0x00, 0x00, 0x02, 0xff,
    0xb0, 0x00, 0x00, 0x00, 0x00, 0x00, 0x03, 0x9d, 0xef, 0xeb, 0x60, 0x00, 0x00, 0x00, 0x00, 0x00,
    0xaf, 0xff, 0xff, 0xff, 0xfd, 0x20, 0x00, 0x00, 0x00, 0x0d, 0xff, 0xfa, 0x77, 0xaf, 0xff, 0xe2,
    0x00, 0x00, 0x00, 0x1f, 0xf9, 0x10, 0x00, 0x02, 0xdf, 0xfb, 0x00, 0x00, 0x00, 0x1f, 0x50, 0x00,
    0x00, 0x00, 0x2f, 0xff, 0x10, 0x00, 0x00, 0x15, 0x00, 0x00, 0x00, 0x00, 0x0a, 0xff, 0x50, 0x00,
    0x00, 0x00, 0x00, 0x00, 0x00, 0x00, 0x07, 0xff, 0x70, 0x00, 0x00, 0x00, 0x00, 0x00, 0x00, 0x00,
    0x07, 0xff, 0x70, 0x00, 0x00, 0x00, 0x00, 0x00, 0x00, 0x00, 0x09, 0xff, 0x60, 0x00, 0x00, 0x00,
    0x00, 0x00, 0x00, 0x00, 0x0c, 0xff, 0x20, 0x00, 0x00, 0x00, 0x00, 0x00, 0x00, 0x00, 0x3f, 0xfd,
    0x00, 0x00, 0x00, 0x00, 0x00, 0x00, 0x00, 0x00, 0xcf, 0xf5, 0x00, 0x00, 0x00, 0x00, 0x00, 0x00,
    0x00, 0x0a, 0xff, 0xb0, 0x00, 0x00, 0x00, 0x00, 0x00, 0x00, 0x00, 0xbf, 0xfd, 0x10, 0x00, 0x00,
    0x00, 0x00, 0x00, 0x00, 0x2d, 0xff, 0xc1, 0x00, 0x00, 0x00, 0x00, 0x00, 0x00, 0x05, 0xff, 0xfa,
    0x00, 0x00, 0x00, 0x00, 0x00, 0x00, 0x00, 0x8f, 0xff, 0x60, 0x00, 0x00, 0x00, 0x00, 0x00, 0x00,
    0x0b, 0xff, 0xd2, 0x00, 0x00, 0x00, 0x00, 0x00, 0x00, 0x00, 0xbf, 0xfa, 0x00, 0x00, 0x00, 0x00,
    0x00, 0x00, 0x00, 0x08, 0xff, 0x90, 0x00, 0x00, 0x00, 0x00, 0x00, 0x00, 0x00, 0x2f, 0xfc, 0x00,
    0x00, 0x00, 0x00, 0x00, 0x00, 0x00, 0x00, 0x9f, 0xf4, 0x00, 0x00, 0x00, 0x00, 0x00, 0x00, 0x00,
    0x00, 0xdf, 0xf0, 0x00, 0x00, 0x00, 0x00, 0x00, 0x00, 0x00, 0x00, 0xff, 0xf9, 0x99, 0x99, 0x99,
    0x99, 0x99, 0x94, 0x00, 0x01, 0xff, 0xff, 0xff, 0xff, 0xff, 0xff, 0xff, 0xf7, 0x00, 0x01, 0xff,
    0xff, 0xff, 0xff, 0xff, 0xff, 0xff, 0xf7, 0x00, 0x00, 0x00, 0x49, 0xce, 0xff, 0xd9, 0x30, 0x00,
    0x00, 0x00, 0x00, 0x0b, 0xff, 0xff, 0xff, 0xff, 0xfa, 0x00, 0x00, 0x00, 0x00, 0x0e, 0xfd, 0x97,
    0x78, 0xcf, 0xff, 0xb0, 0x00, 0x00, 0x00, 0x0a, 0x40, 0x00, 0x00, 0x05, 0xff, 0xf5, 0x00, 0x00,
    0x00, 0x00, 0x00, 0x00, 0x00, 0x00, 0x8f, 0xfa, 0x00, 0x00, 0x00, 0x00, 0x00, 0x00, 0x00, 0x00,
    0x3f, 0xfc, 0x00, 0x00, 0x00, 0x00, 0x00, 0x00, 0x00, 0x00, 0x2f, 0xfc, 0x00, 0x00, 0x00, 0x00,
    0x00, 0x00, 0x00, 0x00, 0x3f, 0xfa, 0x00, 0x00, 0x00, 0x00, 0x00, 0x00, 0x00, 0x00, 0x8f, 0xf5,
    0x00, 0x00, 0x00, 0x00, 0x00, 0x00, 0x00, 0x04, 0xff, 0xc0, 0x00, 0x00, 0x00, 0x00, 0x00, 0x00,
    0x25, 0xaf, 0xfc, 0x10, 0x00, 0x00, 0x00, 0x00, 0x5f, 0xff, 0xff, 0xfc, 0x60, 0x00, 0x00, 0x00,
    0x00, 0x00, 0x5f, 0xff, 0xff, 0xfc, 0x71, 0x00, 0x00, 0x00, 0x00, 0x00, 0x27, 0x77, 0x8b, 0xff,
    0xff, 0x60, 0x00, 0x00, 0x00, 0x00, 0x00, 0x00, 0x00, 0x06, 0xff, 0xf7, 0x00, 0x00, 0x00, 0x00,
    0x00, 0x00, 0x00, 0x00, 0x3f, 0xff, 0x10, 0x00, 0x00, 0x00, 0x00, 0x00, 0x00, 0x00, 0x09, 0xff,
    0x70, 0x00, 0x00, 0x00, 0x00, 0x00, 0x00, 0x00, 0x05, 0xff, 0xa0, 0x00, 0x00, 0x00, 0x00, 0x00,
    0x00, 0x00, 0x03, 0xff, 0xb0, 0x00, 0x00, 0x00, 0x00, 0x00, 0x00, 0x00, 0x05, 0xff, 0xa0, 0x00,
    0x00, 0x00, 0x00, 0x00, 0x00, 0x00, 0x09, 0xff, 0x60, 0x00, 0x00, 0x00, 0x00, 0x00, 0x00, 0x00,
    0x3f, 0xff, 0x10, 0x00, 0x00, 0xa5, 0x00, 0x00, 0x00, 0x05, 0xef, 0xf7, 0x00, 0x00, 0x00, 0xdf,
    0xfb, 0x97, 0x89, 0xdf, 0xff, 0xa0, 0x00, 0x00, 0x00, 0xcf, 0xff, 0xff, 0xff, 0xff, 0xf6, 0x00,
    0x00, 0x00, 0x00, 0x05, 0xad, 0xff, 0xfe, 0xb6, 0x00, 0x00, 0x00, 0x00, 0x00, 0x00, 0x00, 0x00,
    0x00, 0x06, 0xff, 0xf0, 0x00, 0x00, 0x00, 0x00, 0x00, 0x00, 0x00, 0x0d, 0xff, 0xf0, 0x00, 0x00,
    0x00, 0x00, 0x00, 0x00, 0x00, 0x5f, 0xff, 0xf0, 0x00, 0x00, 0x00, 0x00, 0x00, 0x00, 0x00, 0xef,
    0xff, 0xf0, 0x00, 0x00, 0x00, 0x00, 0x00, 0x00, 0x08, 0xff, 0xff, 0xf0, 0x00, 0x00, 0x00, 0x00,
    0x00, 0x00, 0x2f, 0xf7, 0xef, 0xf0, 0x00, 0x00, 0x00, 0x00, 0x00, 0x00, 0xcf, 0xd0, 0xef, 0xf0,
    0x00, 0x00, 0x00, 0x00, 0x00, 0x07, 0xff, 0x40, 0xef, 0xf0, 0x00, 0x00, 0x00, 0x00, 0x00, 0x2f,
    0xfa, 0x00, 0xef, 0xf0, 0x00, 0x00, 0x00, 0x00, 0x00, 0xcf, 0xe1, 0x00, 0xef, 0xf0, 0x00, 0x00,
    0x00, 0x00, 0x08, 0xff, 0x50, 0x00, 0xef, 0xf0, 0x00, 0x00, 0x00, 0x00, 0x4f, 0xfa, 0x00, 0x00,
    0xef, 0xf0, 0x00, 0x00, 0x00, 0x01, 0xef, 0xe1, 0x00, 0x00, 0xef, 0xf0, 0x00, 0x00, 0x00, 0x0b,
    0xff, 0x30, 0x00, 0x00, 0xef, 0xf0, 0x00, 0x00, 0x00, 0x9f, 0xf7, 0x00, 0x00, 0x00, 0xef, 0xf0,
    0x00, 0x00, 0x06, 0xff, 0xa0, 0x00, 0x00, 0x00, 0xef, 0xf0, 0x00, 0x00, 0x3f, 0xfd, 0x00, 0x00,
    0x00, 0x00, 0xef, 0xf0, 0x00, 0x00, 0xbf, 0xff, 0xff, 0xff, 0xff, 0xff, 0xff, 0xff, 0xff, 0x20,
    0xcf, 0xff, 0xff, 0xff, 0xff, 0xff, 0xff, 0xff, 0xff, 0x20, 0x7a, 0xaa, 0xaa, 0xaa, 0xaa, 0xaa,
    0xff, 0xfa, 0xaa, 0x10, 0x00, 0x00, 0x00, 0x00, 0x00, 0x00, 0xef, 0xf0, 0x00, 0x00, 0x00, 0x00,
    0x00, 0x00, 0x00, 0x00, 0xef, 0xf0, 0x00, 0x00, 0x00, 0x00, 0x00, 0x00, 0x00, 0x00, 0xef, 0xf0,
    0x00, 0x00, 0x00, 0x00, 0x00, 0x00, 0x00, 0x00, 0xef, 0xf0, 0x00, 0x00, 0x00, 0x00, 0x00, 0x00,
    0x00, 0x00, 0xef, 0xf0, 0x00, 0x00, 0x00, 0x00, 0x00, 0x00, 0x00, 0x00, 0xef, 0xf0, 0x00, 0x00,
    0x00, 0x00, 0xdf, 0xff, 0xff, 0xff, 0xff, 0xfe, 0x00, 0x00, 0x00, 0x00, 0xef, 0xff, 0xff, 0xff,
    0xff, 0xfe, 0x00, 0x00, 0x00, 0x00, 0xff, 0xe9, 0x99, 0x99, 0x99, 0x98, 0x00, 0x00, 0x00, 0x00,
    0xff, 0xa0, 0x00, 0x00, 0x00, 0x00, 0x00, 0x00, 0x00, 0x01, 0xff, 0x90, 0x00, 0x00, 0x00, 0x00,
    0x00, 0x00, 0x00, 0x02, 0xff, 0x80, 0x00, 0x00, 0x00, 0x00, 0x00, 0x00, 0x00, 0x03, 0xff, 0x70,
    0x00, 0x00, 0x00, 0x00, 0x00, 0x00, 0x00, 0x04, 0xff, 0x60, 0x00, 0x00, 0x00, 0x00, 0x00, 0x00,
    0x00, 0x05, 0xff, 0x40, 0x00, 0x00, 0x00, 0x00, 0x00, 0x00, 0x00, 0x06, 0xff, 0x30, 0x00, 0x00,
    0x00, 0x00, 0x00, 0x00, 0x00, 0x07, 0xff, 0xff, 0xfe, 0xd9, 0x40, 0x00, 0x00, 0x00, 0x00, 0x08,
    0xff, 0xff, 0xff, 0xff, 0xfc, 0x20, 0x00, 0x00, 0x00, 0x06, 0xa9, 0x88, 0x9b, 0xef, 0xff, 0xf3,
    0x00, 0x00, 0x00, 0x00, 0x00, 0x00, 0x00, 0x05, 0xef, 0xfe, 0x00, 0x00, 0x00, 0x00, 0x00, 0x00,
    0x00, 0x00, 0x2e, 0xff, 0x60, 0x00, 0x00, 0x00, 0x00, 0x00, 0x00, 0x00, 0x07, 0xff, 0xb0, 0x00,
    0x00, 0x00, 0x00, 0x00, 0x00, 0x00, 0x01, 0xff, 0xe0, 0x00, 0x00, 0x00, 0x00, 0x00, 0x00, 0x00,
    0x00, 0xff, 0xf0, 0x00, 0x00, 0x00, 0x00, 0x00, 0x00, 0x00, 0x00, 0xff, 0xf0, 0x00, 0x00, 0x00,
    0x00, 0x00, 0x00, 0x00, 0x02, 0xff, 0xd0, 0x00, 0x00, 0x00, 0x00, 0x00, 0x00, 0x00, 0x08, 0xff,
    0x90, 0x00, 0x00, 0x00, 0x00, 0x00, 0x00, 0x00, 0x2f, 0xff, 0x30, 0x00, 0x00, 0x1a, 0x30, 0x00,
    0x00, 0x05, 0xef, 0xf9, 0x00, 0x00, 0x00, 0x1f, 0xfd, 0xa8, 0x79, 0xdf, 0xff, 0xb0, 0x00, 0x00,
    0x00, 0x1f, 0xff, 0xff, 0xff, 0xff, 0xf8, 0x00, 0x00, 0x00, 0x00, 0x04, 0x9c, 0xef, 0xfe, 0xb7,
    0x10, 0x00, 0x00, 0x00, 0x00, 0x00, 0x00, 0x00, 0x39, 0xdf, 0xff, 0xda, 0x20, 0x00, 0x00, 0x00,
    0x00, 0x09, 0xff, 0xff, 0xff, 0xff, 0x60, 0x00, 0x00, 0x00, 0x01, 0xdf, 0xff, 0xb8, 0x78, 0x9c,
    0x60, 0x00, 0x00, 0x00, 0x0c, 0xff, 0xc2, 0x00, 0x00, 0x00, 0x00, 0x00, 0x00, 0x00, 0x8f, 0xfa,
    0x00, 0x00, 0x00, 0x00, 0x00, 0x00, 0x00, 0x02, 0xff, 0xd0, 0x00, 0x00, 0x00, 0x00, 0x00, 0x00,
    0x00, 0x09, 0xff, 0x40, 0x00, 0x00, 0x00, 0x00, 0x00, 0x00, 0x00, 0x0e, 0xfd, 0x00, 0x00, 0x00,
    0x00, 0x00, 0x00, 0x00, 0x00, 0x4f, 0xf8, 0x00, 0x00, 0x00, 0x00, 0x00, 0x00, 0x00, 0x00, 0x8f,
    0xf4, 0x00, 0x00, 0x00, 0x00, 0x00, 0x00, 0x00, 0x00, 0xbf, 0xf1, 0x04, 0xad, 0xfe, 0xc7, 0x10,
    0x00, 0x00, 0x00, 0xdf, 0xf0, 0x9f, 0xff, 0xff, 0xff, 0xf5, 0x00, 0x00, 0x00, 0xef, 0xf8, 0xff,
    0xb7, 0x7a, 0xff, 0xff, 0x40, 0x00, 0x00, 0xff, 0xff, 0xd3, 0x00, 0x00, 0x1b, 0xff, 0xe0, 0x00,
    0x00, 0xff, 0xff, 0x20, 0x00, 0x00, 0x00, 0xdf, 0xf6, 0x00, 0x00, 0xff, 0xf8, 0x00, 0x00, 0x00,
    0x00, 0x6f, 0xfb, 0x00, 0x00, 0xff, 0xf3, 0x00, 0x00, 0x00, 0x00, 0x2f, 0xfe, 0x00, 0x00, 0xdf,
    0xf2, 0x00, 0x00, 0x00, 0x00, 0x0f, 0xff, 0x00, 0x00, 0xaf, 0xf3, 0x00, 0x00, 0x00, 0x00, 0x0f,
    0xfe, 0x00, 0x00, 0x6f, 0xf6, 0x00, 0x00, 0x00, 0x00, 0x2f, 0xfc, 0x00, 0x00, 0x1f, 0xfc, 0x00,
    0x00, 0x00, 0x00, 0x7f, 0xf8, 0x00, 0x00, 0x0b, 0xff, 0x50, 0x00, 0x00, 0x01, 0xef, 0xf2, 0x00,
    0x00, 0x02, 0xff, 0xf5, 0x00, 0x00, 0x1c, 0xff, 0x90, 0x00, 0x00, 0x00, 0x6f, 0xff, 0xc8, 0x8a,
    0xff, 0xfc, 0x00, 0x00, 0x00, 0x00, 0x06, 0xff, 0xff, 0xff, 0xff, 0xa0, 0x00, 0x00, 0x00, 0x00,
    0x00, 0x28, 0xdf, 0xfd, 0x93, 0x00, 0x00, 0x00, 0x04, 0xff, 0xff, 0xff, 0xff, 0xff, 0xff, 0xff,
    0xfc, 0x00, 0x04, 0xff, 0xff, 0xff, 0xff, 0xff, 0xff, 0xff, 0xfb, 0x00, 0x02, 0x99, 0x99, 0x99,
    0x99, 0x99, 0x99, 0xef, 0xf4, 0x00, 0x00, 0x00, 0x00, 0x00, 0x00, 0x00, 0x02, 0xff, 0xb0, 0x00,
    0x00, 0x00, 0x00, 0x00, 0x00, 0x00, 0x0a, 0xff, 0x30, 0x00, 0x00, 0x00, 0x00, 0x00, 0x00, 0x00,
    0x3f, 0xfb, 0x00, 0x00, 0x00, 0x00, 0x00, 0x00, 0x00, 0x00, 0xbf, 0xf3, 0x00, 0x00, 0x00, 0x00,
    0x00, 0x00, 0x00, 0x02, 0xff, 0xb0, 0x00, 0x00, 0x00, 0x00, 0x00, 0x00, 0x00, 0x0a, 0xff, 0x30,
    0x00, 0x00, 0x00, 0x00, 0x00, 0x00, 0x00, 0x2f, 0xfc, 0x00, 0x00, 0x00, 0x00, 0x00, 0x00, 0x00,
    0x00, 0x9f, 0xf5, 0x00, 0x00, 0x00, 0x00, 0x00, 0x00, 0x00, 0x01, 0xff, 0xe0, 0x00, 0x00, 0x00,
    0x00, 0x00, 0x00, 0x00, 0x07, 0xff, 0x80, 0x00, 0x00, 0x00, 0x00, 0x00, 0x00, 0x00, 0x0d, 0xff,
    0x20, 0x00, 0x00, 0x00, 0x00, 0x00, 0x00, 0x00, 0x3f, 0xfb, 0x00, 0x00, 0x00, 0x00, 0x00, 0x00,
    0x00, 0x00, 0x9f, 0xf5, 0x00, 0x00, 0x00, 0x00, 0x00, 0x00, 0x00, 0x00, 0xff, 0xf0, 0x00, 0x00,
    0x00, 0x00, 0x00, 0x00, 0x00, 0x05, 0xff, 0xa0, 0x00, 0x00, 0x00, 0x00, 0x00, 0x00, 0x00, 0x0a,
    0xff, 0x50, 0x00, 0x00, 0x00, 0x00, 0x00, 0x00, 0x00, 0x0e, 0xff, 0x10, 0x00, 0x00, 0x00, 0x00,
    0x00, 0x00, 0x00, 0x4f, 0xfc, 0x00, 0x00, 0x00, 0x00, 0x00, 0x00, 0x00, 0x00, 0x8f, 0xf7, 0x00,
    0x00, 0x00, 0x00, 0x00, 0x00, 0x00, 0x00, 0xcf, 0xf3, 0x00, 0x00, 0x00, 0x00, 0x00, 0x00, 0x00,
    0x00, 0xff, 0xf0, 0x00, 0x00, 0x00, 0x00, 0x00, 0x00, 0x00, 0x03, 0xff, 0xd0, 0x00, 0x00, 0x00,
    0x00, 0x00, 0x00, 0x00, 0x06, 0xff, 0xb0, 0x00, 0x00, 0x00, 0x00, 0x00, 0x00, 0x00, 0x00, 0x4a,
    0xef, 0xec, 0x81, 0x00, 0x00, 0x00, 0x00, 0x00, 0x1b, 0xff, 0xff, 0xff, 0xff, 0x50, 0x00, 0x00,
    0x00, 0x00, 0xdf, 0xff, 0xa7, 0x8d, 0xff, 0xf6, 0x00, 0x00, 0x00, 0x08, 0xff, 0xd2, 0x00, 0x00,
    0x8f, 0xff, 0x10, 0x00, 0x00, 0x0f, 0xff, 0x30, 0x00, 0x00, 0x0b, 0xff, 0x70, 0x00, 0x00, 0x3f,
    0xfc, 0x00, 0x00, 0x00, 0x03, 0xff, 0xb0, 0x00, 0x00, 0x4f, 0xfa, 0x00, 0x00, 0x00, 0x01, 0xff,
    0xd0, 0x00, 0x00, 0x2f, 0xfb, 0x00, 0x00, 0x00, 0x02, 0xff, 0xb0, 0x00, 0x00, 0x0e, 0xff, 0x10,
    0x00, 0x00, 0x07, 0xff, 0x70, 0x00, 0x00, 0x07, 0xff, 0xa0, 0x00, 0x00, 0x2f, 0xfe, 0x00, 0x00,
    0x00, 0x00, 0xaf, 0xfc, 0x30, 0x16, 0xff, 0xf3, 0x00, 0x00, 0x00, 0x00, 0x08, 0xff, 0xff, 0xff,
    0xfe, 0x30, 0x00, 0x00, 0x00, 0x00, 0x19, 0xff, 0xff, 0xff, 0xfd, 0x40, 0x00, 0x00, 0x00, 0x02,
    0xef, 0xfd, 0x86, 0x6a, 0xff, 0xf8, 0x00, 0x00, 0x00, 0x1e, 0xff, 0x80, 0x00, 0x00, 0x2d, 0xff,
    0x70, 0x00, 0x00, 0x9f, 0xf9, 0x00, 0x00, 0x00, 0x01, 0xef, 0xf2, 0x00, 0x01, 0xff, 0xf1, 0x00,
    0x00, 0x00, 0x00, 0x8f, 0xf8, 0x00, 0x04, 0xff, 0xc0, 0x00, 0x00, 0x00, 0x00, 0x3f, 0xfc, 0x00,
    0x06, 0xff, 0xb0, 0x00, 0x00, 0x00, 0x00, 0x2f, 0xfe, 0x00, 0x05, 0xff, 0xd0, 0x00, 0x00, 0x00,
    0x00, 0x4f, 0xfd, 0x00, 0x02, 0xff, 0xf1, 0x00, 0x00, 0x00, 0x00, 0x8f, 0xfa, 0x00, 0x00, 0xdf,
    0xfa, 0x00, 0x00, 0x00, 0x02, 0xff, 0xf5, 0x00, 0x00, 0x5f, 0xff, 0x90, 0x00, 0x00, 0x4e, 0xff,
    0xd0, 0x00, 0x00, 0x08, 0xff, 0xff, 0xb9, 0x9d, 0xff, 0xfe, 0x20, 0x00, 0x00, 0x00, 0x6f, 0xff,
    0xff, 0xff, 0xff, 0xc2, 0x00, 0x00, 0x00, 0x00, 0x01, 0x7b, 0xef, 0xfd, 0x94, 0x00, 0x00, 0x00,
    0x00, 0x00, 0x00, 0x5a, 0xef, 0xec, 0x71, 0x00, 0x00, 0x00, 0x00, 0x00, 0x2d, 0xff, 0xff, 0xff,
    0xfe, 0x40, 0x00, 0x00, 0x00, 0x03, 0xff, 0xfe, 0x97, 0x9e, 0xff, 0xf3, 0x00, 0x00, 0x00, 0x1e,
    0xff, 0x80, 0x00, 0x00, 0x9f, 0xfd, 0x00, 0x00, 0x00, 0x8f, 0xfa, 0x00, 0x00, 0x00, 0x0b, 0xff,
    0x60, 0x00, 0x00, 0xef, 0xf1, 0x00, 0x00, 0x00, 0x02, 0xff, 0xc0, 0x00, 0x02, 0xff, 0xc0, 0x00,
    0x00, 0x00, 0x00, 0xcf, 0xf1, 0x00, 0x04, 0xff, 0xa0, 0x00, 0x00, 0x00, 0x00, 0x9f, 0xf4, 0x00,
    0x05, 0xff, 0xa0, 0x00, 0x00, 0x00, 0x00, 0x7f, 0xf7, 0x00, 0x03, 0xff, 0xc0, 0x00, 0x00, 0x00,
    0x00, 0x8f, 0xf8, 0x00, 0x00, 0xff, 0xf1, 0x00, 0x00, 0x00, 0x00, 0xdf, 0xf9, 0x00, 0x00, 0xbf,
    0xfa, 0x00, 0x00, 0x00, 0x06, 0xff, 0xfa, 0x00, 0x00, 0x3f, 0xff, 0x90, 0x00, 0x00, 0x8f, 0xff,
    0xf9, 0x00, 0x00, 0x08, 0xff, 0xff, 0xb9, 0xae, 0xff, 0x8f, 0xf8, 0x00, 0x00, 0x00, 0x7f, 0xff,
    0xff, 0xff, 0xf5, 0x5f, 0xf7, 0x00, 0x00, 0x00, 0x02, 0x9d, 0xff, 0xd9, 0x20, 0x7f, 0xf5, 0x00,
    0x00, 0x00, 0x00, 0x00, 0x00, 0x00, 0x00, 0x9f, 0xf2, 0x00, 0x00, 0x00, 0x00, 0x00, 0x00, 0x00,
    0x00, 0xdf, 0xf0, 0x00, 0x00, 0x00, 0x00, 0x00, 0x00, 0x00, 0x02, 0xff, 0xa0, 0x00, 0x00, 0x00,
    0x00, 0x00, 0x00, 0x00, 0x08, 0xff, 0x50, 0x00, 0x00, 0x00, 0x00, 0x00, 0x00, 0x00, 0x1f, 0xfe,
    0x00, 0x00, 0x00, 0x00, 0x00, 0x00, 0x00, 0x00, 0xcf, 0xf5, 0x00, 0x00, 0x00, 0x0a, 0x20, 0x00,
    0x00, 0x3d, 0xff, 0xa0, 0x00, 0x00, 0x00, 0x0f, 0xfc, 0x87, 0x9c, 0xff, 0xfc, 0x00, 0x00, 0x00,
    0x00, 0x0f, 0xff, 0xff, 0xff, 0xff, 0x80, 0x00, 0x00, 0x00, 0x00, 0x03, 0x8c, 0xef, 0xec, 0x72,
    0x00, 0x00, 0x00, 0x00, 0x00, 0x5e, 0xd3, 0x00, 0x00, 0xef, 0xfc, 0x00, 0x00, 0xef, 0xfc, 0x00,
    0x00, 0x5e, 0xd3, 0x00, 0x00, 0x00, 0x00, 0x00, 0x00, 0x00, 0x00, 0x00, 0x00, 0x00, 0x00, 0x00,
    0x00, 0x00, 0x00, 0x00, 0x00, 0x00, 0x00, 0x00, 0x00, 0x00, 0x00, 0x00, 0x00, 0x00, 0x00, 0x00,
    0x00, 0x00, 0x00, 0x00, 0x00, 0x00, 0x00, 0x00, 0x00, 0x00, 0x00, 0x00, 0x00, 0x5e, 0xd3, 0x00,
    0x00, 0xef, 0xfc, 0x00, 0x00, 0xef, 0xfc, 0x00, 0x00, 0x5e, 0xd3, 0x00, 0x00, 0x4e, 0xe4, 0x00,
    0x00, 0xef, 0xfd, 0x00, 0x00, 0xef, 0xfd, 0x00, 0x00, 0x4e, 0xe3, 0x00, 0x00, 0x00, 0x00, 0x00,
    0x00, 0x00, 0x00, 0x00, 0x00, 0x00, 0x00, 0x00, 0x00, 0x00, 0x00, 0x00, 0x00, 0x00, 0x00, 0x00,
    0x00, 0x00, 0x00, 0x00, 0x00, 0x00, 0x00, 0x00, 0x00, 0x00, 0x00, 0x00, 0x00, 0x00, 0x00, 0x00,
    0x00, 0x00, 0x00, 0x00, 0x00, 0x5f, 0xf6, 0x00, 0x00, 0x9f, 0xf1, 0x00, 0x00, 0xdf, 0xc0, 0x00,
    0x00, 0xff, 0x70, 0x00, 0x04, 0xff, 0x20, 0x00, 0x08, 0xfd, 0x00, 0x00, 0x0b, 0xf8, 0x00, 0x00,
    0x0f, 0xf3, 0x00, 0x00, 0x3f, 0xe0, 0x00, 0x00, 0x00, 0x00, 0x00, 0x00, 0x00, 0x00, 0x00, 0x00,
    0x00, 0x3a, 0x00, 0x00, 0x00, 0x00, 0x00, 0x00, 0x00, 0x00, 0x00, 0x00, 0x00, 0x2a, 0xfe, 0x00,
    0x00, 0x00, 0x00, 0x00, 0x00, 0x00, 0x00, 0x00, 0x00, 0x18, 0xff, 0xfc, 0x00, 0x00, 0x00, 0x00,
    0x00, 0x00, 0x00, 0x00, 0x00, 0x06, 0xef, 0xfe, 0x60, 0x00, 0x00, 0x00, 0x00, 0x00, 0x00, 0x00,
    0x00, 0x05, 0xdf, 0xff, 0x80, 0x00, 0x00, 0x00, 0x00, 0x00, 0x00, 0x00, 0x00, 0x03, 0xcf, 0xff,
    0x91, 0x00, 0x00, 0x00, 0x00, 0x00, 0x00, 0x00, 0x00, 0x01, 0xaf, 0xff, 0xb2, 0x00, 0x00, 0x00,
    0x00, 0x00, 0x00, 0x00, 0x00, 0x00, 0x8f, 0xff, 0xc4, 0x00, 0x00, 0x00, 0x00, 0x00, 0x00, 0x00,
    0x00, 0x00, 0x2e, 0xff, 0xe5, 0x00, 0x00, 0x00, 0x00, 0x00, 0x00, 0x00, 0x00, 0x00, 0x00, 0x1c,
    0xff, 0xfa, 0x20, 0x00, 0x00, 0x00, 0x00, 0x00, 0x00, 0x00, 0x00, 0x00, 0x00, 0x5c, 0xff, 0xfb,
    0x30, 0x00, 0x00, 0x00, 0x00, 0x00, 0x00, 0x00, 0x00, 0x00, 0x00, 0x4c, 0xff, 0xfb, 0x30, 0x00,
    0x00, 0x00, 0x00, 0x00, 0x00, 0x00, 0x00, 0x00, 0x00, 0x4c, 0xff, 0xfb, 0x40, 0x00, 0x00, 0x00,
    0x00, 0x00, 0x00, 0x00, 0x00, 0x00, 0x00, 0x4c, 0xff, 0xfc, 0x40, 0x00, 0x00, 0x00, 0x00, 0x00,
    0x00, 0x00, 0x00, 0x00, 0x00, 0x4c, 0xff, 0xfb, 0x00, 0x00, 0x00, 0x00, 0x00, 0x00, 0x00, 0x00,
    0x00, 0x00, 0x00, 0x4c, 0xfe, 0x00, 0x00, 0x00, 0x00, 0x00, 0x00, 0x00, 0x00, 0x00, 0x00, 0x00,
    0x00, 0x4b, 0x00, 0x00, 0x00, 0x00, 0x00, 0x00, 0x00, 0x00, 0x00, 0x00, 0x00, 0x00, 0x00, 0x00,
    0x00, 0x00, 0x00, 0x00, 0x00, 0x00, 0x00, 0x00, 0x00, 0x00, 0x00, 0x00, 0x00, 0x00, 0x00, 0x00,
    0x00, 0xef, 0xff, 0xff, 0xff, 0xff, 0xff, 0xff, 0xff, 0x90, 0x00, 0x00, 0x00, 0x00, 0xef, 0xff,
    0xff, 0xff, 0xff, 0xff, 0xff, 0xff, 0x90, 0x00, 0x00, 0x00, 0x00, 0x45, 0x55, 0x55, 0x55, 0x55,
    0x55, 0x55, 0x55, 0x30, 0x00, 0x00, 0x00, 0x00, 0x00, 0x00, 0x00, 0x00, 0x00, 0x00, 0x00, 0x00,
    0x00, 0x00, 0x00, 0x00, 0x00, 0x00, 0x00, 0x00, 0x00, 0x00, 0x00, 0x00, 0x00, 0x00, 0x00, 0x00,
    0x00, 0x00, 0x00, 0x00, 0x00, 0x00, 0x00, 0x00, 0x00, 0x00, 0x00, 0x00, 0x00, 0x00, 0x00, 0x00,
    0x00, 0x00, 0x00, 0x00, 0x00, 0x00, 0x00, 0x00, 0x00, 0x00, 0x00, 0x00, 0xef, 0xff, 0xff, 0xff,
    0xff, 0xff, 0xff, 0xff, 0x90, 0x00, 0x00, 0x00, 0x00, 0xef, 0xff, 0xff, 0xff, 0xff, 0xff, 0xff,
    0xff, 0x90, 0x00, 0x00, 0x00, 0x00, 0x45, 0x55, 0x55, 0x55, 0x55, 0x55, 0x55, 0x55, 0x30, 0x00,
    0x00, 0x00, 0x00, 0x00, 0x00, 0x00, 0x00, 0x00, 0x00, 0x00, 0x00, 0x00, 0x00, 0x00, 0x00, 0x00,
    0x00, 0x00, 0x00, 0x00, 0x00, 0x00, 0x00, 0x00, 0x00, 0x00, 0x00, 0x00, 0x00, 0x00, 0x00, 0x00,
    0x00, 0x00, 0x00, 0x00, 0x00, 0x00, 0x00, 0x00, 0x00, 0x00, 0x00, 0x00, 0x00, 0x00, 0x00, 0x00,
    0x00, 0x00, 0x00, 0x00, 0x00, 0x00, 0x00, 0x00, 0x00, 0x00, 0x00, 0x00, 0x00, 0x00, 0x00, 0x00,
    0x00, 0x00, 0x00, 0x00, 0x39, 0x10, 0x00, 0x00, 0x00, 0x00, 0x00, 0x00, 0x00, 0x00, 0x00, 0x00,
    0x00, 0x3f, 0xf7, 0x00, 0x00, 0x00, 0x00, 0x00, 0x00, 0x00, 0x00, 0x00, 0x00, 0x00, 0x2f, 0xff,
    0xe5, 0x00, 0x00, 0x00, 0x00, 0x00, 0x00, 0x00, 0x00, 0x00, 0x00, 0x01, 0x9f, 0xff, 0xc4, 0x00,
    0x00, 0x00, 0x00, 0x00, 0x00, 0x00, 0x00, 0x00, 0x00, 0x02, 0xaf, 0xff, 0xb2, 0x00, 0x00, 0x00,
    0x00, 0x00, 0x00, 0x00, 0x00, 0x00, 0x00, 0x03, 0xcf, 0xff, 0x91, 0x00, 0x00, 0x00, 0x00, 0x00,
    0x00, 0x00, 0x00, 0x00, 0x00, 0x05, 0xdf, 0xff, 0x70, 0x00, 0x00, 0x00, 0x00, 0x00, 0x00, 0x00,
    0x00, 0x00, 0x00, 0x06, 0xef, 0xfe, 0x50, 0x00, 0x00, 0x00, 0x00, 0x00, 0x00, 0x00, 0x00, 0x00,
    0x00, 0x08, 0xff, 0xfb, 0x00, 0x00, 0x00, 0x00, 0x00, 0x00, 0x00, 0x00, 0x00, 0x00, 0x4c, 0xff,
    0xf9, 0x00, 0x00, 0x00, 0x00, 0x00, 0x00, 0x00, 0x00, 0x00, 0x5c, 0xff, 0xfa, 0x20, 0x00, 0x00,
    0x00, 0x00, 0x00, 0x00, 0x00, 0x00, 0x5d, 0xff, 0xfa, 0x20, 0x00, 0x00, 0x00, 0x00, 0x00, 0x00,
    0x00, 0x00, 0x6d, 0xff, 0xfa, 0x20, 0x00, 0x00, 0x00, 0x00, 0x00, 0x00, 0x00, 0x00, 0x6e, 0xff,
    0xfa, 0x20, 0x00, 0x00, 0x00, 0x00, 0x00, 0x00, 0x00, 0x00, 0x2e, 0xff, 0xfa, 0x20, 0x00, 0x00,
    0x00, 0x00, 0x00, 0x00, 0x00, 0x00, 0x00, 0x3f, 0xfa, 0x20, 0x00, 0x00, 0x00, 0x00, 0x00, 0x00,
    0x00, 0x00, 0x00, 0x00, 0x3a, 0x20, 0x00, 0x00, 0x00, 0x00, 0x00, 0x00, 0x00, 0x00, 0x00, 0x00,
    0x00, 0x00, 0x00, 0x00, 0x00, 0x00, 0x00, 0x00, 0x00, 0x00, 0x00, 0x00, 0x00, 0x00, 0x00, 0x00,
    0x00, 0x00, 0x00, 0x00, 0x00, 0x00, 0x00, 0x00, 0x00, 0x00, 0x01, 0x6b, 0xef, 0xfd, 0x92, 0x00,
    0x00, 0x00, 0x6f, 0xff, 0xff, 0xff, 0xff, 0x70, 0x00, 0x00, 0xbf, 0xfb, 0x87, 0x9e, 0xff, 0xf6,
    0x00, 0x00, 0xb8, 0x10, 0x00, 0x00, 0x9f, 0xfe, 0x00, 0x00, 0x10, 0x00, 0x00, 0x00, 0x0c, 0xff,
    0x30, 0x00, 0x00, 0x00, 0x00, 0x00, 0x08, 0xff, 0x50, 0x00, 0x00, 0x00, 0x00, 0x00, 0x08, 0xff,
    0x40, 0x00, 0x00, 0x00, 0x00, 0x00, 0x0c, 0xff, 0x10, 0x00, 0x00, 0x00, 0x00, 0x00, 0x6f, 0xf9,
    0x00, 0x00, 0x00, 0x00, 0x00, 0x02, 0xff, 0xe1, 0x00, 0x00, 0x00, 0x00, 0x00, 0x2e, 0xff, 0x30,
    0x00, 0x00, 0x00, 0x00, 0x02, 0xef, 0xf4, 0x00, 0x00, 0x00, 0x00, 0x00, 0x0d, 0xff, 0x40, 0x00,
    0x00, 0x00, 0x00, 0x00, 0x9f, 0xf6, 0x00, 0x00, 0x00, 0x00, 0x00, 0x02, 0xff, 0xb0, 0x00, 0x00,
    0x00, 0x00, 0x00, 0x06, 0xff, 0x40, 0x00, 0x00, 0x00, 0x00, 0x00, 0x07, 0xff, 0x20, 0x00, 0x00,
    0x00, 0x00, 0x00, 0x06, 0xff, 0x40, 0x00, 0x00, 0x00, 0x00, 0x00, 0x03, 0xff, 0x80, 0x00, 0x00,
    0x00, 0x00, 0x00, 0x00, 0x00, 0x00, 0x00, 0x00, 0x00, 0x00, 0x00, 0x00, 0x00, 0x00, 0x00, 0x00,
    0x00, 0x00, 0x00, 0x00, 0x00, 0x00, 0x00, 0x00, 0x00, 0x00, 0x00, 0x00, 0xaf, 0xa0, 0x00, 0x00,
    0x00, 0x00, 0x00, 0x06, 0xff, 0xf5, 0x00, 0x00, 0x00, 0x00, 0x00, 0x06, 0xff, 0xf5, 0x00, 0x00,
    0x00, 0x00, 0x00, 0x00, 0xaf, 0xa0, 0x00, 0x00, 0x00, 0x00, 0x00, 0x00, 0x00, 0x00, 0x00, 0x27,
    0xbd, 0xff, 0xed, 0xc8, 0x40, 0x00, 0x00, 0x00, 0x00, 0x00, 0x00, 0x00, 0x00, 0x00, 0x00, 0x4c,
    0xff, 0xff, 0xff, 0xff, 0xff, 0xfe, 0x70, 0x00, 0x00, 0x00, 0x00, 0x00, 0x00, 0x00, 0x00, 0x1b,
    0xff, 0xfa, 0x52, 0x10, 0x12, 0x48, 0xdf, 0xfe, 0x40, 0x00, 0x00, 0x00, 0x00, 0x00, 0x00, 0x02,
    0xef, 0xf9, 0x10, 0x00, 0x00, 0x00, 0x00, 0x05, 0xdf, 0xf7, 0x00, 0x00, 0x00, 0x00, 0x00, 0x00,
    0x2e, 0xfe, 0x30, 0x00, 0x00, 0x00, 0x00, 0x00, 0x00, 0x0a, 0xff, 0x60, 0x00, 0x00, 0x00, 0x00,
    0x00, 0xdf, 0xe2, 0x00, 0x00, 0x00, 0x00, 0x00, 0x00, 0x00, 0x00, 0xaf, 0xf4, 0x00, 0x00, 0x00,
    0x00, 0x0a, 0xff, 0x30, 0x00, 0x00, 0x00, 0x00, 0x00, 0x00, 0x00, 0x00, 0x0c, 0xfd, 0x00, 0x00,
    0x00, 0x00, 0x3f, 0xf7, 0x00, 0x00, 0x00, 0x6b, 0xef, 0xd6, 0x0e, 0xf4, 0x00, 0x04, 0xff, 0x60,
    0x00, 0x00, 0x00, 0xbf, 0xe0, 0x00, 0x00, 0x1d, 0xff, 0xff, 0xff, 0x8f, 0xf3, 0x00, 0x00, 0xcf,
    0xc0, 0x00, 0x00, 0x01, 0xff, 0x70, 0x00, 0x01, 0xdf, 0xf7, 0x21, 0x4c, 0xff, 0xf1, 0x00, 0x00,
    0x7f, 0xf1, 0x00, 0x00, 0x06, 0xff, 0x10, 0x00, 0x0a, 0xff, 0x30, 0x00, 0x00, 0xef, 0xf0, 0x00,
    0x00, 0x3f, 0xf3, 0x00, 0x00, 0x0a, 0xfd, 0x00, 0x00, 0x2f, 0xf7, 0x00, 0x00, 0x00, 0xaf, 0xe0,
    0x00, 0x00, 0x1f, 0xf5, 0x00, 0x00, 0x0c, 0xfa, 0x00, 0x00, 0x8f, 0xf0, 0x00, 0x00, 0x00, 0x8f,
    0xd0, 0x00, 0x00, 0x0f, 0xf6, 0x00, 0x00, 0x0e, 0xf8, 0x00, 0x00, 0xcf, 0xb0, 0x00, 0x00, 0x00,
    0x8f, 0xc0, 0x00, 0x00, 0x0f, 0xf6, 0x00, 0x00, 0x0f, 0xf7, 0x00, 0x00, 0xef, 0x80, 0x00, 0x00,
    0x00, 0xaf, 0xa0, 0x00, 0x00, 0x2f, 0xf4, 0x00, 0x00, 0x0e, 0xf7, 0x00, 0x00, 0xff, 0x70, 0x00,
    0x00, 0x00, 0xdf, 0x90, 0x00, 0x00, 0x4f, 0xf1, 0x00, 0x00, 0x0d, 0xf9, 0x00, 0x00, 0xff, 0x80,
    0x00, 0x00, 0x01, 0xff, 0x80, 0x00, 0x00, 0x9f, 0xd0, 0x00, 0x00, 0x0c, 0xfa, 0x00, 0x00, 0xdf,
    0xb0, 0x00, 0x00, 0x09, 0xff, 0x90, 0x00, 0x01, 0xff, 0x70, 0x00, 0x00, 0x09, 0xfe, 0x00, 0x00,
    0x9f, 0xf3, 0x00, 0x00, 0x4f, 0xaf, 0xc0, 0x00, 0x0a, 0xfe, 0x00, 0x00, 0x00, 0x04, 0xff, 0x20,
    0x00, 0x2f, 0xfe, 0x51, 0x27, 0xfb, 0x4f, 0xf7, 0x13, 0xbf, 0xf4, 0x00, 0x00, 0x00, 0x00, 0xff,
    0x90, 0x00, 0x05, 0xff, 0xff, 0xff, 0xd1, 0x0d, 0xff, 0xff, 0xff, 0x40, 0x00, 0x00, 0x00, 0x00,
    0x8f, 0xf1, 0x00, 0x00, 0x3a, 0xef, 0xd8, 0x10, 0x01, 0xae, 0xfd, 0x91, 0x00, 0x00, 0x00, 0x00,
    0x00, 0x1f, 0xfc, 0x00, 0x00, 0x00, 0x00, 0x00, 0x00, 0x00, 0x00, 0x00, 0x00, 0x00, 0x00, 0x00,
    0x00, 0x00, 0x06, 0xff, 0x90, 0x00, 0x00, 0x00, 0x00, 0x00, 0x00, 0x00, 0x00, 0x00, 0x00, 0x00,
    0x00, 0x00, 0x00, 0x00, 0x9f, 0xfa, 0x00, 0x00, 0x00, 0x00, 0x00, 0x00, 0x00, 0x00, 0x00, 0x00,
    0x00, 0x00, 0x00, 0x00, 0x00, 0x09, 0xff, 0xd6, 0x00, 0x00, 0x00, 0x00, 0x00, 0x00, 0x00, 0x00,
    0x00, 0x00, 0x00, 0x00, 0x00, 0x00, 0x00, 0x6f, 0xff, 0xe9, 0x53, 0x10, 0x11, 0x34, 0x7a, 0xc0,
    0x00, 0x00, 0x00, 0x00, 0x00, 0x00, 0x00, 0x00, 0x01, 0x8f, 0xff, 0xff, 0xff, 0xff, 0xff, 0xff,
    0xc0, 0x00, 0x00, 0x00, 0x00, 0x00, 0x00, 0x00, 0x00, 0x00, 0x00, 0x49, 0xcd, 0xff, 0xfe, 0xdb,
    0x84, 0x00, 0x00, 0x00, 0x00, 0x00, 0x00, 0x00, 0x00, 0x00, 0x02, 0xff, 0xf4, 0x00, 0x00, 0x00,
    0x00, 0x00, 0x00, 0x00, 0x00, 0x00, 0x07, 0xff, 0xfa, 0x00, 0x00, 0x00, 0x00, 0x00, 0x00, 0x00,
    0x00, 0x00, 0x0d, 0xff, 0xff, 0x10, 0x00, 0x00, 0x00, 0x00, 0x00, 0x00, 0x00, 0x00, 0x3f, 0xfb,
    0xff, 0x60, 0x00, 0x00, 0x00, 0x00, 0x00, 0x00, 0x00, 0x00, 0x9f, 0xf4, 0xff, 0xc0, 0x00, 0x00,
    0x00, 0x00, 0x00, 0x00, 0x00, 0x00, 0xff, 0xd0, 0xcf, 0xf2, 0x00, 0x00, 0x00, 0x00, 0x00, 0x00,
    0x00, 0x05, 0xff, 0x70, 0x6f, 0xf8, 0x00, 0x00, 0x00, 0x00, 0x00, 0x00, 0x00, 0x0b, 0xff, 0x20,
    0x1f, 0xfe, 0x00, 0x00, 0x00, 0x00, 0x00, 0x00, 0x00, 0x1f, 0xfc, 0x00, 0x0b, 0xff, 0x40, 0x00,
    0x00, 0x00, 0x00, 0x00, 0x00, 0x7f, 0xf6, 0x00, 0x06, 0xff, 0xa0, 0x00, 0x00, 0x00, 0x00, 0x00,
    0x00, 0xdf, 0xf1, 0x00, 0x00, 0xff, 0xf0, 0x00, 0x00, 0x00, 0x00, 0x00, 0x03, 0xff, 0xb0, 0x00,
    0x00, 0xaf, 0xf6, 0x00, 0x00, 0x00, 0x00, 0x00, 0x09, 0xff, 0x60, 0x00, 0x00, 0x5f, 0xfc, 0x00,
    0x00, 0x00, 0x00, 0x00, 0x0e, 0xff, 0x10, 0x00, 0x00, 0x0f, 0xff, 0x20, 0x00, 0x00, 0x00, 0x00,
    0x5f, 0xfb, 0x00, 0x00, 0x00, 0x09, 0xff, 0x80, 0x00, 0x00, 0x00, 0x00, 0xbf, 0xf5, 0x00, 0x00,
    0x00, 0x04, 0xff, 0xe0, 0x00, 0x00, 0x00, 0x01, 0xff, 0xff, 0xff, 0xff, 0xff, 0xff, 0xff, 0xf4,
    0x00, 0x00, 0x00, 0x07, 0xff, 0xff, 0xff, 0xff, 0xff, 0xff, 0xff, 0xfa, 0x00, 0x00, 0x00, 0x0d,
    0xff, 0xba, 0xaa, 0xaa, 0xaa, 0xaa, 0xaf, 0xff, 0x00, 0x00, 0x00, 0x3f, 0xfe, 0x00, 0x00, 0x00,
    0x00, 0x00, 0x0d, 0xff, 0x60, 0x00, 0x00, 0x9f, 0xf8, 0x00, 0x00, 0x00, 0x00, 0x00, 0x07, 0xff,
    0xc0, 0x00, 0x00, 0xef, 0xf3, 0x00, 0x00, 0x00, 0x00, 0x00, 0x01, 0xff, 0xf2, 0x00, 0x04, 0xff,
    0xd0, 0x00, 0x00, 0x00, 0x00, 0x00, 0x00, 0xbf, 0xf8, 0x00, 0x0a, 0xff, 0x80, 0x00, 0x00, 0x00,
    0x00, 0x00, 0x00, 0x5f, 0xfd, 0x00, 0x1f, 0xff, 0x20, 0x00, 0x00, 0x00, 0x00, 0x00, 0x00, 0x0f,
    0xff, 0x40, 0x6f, 0xfd, 0x00, 0x00, 0x00, 0x00, 0x00, 0x00, 0x00, 0x0a, 0xff, 0xa0, 0x00, 0x0b,
    0xff, 0xff, 0xff, 0xfe, 0xc8, 0x20, 0x00, 0x00, 0x00, 0x00, 0x0b, 0xff, 0xff, 0xff, 0xff, 0xff,
    0xf7, 0x00, 0x00, 0x00, 0x00, 0x0b, 0xff, 0xca, 0xaa, 0xbd, 0xff, 0xff, 0x70, 0x00, 0x00, 0x00,
    0x0b, 0xff, 0x40, 0x00, 0x00, 0x3c, 0xff, 0xf1, 0x00, 0x00, 0x00, 0x0b, 0xff, 0x40, 0x00, 0x00,
    0x01, 0xef, 0xf6, 0x00, 0x00, 0x00, 0x0b, 0xff, 0x40, 0x00, 0x00, 0x00, 0xaf, 0xf8, 0x00, 0x00,
    0x00, 0x0b, 0xff, 0x40, 0x00, 0x00, 0x00, 0x8f, 0xf8, 0x00, 0x00, 0x00, 0x0b, 0xff, 0x40, 0x00,
    0x00, 0x00, 0xaf, 0xf6, 0x00, 0x00, 0x00, 0x0b, 0xff, 0x40, 0x00, 0x00, 0x00, 0xef, 0xf1, 0x00,
    0x00, 0x00, 0x0b, 0xff, 0x40, 0x00, 0x00, 0x09, 0xff, 0x70, 0x00, 0x00, 0x00, 0x0b, 0xff, 0x40,
    0x00, 0x15, 0xcf, 0xf9, 0x00, 0x00, 0x00, 0x00, 0x0b, 0xff, 0xff, 0xff, 0xff, 0xfc, 0x40, 0x00,
    0x00, 0x00, 0x00, 0x0b, 0xff, 0xff, 0xff, 0xff, 0xfe, 0xb4, 0x00, 0x00, 0x00, 0x00, 0x0b, 0xff,
    0xba, 0xaa, 0xbc, 0xff, 0xff, 0xa0, 0x00, 0x00, 0x00, 0x0b, 0xff, 0x40, 0x00, 0x00, 0x06, 0xff,
    0xfa, 0x00, 0x00, 0x00, 0x0b, 0xff, 0x40, 0x00, 0x00, 0x00, 0x3f, 0xff, 0x30, 0x00, 0x00, 0x0b,
    0xff, 0x40, 0x00, 0x00, 0x00, 0x09, 0xff, 0x90, 0x00, 0x00, 0x0b, 0xff, 0x40, 0x00, 0x00, 0x00,
    0x05, 0xff, 0xc0, 0x00, 0x00, 0x0b, 0xff, 0x40, 0x00, 0x00, 0x00, 0x04, 0xff, 0xc0, 0x00, 0x00,
    0x0b, 0xff, 0x40, 0x00, 0x00, 0x00, 0x06, 0xff, 0xb0, 0x00, 0x00, 0x0b, 0xff, 0x40, 0x00, 0x00,
    0x00, 0x0a, 0xff, 0x80, 0x00, 0x00, 0x0b, 0xff, 0x40, 0x00, 0x00, 0x00, 0x4f, 0xff, 0x30, 0x00,
    0x00, 0x0b, 0xff, 0x40, 0x00, 0x00, 0x07, 0xff, 0xfa, 0x00, 0x00, 0x00, 0x0b, 0xff, 0xca, 0xaa,
    0xbc, 0xff, 0xff, 0xc0, 0x00, 0x00, 0x00, 0x0b, 0xff, 0xff, 0xff, 0xff, 0xff, 0xfa, 0x00, 0x00,
    0x00, 0x00, 0x0b, 0xff, 0xff, 0xff, 0xff, 0xd9, 0x30, 0x00, 0x00, 0x00, 0x00, 0x00, 0x00, 0x00,
    0x01, 0x6a, 0xde, 0xff, 0xed, 0xa6, 0x10, 0x00, 0x00, 0x00, 0x01, 0x9f, 0xff, 0xff, 0xff, 0xff,
    0xff, 0x70, 0x00, 0x00, 0x00, 0x4f, 0xff, 0xff, 0xdc, 0xbb, 0xdf, 0xff, 0x70, 0x00, 0x00, 0x06,
    0xff, 0xfe, 0x71, 0x00, 0x00, 0x00, 0x49, 0x60, 0x00, 0x00, 0x5f, 0xff, 0xa0, 0x00, 0x00, 0x00,
    0x00, 0x00, 0x00, 0x00, 0x02, 0xff, 0xf8, 0x00, 0x00, 0x00, 0x00, 0x00, 0x00, 0x00, 0x00, 0x0a,
    0xff, 0xb0, 0x00, 0x00, 0x00, 0x00, 0x00, 0x00, 0x00, 0x00, 0x2f, 0xff, 0x10, 0x00, 0x00, 0x00,
    0x00, 0x00, 0x00, 0x00, 0x00, 0x8f, 0xfa, 0x00, 0x00, 0x00, 0x00, 0x00, 0x00, 0x00, 0x00, 0x00,
    0xdf, 0xf4, 0x00, 0x00, 0x00, 0x00, 0x00, 0x00, 0x00, 0x00, 0x01, 0xff, 0xf0, 0x00, 0x00, 0x00,
    0x00, 0x00, 0x00, 0x00, 0x00, 0x03, 0xff, 0xe0, 0x00, 0x00, 0x00, 0x00, 0x00, 0x00, 0x00, 0x00,
    0x04, 0xff, 0xc0, 0x00, 0x00, 0x00, 0x00, 0x00, 0x00, 0x00, 0x00, 0x05, 0xff, 0xc0, 0x00, 0x00,
    0x00, 0x00, 0x00, 0x00, 0x00, 0x00, 0x04, 0xff, 0xd0, 0x00, 0x00, 0x00, 0x00, 0x00, 0x00, 0x00,
    0x00, 0x03, 0xff, 0xe0, 0x00, 0x00, 0x00, 0x00, 0x00, 0x00, 0x00, 0x00, 0x01, 0xff, 0xf2, 0x00,
    0x00, 0x00, 0x00, 0x00, 0x00, 0x00, 0x00, 0x00, 0xcf, 0xf6, 0x00, 0x00, 0x00, 0x00, 0x00, 0x00,
    0x00, 0x00, 0x00, 0x8f, 0xfd, 0x00, 0x00, 0x00, 0x00, 0x00, 0x00, 0x00, 0x00, 0x00, 0x1f, 0xff,
    0x60, 0x00, 0x00, 0x00, 0x00, 0x00, 0x00, 0x00, 0x00, 0x09, 0xff, 0xf3, 0x00, 0x00, 0x00, 0x00,
    0x00, 0x00, 0x00, 0x00, 0x00, 0xdf, 0xff, 0x50, 0x00, 0x00, 0x00, 0x00, 0x00, 0x00, 0x00, 0x00,
    0x2e, 0xff, 0xfb, 0x30, 0x00, 0x00, 0x00, 0x49, 0x60, 0x00, 0x00, 0x02, 0xdf, 0xff, 0xfe, 0xcb,
    0xab, 0xdf, 0xff, 0x70, 0x00, 0x00, 0x00, 0x08, 0xff, 0xff, 0xff, 0xff, 0xff, 0xff, 0x70, 0x00,
    0x00, 0x00, 0x00, 0x16, 0xad, 0xef, 0xfe, 0xda, 0x73, 0x00, 0x00, 0x0b, 0xff, 0xff, 0xff, 0xfe,
    0xdc, 0x85, 0x10, 0x00, 0x00, 0x00, 0x00, 0x00, 0x0b, 0xff, 0xff, 0xff, 0xff, 0xff, 0xff, 0xf9,
    0x20, 0x00, 0x00, 0x00, 0x00, 0x0b, 0xff, 0xca, 0xaa, 0xbc, 0xdf, 0xff, 0xff, 0xf6, 0x00, 0x00,
    0x00, 0x00, 0x0b, 0xff, 0x40, 0x00, 0x00, 0x00, 0x4a, 0xff, 0xff, 0x80, 0x00, 0x00, 0x00, 0x0b,
    0xff, 0x40, 0x00, 0x00, 0x00, 0x00, 0x2d, 0xff, 0xf5, 0x00, 0x00, 0x00, 0x0b, 0xff, 0x40, 0x00,
    0x00, 0x00, 0x00, 0x00, 0xcf, 0xfe, 0x00, 0x00, 0x00, 0x0b, 0xff, 0x40, 0x00, 0x00, 0x00, 0x00,
    0x00, 0x1f, 0xff, 0x70, 0x00, 0x00, 0x0b, 0xff, 0x40, 0x00, 0x00, 0x00, 0x00, 0x00, 0x08, 0xff,
    0xd0, 0x00, 0x00, 0x0b, 0xff, 0x40, 0x00, 0x00, 0x00, 0x00, 0x00, 0x01, 0xff, 0xf1, 0x00, 0x00,
    0x0b, 0xff, 0x40, 0x00, 0x00, 0x00, 0x00, 0x00, 0x00, 0xef, 0xf5, 0x00, 0x00, 0x0b, 0xff, 0x40,
    0x00, 0x00, 0x00, 0x00, 0x00, 0x00, 0xaf, 0xf7, 0x00, 0x00, 0x0b, 0xff, 0x40, 0x00, 0x00, 0x00,
    0x00, 0x00, 0x00, 0x9f, 0xf8, 0x00, 0x00, 0x0b, 0xff, 0x40, 0x00, 0x00, 0x00, 0x00, 0x00, 0x00,
    0x8f, 0xf9, 0x00, 0x00, 0x0b, 0xff, 0x40, 0x00, 0x00, 0x00, 0x00, 0x00, 0x00, 0x8f, 0xf8, 0x00,
    0x00, 0x0b, 0xff, 0x40, 0x00, 0x00, 0x00, 0x00, 0x00, 0x00, 0xaf, 0xf7, 0x00, 0x00, 0x0b, 0xff,
    0x40, 0x00, 0x00, 0x00, 0x00, 0x00, 0x00, 0xcf, 0xf5, 0x00, 0x00, 0x0b, 0xff, 0x40, 0x00, 0x00,
    0x00, 0x00, 0x00, 0x00, 0xff, 0xf1, 0x00, 0x00, 0x0b, 0xff, 0x40, 0x00, 0x00, 0x00, 0x00, 0x00,
    0x05, 0xff, 0xd0, 0x00, 0x00, 0x0b, 0xff, 0x40, 0x00, 0x00, 0x00, 0x00, 0x00, 0x0c, 0xff, 0x70,
    0x00, 0x00, 0x0b, 0xff, 0x40, 0x00, 0x00, 0x00, 0x00, 0x00, 0x6f, 0xfe, 0x00, 0x00, 0x00, 0x0b,
    0xff, 0x40, 0x00, 0x00, 0x00, 0x00, 0x04, 0xff, 0xf6, 0x00, 0x00, 0x00, 0x0b, 0xff, 0x40, 0x00,
    0x00, 0x00, 0x00, 0x7f, 0xff, 0x90, 0x00, 0x00, 0x00, 0x0b, 0xff, 0x40, 0x00, 0x00, 0x02, 0x6d,
    0xff, 0xfa, 0x00, 0x00, 0x00, 0x00, 0x0b, 0xff, 0xca, 0xaa, 0xbc, 0xef, 0xff, 0xff, 0x70, 0x00,
    0x00, 0x00, 0x00, 0x0b, 0xff, 0xff, 0xff, 0xff, 0xff, 0xff, 0xa2, 0x00, 0x00, 0x00, 0x00, 0x00,
    0x0b, 0xff, 0xff, 0xff, 0xfe, 0xca, 0x51, 0x00, 0x00, 0x00, 0x00, 0x00, 0x00, 0x0b, 0xff, 0xff,
    0xff, 0xff, 0xff, 0xff, 0x10, 0x00, 0x0b, 0xff, 0xff, 0xff, 0xff, 0xff, 0xff, 0x10, 0x00, 0x0b,
    0xff, 0xca, 0xaa, 0xaa, 0xaa, 0xaa, 0x10, 0x00, 0x0b, 0xff, 0x40, 0x00, 0x00, 0x00, 0x00, 0x00,
    0x00, 0x0b, 0xff, 0x40, 0x00, 0x00, 0x00, 0x00, 0x00, 0x00, 0x0b, 0xff, 0x40, 0x00, 0x00, 0x00,
    0x00, 0x00, 0x00, 0x0b, 0xff, 0x40, 0x00, 0x00, 0x00, 0x00, 0x00, 0x00, 0x0b, 0xff, 0x40, 0x00,
    0x00, 0x00, 0x00, 0x00, 0x00, 0x0b, 0xff, 0x40, 0x00, 0x00, 0x00, 0x00, 0x00, 0x00, 0x0b, 0xff,
    0x40, 0x00, 0x00, 0x00, 0x00, 0x00, 0x00, 0x0b, 0xff, 0x40, 0x00, 0x00, 0x00, 0x00, 0x00, 0x00,
    0x0b, 0xff, 0xff, 0xff, 0xff, 0xff, 0xf5, 0x00, 0x00, 0x0b, 0xff, 0xff, 0xff, 0xff, 0xff, 0xf5,
    0x00, 0x00, 0x0b, 0xff, 0xba, 0xaa, 0xaa, 0xaa, 0xa3, 0x00, 0x00, 0x0b, 0xff, 0x40, 0x00, 0x00,
    0x00, 0x00, 0x00, 0x00, 0x0b, 0xff, 0x40, 0x00, 0x00, 0x00, 0x00, 0x00, 0x00, 0x0b, 0xff, 0x40,
    0x00, 0x00, 0x00, 0x00, 0x00, 0x00, 0x0b, 0xff, 0x40, 0x00, 0x00, 0x00, 0x00, 0x00, 0x00, 0x0b,
    0xff, 0x40, 0x00, 0x00, 0x00, 0x00, 0x00, 0x00, 0x0b, 0xff, 0x40, 0x00, 0x00, 0x00, 0x00, 0x00,
    0x00, 0x0b, 0xff, 0x40, 0x00, 0x00, 0x00, 0x00, 0x00, 0x00, 0x0b, 0xff, 0x40, 0x00, 0x00, 0x00,
    0x00, 0x00, 0x00, 0x0b, 0xff, 0x40, 0x00, 0x00, 0x00, 0x00, 0x00, 0x00, 0x0b, 0xff, 0xca, 0xaa,
    0xaa, 0xaa, 0xaa, 0x70, 0x00, 0x0b, 0xff, 0xff, 0xff, 0xff, 0xff, 0xff, 0xa0, 0x00, 0x0b, 0xff,
    0xff, 0xff, 0xff, 0xff, 0xff, 0xa0, 0x00, 0x0b, 0xff, 0xff, 0xff, 0xff, 0xff, 0xff, 0x10, 0x00,
    0x0b, 0xff, 0xff, 0xff, 0xff, 0xff, 0xff, 0x10, 0x00, 0x0b, 0xff, 0xca, 0xaa, 0xaa, 0xaa, 0xaa,
    0x10, 0x00, 0x0b, 0xff, 0x40, 0x00, 0x00, 0x00, 0x00, 0x00, 0x00, 0x0b, 0xff, 0x40, 0x00, 0x00,
    0x00, 0x00, 0x00, 0x00, 0x0b, 0xff, 0x40, 0x00, 0x00, 0x00, 0x00, 0x00, 0x00, 0x0b, 0xff, 0x40,
    0x00, 0x00, 0x00, 0x00, 0x00, 0x00, 0x0b, 0xff, 0x40, 0x00, 0x00, 0x00, 0x00, 0x00, 0x00, 0x0b,
    0xff, 0x40, 0x00, 0x00, 0x00, 0x00, 0x00, 0x00, 0x0b, 0xff, 0x40, 0x00, 0x00, 0x00, 0x00, 0x00,
    0x00, 0x0b, 0xff, 0x40, 0x00, 0x00, 0x00, 0x00, 0x00, 0x00, 0x0b, 0xff, 0x40, 0x00, 0x00, 0x00,
    0x00, 0x00, 0x00, 0x0b, 0xff, 0xff, 0xff, 0xff, 0xff, 0xf5, 0x00, 0x00, 0x0b, 0xff, 0xff, 0xff,
    0xff, 0xff, 0xf5, 0x00, 0x00, 0x0b, 0xff, 0xba, 0xaa, 0xaa, 0xaa, 0xa3, 0x00, 0x00, 0x0b, 0xff,
    0x40, 0x00, 0x00, 0x00, 0x00, 0x00, 0x00, 0x0b, 0xff, 0x40, 0x00, 0x00, 0x00, 0x00, 0x00, 0x00,
    0x0b, 0xff, 0x40, 0x00, 0x00, 0x00, 0x00, 0x00, 0x00, 0x0b, 0xff, 0x40, 0x00, 0x00, 0x00, 0x00,
    0x00, 0x00, 0x0b, 0xff, 0x40, 0x00, 0x00, 0x00, 0x00, 0x00, 0x00, 0x0b, 0xff, 0x40, 0x00, 0x00,
    0x00, 0x00, 0x00, 0x00, 0x0b, 0xff, 0x40, 0x00, 0x00, 0x00, 0x00, 0x00, 0x00, 0x0b, 0xff, 0x40,
    0x00, 0x00, 0x00, 0x00, 0x00, 0x00, 0x0b, 0xff, 0x40, 0x00, 0x00, 0x00, 0x00, 0x00, 0x00, 0x0b,
    0xff, 0x40, 0x00, 0x00, 0x00, 0x00, 0x00, 0x00, 0x0b, 0xff, 0x40, 0x00, 0x00, 0x00, 0x00, 0x00,
    0x00, 0x00, 0x00, 0x00, 0x00, 0x59, 0xce, 0xff, 0xec, 0x95, 0x10, 0x00, 0x00, 0x00, 0x00, 0x00,
    0x00, 0x8f, 0xff, 0xff, 0xff, 0xff, 0xff, 0xf7, 0x00, 0x00, 0x00, 0x00, 0x00, 0x3e, 0xff, 0xff,
    0xdc, 0xbc, 0xdf, 0xff, 0xfa, 0x00, 0x00, 0x00, 0x00, 0x05, 0xff, 0xfe, 0x71, 0x00, 0x00, 0x01,
    0x5c, 0xfa, 0x00, 0x00, 0x00, 0x00, 0x4f, 0xff, 0xa0, 0x00, 0x00, 0x00, 0x00, 0x00, 0x48, 0x00,
    0x00, 0x00, 0x01, 0xef, 0xf9, 0x00, 0x00, 0x00, 0x00, 0x00, 0x00, 0x00, 0x00, 0x00, 0x00, 0x0a,
    0xff, 0xc0, 0x00, 0x00, 0x00, 0x00, 0x00, 0x00, 0x00, 0x00, 0x00, 0x00, 0x2f, 0xff, 0x20, 0x00,
    0x00, 0x00, 0x00, 0x00, 0x00, 0x00, 0x00, 0x00, 0x00, 0x8f, 0xfa, 0x00, 0x00, 0x00, 0x00, 0x00,
    0x00, 0x00, 0x00, 0x00, 0x00, 0x00, 0xdf, 0xf4, 0x00, 0x00, 0x00, 0x00, 0x00, 0x00, 0x00, 0x00,
    0x00, 0x00, 0x01, 0xff, 0xf0, 0x00, 0x00, 0x00, 0x00, 0x00, 0x00, 0x00, 0x00, 0x00, 0x00, 0x03,
    0xff, 0xd0, 0x00, 0x00, 0x00, 0x00, 0x00, 0x00, 0x00, 0x00, 0x00, 0x00, 0x04, 0xff, 0xc0, 0x00,
    0x00, 0x00, 0x05, 0xff, 0xff, 0xff, 0xff, 0x20, 0x00, 0x05, 0xff, 0xc0, 0x00, 0x00, 0x00, 0x05,
    0xff, 0xff, 0xff, 0xff, 0x20, 0x00, 0x04, 0xff, 0xd0, 0x00, 0x00, 0x00, 0x03, 0xaa, 0xaa, 0xae,
    0xff, 0x20, 0x00, 0x02, 0xff, 0xf0, 0x00, 0x00, 0x00, 0x00, 0x00, 0x00, 0x0c, 0xff, 0x20, 0x00,
    0x00, 0xff, 0xf2, 0x00, 0x00, 0x00, 0x00, 0x00, 0x00, 0x0c, 0xff, 0x20, 0x00, 0x00, 0xcf, 0xf7,
    0x00, 0x00, 0x00, 0x00, 0x00, 0x00, 0x0c, 0xff, 0x20, 0x00, 0x00, 0x7f, 0xfd, 0x00, 0x00, 0x00,
    0x00, 0x00, 0x00, 0x0c, 0xff, 0x20, 0x00, 0x00, 0x1f, 0xff, 0x60, 0x00, 0x00, 0x00, 0x00, 0x00,
    0x0c, 0xff, 0x20, 0x00, 0x00, 0x08, 0xff, 0xf3, 0x00, 0x00, 0x00, 0x00, 0x00, 0x0c, 0xff, 0x20,
    0x00, 0x00, 0x00, 0xcf, 0xff, 0x50, 0x00, 0x00, 0x00, 0x00, 0x0c, 0xff, 0x20, 0x00, 0x00, 0x00,
    0x1e, 0xff, 0xfb, 0x40, 0x00, 0x00, 0x02, 0x8f, 0xff, 0x20, 0x00, 0x00, 0x00, 0x01, 0xcf, 0xff,
    0xff, 0xcb, 0xab, 0xef, 0xff, 0xff, 0x20, 0x00, 0x00, 0x00, 0x00, 0x06, 0xef, 0xff, 0xff, 0xff,
    0xff, 0xff, 0xa2, 0x00, 0x00, 0x00, 0x00, 0x00, 0x00, 0x05, 0x9d, 0xef, 0xfe, 0xc9, 0x50, 0x00,
    0x00, 0x00, 0x00, 0x0b, 0xff, 0x40, 0x00, 0x00, 0x00, 0x00, 0x00, 0x0b, 0xff, 0x40, 0x00, 0x00,
    0x0b, 0xff, 0x40, 0x00, 0x00, 0x00, 0x00, 0x00, 0x0b, 0xff, 0x40, 0x00, 0x00, 0x0b, 0xff, 0x40,
    0x00, 0x00, 0x00, 0x00, 0x00, 0x0b, 0xff, 0x40, 0x00, 0x00, 0x0b, 0xff, 0x40, 0x00, 0x00, 0x00,
    0x00, 0x00, 0x0b, 0xff, 0x40, 0x00, 0x00, 0x0b, 0xff, 0x40, 0x00, 0x00, 0x00, 0x00, 0x00, 0x0b,
    0xff, 0x40, 0x00, 0x00, 0x0b, 0xff, 0x40, 0x00, 0x00, 0x00, 0x00, 0x00, 0x0b, 0xff, 0x40, 0x00,
    0x00, 0x0b, 0xff, 0x40, 0x00, 0x00, 0x00, 0x00, 0x00, 0x0b, 0xff, 0x40, 0x00, 0x00, 0x0b, 0xff,
    0x40, 0x00, 0x00, 0x00, 0x00, 0x00, 0x0b, 0xff, 0x40, 0x00, 0x00, 0x0b, 0xff, 0x40, 0x00, 0x00,
    0x00, 0x00, 0x00, 0x0b, 0xff, 0x40, 0x00, 0x00, 0x0b, 0xff, 0x40, 0x00, 0x00, 0x00, 0x00, 0x00,
    0x0b, 0xff, 0x40, 0x00, 0x00, 0x0b, 0xff, 0x40, 0x00, 0x00, 0x00, 0x00, 0x00, 0x0b, 0xff, 0x40,
    0x00, 0x00, 0x0b, 0xff, 0xff, 0xff, 0xff, 0xff, 0xff, 0xff, 0xff, 0xff, 0x40, 0x00, 0x00, 0x0b,
    0xff, 0xff, 0xff, 0xff, 0xff, 0xff, 0xff, 0xff, 0xff, 0x40, 0x00, 0x00, 0x0b, 0xff, 0xba, 0xaa,
    0xaa, 0xaa, 0xaa, 0xaa, 0xae, 0xff, 0x40, 0x00, 0x00, 0x0b, 0xff, 0x40, 0x00, 0x00, 0x00, 0x00,
    0x00, 0x0b, 0xff, 0x40, 0x00, 0x00, 0x0b, 0xff, 0x40, 0x00, 0x00, 0x00, 0x00, 0x00, 0x0b, 0xff,
    0x40, 0x00, 0x00, 0x0b, 0xff, 0x40, 0x00, 0x00, 0x00, 0x00, 0x00, 0x0b, 0xff, 0x40, 0x00, 0x00,
    0x0b, 0xff, 0x40, 0x00, 0x00, 0x00, 0x00, 0x00, 0x0b, 0xff, 0x40, 0x00, 0x00, 0x0b, 0xff, 0x40,
    0x00, 0x00, 0x00, 0x00, 0x00, 0x0b, 0xff, 0x40, 0x00, 0x00, 0x0b, 0xff, 0x40, 0x00, 0x00, 0x00,
    0x00, 0x00, 0x0b, 0xff, 0x40, 0x00, 0x00, 0x0b, 0xff, 0x40, 0x00, 0x00, 0x00, 0x00, 0x00, 0x0b,
    0xff, 0x40, 0x00, 0x00, 0x0b, 0xff, 0x40, 0x00, 0x00, 0x00, 0x00, 0x00, 0x0b, 0xff, 0x40, 0x00,
    0x00, 0x0b, 0xff, 0x40, 0x00, 0x00, 0x00, 0x00, 0x00, 0x0b, 0xff, 0x40, 0x00, 0x00, 0x0b, 0xff,
    0x40, 0x00, 0x00, 0x00, 0x00, 0x00, 0x0b, 0xff, 0x40, 0x00, 0x00, 0x0b, 0xff, 0x40, 0x00, 0x00,
    0x00, 0x00, 0x00, 0x0b, 0xff, 0x40, 0x00, 0x00, 0x0b, 0xff, 0x40, 0x00, 0x00, 0x00, 0x00, 0x00,
    0x0b, 0xff, 0x40, 0x00, 0x00, 0x0b, 0xff, 0x40, 0x00, 0x00, 0x0b, 0xff, 0x40, 0x00, 0x00, 0x0b,
    0xff, 0x40, 0x00, 0x00, 0x0b, 0xff, 0x40, 0x00, 0x00, 0x0b, 0xff, 0x40, 0x00, 0x00, 0x0b, 0xff,
    0x40, 0x00, 0x00, 0x0b, 0xff, 0x40, 0x00, 0x00, 0x0b, 0xff, 0x40, 0x00, 0x00, 0x0b, 0xff, 0x40,
    0x00, 0x00, 0x0b, 0xff, 0x40, 0x00, 0x00, 0x0b, 0xff, 0x40, 0x00, 0x00, 0x0b, 0xff, 0x40, 0x00,
    0x00, 0x0b, 0xff, 0x40, 0x00, 0x00, 0x0b, 0xff, 0x40, 0x00, 0x00, 0x0b, 0xff, 0x40, 0x00, 0x00,
    0x0b, 0xff, 0x40, 0x00, 0x00, 0x0b, 0xff, 0x40, 0x00, 0x00, 0x0b, 0xff, 0x40, 0x00, 0x00, 0x0b,
    0xff, 0x40, 0x00, 0x00, 0x0b, 0xff, 0x40, 0x00, 0x00, 0x0b, 0xff, 0x40, 0x00, 0x00, 0x0b, 0xff,
    0x40, 0x00, 0x00, 0x0b, 0xff, 0x40, 0x00, 0x00, 0x0b, 0xff, 0x40, 0x00, 0x00, 0x0b, 0xff, 0x40,
    0x00, 0x00, 0x0b, 0xff, 0x40, 0x00, 0x00, 0x00, 0x00, 0x3f, 0xfc, 0x00, 0x00, 0x00, 0x00, 0x00,
    0x3f, 0xfc, 0x00, 0x00, 0x00, 0x00, 0x00, 0x3f, 0xfc, 0x00, 0x00, 0x00, 0x00, 0x00, 0x3f, 0xfc,
    0x00, 0x00, 0x00, 0x00, 0x00, 0x3f, 0xfc, 0x00, 0x00, 0x00, 0x00, 0x00, 0x3f, 0xfc, 0x00, 0x00,
    0x00, 0x00, 0x00, 0x3f, 0xfc, 0x00, 0x00, 0x00, 0x00, 0x00, 0x3f, 0xfc, 0x00, 0x00, 0x00, 0x00,
    0x00, 0x3f, 0xfc, 0x00, 0x00, 0x00, 0x00, 0x00, 0x3f, 0xfc, 0x00, 0x00, 0x00, 0x00, 0x00, 0x3f,
    0xfc, 0x00, 0x00, 0x00, 0x00, 0x00, 0x3f, 0xfc, 0x00, 0x00, 0x00, 0x00, 0x00, 0x3f, 0xfc, 0x00,
    0x00, 0x00, 0x00, 0x00, 0x3f, 0xfc, 0x00, 0x00, 0x00, 0x00, 0x00, 0x3f, 0xfc, 0x00, 0x00, 0x00,
    0x00, 0x00, 0x3f, 0xfc, 0x00, 0x00, 0x00, 0x00, 0x00, 0x3f, 0xfb, 0x00, 0x00, 0x00, 0x00, 0x00,
    0x3f, 0xfb, 0x00, 0x00, 0x00, 0x00, 0x00, 0x5f, 0xf9, 0x00, 0x00, 0x00, 0x00, 0x00, 0x7f, 0xf7,
    0x00, 0x00, 0x00, 0x00, 0x00, 0xbf, 0xf3, 0x00, 0x00, 0x00, 0x00, 0x02, 0xff, 0xe0, 0x00, 0x00,
    0x00, 0x00, 0x1d, 0xff, 0x60, 0x00, 0x00, 0x9c, 0xab, 0xff, 0xfc, 0x00, 0x00, 0x00, 0xaf, 0xff,
    0xff, 0xc1, 0x00, 0x00, 0x00, 0x7e, 0xfe, 0xc6, 0x00, 0x00, 0x00, 0x00, 0x00, 0x0b, 0xff, 0x40,
    0x00, 0x00, 0x00, 0x01, 0xef, 0xfa, 0x00, 0x00, 0x0b, 0xff, 0x40, 0x00, 0x00, 0x00, 0x0c, 0xff,
    0xc0, 0x00, 0x00, 0x0b, 0xff, 0x40, 0x00, 0x00, 0x00, 0xaf, 0xfd, 0x10, 0x00, 0x00, 0x0b, 0xff,
    0x40, 0x00, 0x00, 0x07, 0xff, 0xe2, 0x00, 0x00, 0x00, 0x0b, 0xff, 0x40, 0x00, 0x00, 0x5f, 0xff,
    0x30, 0x00, 0x00, 0x00, 0x0b, 0xff, 0x40, 0x00, 0x03, 0xff, 0xf5, 0x00, 0x00, 0x00, 0x00, 0x0b,
    0xff, 0x40, 0x00, 0x1e, 0xff, 0x70, 0x00, 0x00, 0x00, 0x00, 0x0b, 0xff, 0x40, 0x00, 0xcf, 0xf9,
    0x00, 0x00, 0x00, 0x00, 0x00, 0x0b, 0xff, 0x40, 0x0a, 0xff, 0xb0, 0x00, 0x00, 0x00, 0x00, 0x00,
    0x0b, 0xff, 0x40, 0x7f, 0xfc, 0x00, 0x00, 0x00, 0x00, 0x00, 0x00, 0x0b, 0xff, 0x45, 0xff, 0xe1,
    0x00, 0x00, 0x00, 0x00, 0x00, 0x00, 0x0b, 0xff, 0x6f, 0xff, 0x20, 0x00, 0x00, 0x00, 0x00, 0x00,
    0x00, 0x0b, 0xff, 0xff, 0xf7, 0x00, 0x00, 0x00, 0x00, 0x00, 0x00, 0x00, 0x0b, 0xff, 0xbf, 0xff,
    0x30, 0x00, 0x00, 0x00, 0x00, 0x00, 0x00, 0x0b, 0xff, 0x4a, 0xff, 0xe1, 0x00, 0x00, 0x00, 0x00,
    0x00, 0x00, 0x0b, 0xff, 0x40, 0xdf, 0xfd, 0x00, 0x00, 0x00, 0x00, 0x00, 0x00, 0x0b, 0xff, 0x40,
    0x2e, 0xff, 0xb0, 0x00, 0x00, 0x00, 0x00, 0x00, 0x0b, 0xff, 0x40, 0x03, 0xff, 0xf9, 0x00, 0x00,
    0x00, 0x00, 0x00, 0x0b, 0xff, 0x40, 0x00, 0x6f, 0xff, 0x60, 0x00, 0x00, 0x00, 0x00, 0x0b, 0xff,
    0x40, 0x00, 0x09, 0xff, 0xf4, 0x00, 0x00, 0x00, 0x00, 0x0b, 0xff, 0x40, 0x00, 0x00, 0xbf, 0xff,
    0x30, 0x00, 0x00, 0x00, 0x0b, 0xff, 0x40, 0x00, 0x00, 0x1d, 0xff, 0xe1, 0x00, 0x00, 0x00, 0x0b,
    0xff, 0x40, 0x00, 0x00, 0x02, 0xff, 0xfc, 0x00, 0x00, 0x00, 0x0b, 0xff, 0x40, 0x00, 0x00, 0x00,
    0x5f, 0xff, 0xb0, 0x00, 0x00, 0x0b, 0xff, 0x40, 0x00, 0x00, 0x00, 0x07, 0xff, 0xf8, 0x00, 0x00,
    0x0b, 0xff, 0x40, 0x00, 0x00, 0x00, 0x00, 0xaf, 0xff, 0x60, 0x00, 0x0b, 0xff, 0x40, 0x00, 0x00,
    0x00, 0x00, 0x00, 0x00, 0x0b, 0xff, 0x40, 0x00, 0x00, 0x00, 0x00, 0x00, 0x00, 0x0b, 0xff, 0x40,
    0x00, 0x00, 0x00, 0x00, 0x00, 0x00, 0x0b, 0xff, 0x40, 0x00, 0x00, 0x00, 0x00, 0x00, 0x00, 0x0b,
    0xff, 0x40, 0x00, 0x00, 0x00, 0x00, 0x00, 0x00, 0x0b, 0xff, 0x40, 0x00, 0x00, 0x00, 0x00, 0x00,
    0x00, 0x0b, 0xff, 0x40, 0x00, 0x00, 0x00, 0x00, 0x00, 0x00, 0x0b, 0xff, 0x40, 0x00, 0x00, 0x00,
    0x00, 0x00, 0x00, 0x0b, 0xff, 0x40, 0x00, 0x00, 0x00, 0x00, 0x00, 0x00, 0x0b, 0xff, 0x40, 0x00,
    0x00, 0x00, 0x00, 0x00, 0x00, 0x0b, 0xff, 0x40, 0x00, 0x00, 0x00, 0x00, 0x00, 0x00, 0x0b, 0xff,
    0x40, 0x00, 0x00, 0x00, 0x00, 0x00, 0x00, 0x0b, 0xff, 0x40, 0x00, 0x00, 0x00, 0x00, 0x00, 0x00,
    0x0b, 0xff, 0x40, 0x00, 0x00, 0x00, 0x00, 0x00, 0x00, 0x0b, 0xff, 0x40, 0x00, 0x00, 0x00, 0x00,
    0x00, 0x00, 0x0b, 0xff, 0x40, 0x00, 0x00, 0x00, 0x00, 0x00, 0x00, 0x0b, 0xff, 0x40, 0x00, 0x00,
    0x00, 0x00, 0x00, 0x00, 0x0b, 0xff, 0x40, 0x00, 0x00, 0x00, 0x00, 0x00, 0x00, 0x0b, 0xff, 0x40,
    0x00, 0x00, 0x00, 0x00, 0x00, 0x00, 0x0b, 0xff, 0x40, 0x00, 0x00, 0x00, 0x00, 0x00, 0x00, 0x0b,
    0xff, 0x40, 0x00, 0x00, 0x00, 0x00, 0x00, 0x00, 0x0b, 0xff, 0x40, 0x00, 0x00, 0x00, 0x00, 0x00,
    0x00, 0x0b, 0xff, 0x40, 0x00, 0x00, 0x00, 0x00, 0x00, 0x00, 0x0b, 0xff, 0xca, 0xaa, 0xaa, 0xaa,
    0xaa, 0x40, 0x00, 0x0b, 0xff, 0xff, 0xff, 0xff, 0xff, 0xff, 0x60, 0x00, 0x0b, 0xff, 0xff, 0xff,
    0xff, 0xff, 0xff, 0x60, 0x00, 0x0b, 0xff, 0xf6, 0x00, 0x00, 0x00, 0x00, 0x00, 0x00, 0x00, 0x00,
    0x0e, 0xff, 0xf0, 0x00, 0x00, 0x0b, 0xff, 0xfd, 0x00, 0x00, 0x00, 0x00, 0x00, 0x00, 0x00, 0x00,
    0x5f, 0xff, 0xf0, 0x00, 0x00, 0x0b, 0xff, 0xff, 0x40, 0x00, 0x00, 0x00, 0x00, 0x00, 0x00, 0x00,
    0xcf, 0xff, 0xf0, 0x00, 0x00, 0x0b, 0xff, 0xff, 0xb0, 0x00, 0x00, 0x00, 0x00, 0x00, 0x00, 0x03,
    0xff, 0xff, 0xf0, 0x00, 0x00, 0x0b, 0xff, 0xcf, 0xf2, 0x00, 0x00, 0x00, 0x00, 0x00, 0x00, 0x0a,
    0xff, 0xcf, 0xf0, 0x00, 0x00, 0x0b, 0xff, 0x8f, 0xf8, 0x00, 0x00, 0x00, 0x00, 0x00, 0x00, 0x1f,
    0xfa, 0xdf, 0xf0, 0x00, 0x00, 0x0b, 0xff, 0x3f, 0xfe, 0x00, 0x00, 0x00, 0x00, 0x00, 0x00, 0x8f,
    0xf4, 0xef, 0xf0, 0x00, 0x00, 0x0b, 0xff, 0x29, 0xff, 0x60, 0x00, 0x00, 0x00, 0x00, 0x00, 0xef,
    0xd0, 0xef, 0xf0, 0x00, 0x00, 0x0b, 0xff, 0x22, 0xff, 0xd0, 0x00, 0x00, 0x00, 0x00, 0x06, 0xff,
    0x60, 0xef, 0xf0, 0x00, 0x00, 0x0b, 0xff, 0x20, 0xbf, 0xf4, 0x00, 0x00, 0x00, 0x00, 0x0d, 0xfe,
    0x00, 0xff, 0xf0, 0x00, 0x00, 0x0b, 0xff, 0x20, 0x4f, 0xfa, 0x00, 0x00, 0x00, 0x00, 0x4f, 0xf8,
    0x00, 0xff, 0xf0, 0x00, 0x00, 0x0b, 0xff, 0x20, 0x0d, 0xff, 0x10, 0x00, 0x00, 0x00, 0xbf, 0xf2,
    0x00, 0xff, 0xf0, 0x00, 0x00, 0x0b, 0xff, 0x20, 0x06, 0xff, 0x80, 0x00, 0x00, 0x02, 0xff, 0xb0,
    0x00, 0xff, 0xf0, 0x00, 0x00, 0x0b, 0xff, 0x20, 0x00, 0xef, 0xe0, 0x00, 0x00, 0x09, 0xff, 0x40,
    0x00, 0xff, 0xf0, 0x00, 0x00, 0x0b, 0xff, 0x20, 0x00, 0x8f, 0xf6, 0x00, 0x00, 0x1f, 0xfd, 0x00,
    0x00, 0xff, 0xf0, 0x00, 0x00, 0x0b, 0xff, 0x20, 0x00, 0x2f, 0xfd, 0x00, 0x00, 0x7f, 0xf6, 0x00,
    0x00, 0xff, 0xf0, 0x00, 0x00, 0x0b, 0xff, 0x20, 0x00, 0x0a, 0xff, 0x30, 0x00, 0xef, 0xe0, 0x00,
    0x00, 0xff, 0xf0, 0x00, 0x00, 0x0b, 0xff, 0x20, 0x00, 0x03, 0xff, 0xa0, 0x05, 0xff, 0x80, 0x00,
    0x00, 0xff, 0xf0, 0x00, 0x00, 0x0b, 0xff, 0x20, 0x00, 0x00, 0xdf, 0xf1, 0x0c, 0xff, 0x10, 0x00,
    0x00, 0xff, 0xf0, 0x00, 0x00, 0x0b, 0xff, 0x20, 0x00, 0x00, 0x6f, 0xf7, 0x2f, 0xfa, 0x00, 0x00,
    0x00, 0xff, 0xf0, 0x00, 0x00, 0x0b, 0xff, 0x20, 0x00, 0x00, 0x0e, 0xfd, 0x8f, 0xf3, 0x00, 0x00,
    0x00, 0xff, 0xf0, 0x00, 0x00, 0x0b, 0xff, 0x20, 0x00, 0x00, 0x08, 0xff, 0xff, 0xd0, 0x00, 0x00,
    0x00, 0xff, 0xf0, 0x00, 0x00, 0x0b, 0xff, 0x20, 0x00, 0x00, 0x01, 0xff, 0xff, 0x60, 0x00, 0x00,
    0x00, 0xff, 0xf0, 0x00, 0x00, 0x0b, 0xff, 0x20, 0x00, 0x00, 0x00, 0xaf, 0xfe, 0x00, 0x00, 0x00,
    0x00, 0xff, 0xf0, 0x00, 0x00, 0x0b, 0xff, 0x20, 0x00, 0x00, 0x00, 0x3f, 0xf8, 0x00, 0x00, 0x00,
    0x00, 0xff, 0xf0, 0x00, 0x00, 0x0b, 0xff, 0x20, 0x00, 0x00, 0x00, 0x0c, 0xf1, 0x00, 0x00, 0x00,
    0x00, 0xff, 0xf0, 0x00, 0x00, 0x0b, 0xff, 0xf7, 0x00, 0x00, 0x00, 0x00, 0x00, 0x00, 0x5f, 0xfa,
    0x00, 0x00, 0x00, 0x0b, 0xff, 0xff, 0x10, 0x00, 0x00, 0x00, 0x00, 0x00, 0x5f, 0xfa, 0x00, 0x00,
    0x00, 0x0b, 0xff, 0xff, 0xa0, 0x00, 0x00, 0x00, 0x00, 0x00, 0x5f, 0xfa, 0x00, 0x00, 0x00, 0x0b,
    0xff, 0xef, 0xf4, 0x00, 0x00, 0x00, 0x00, 0x00, 0x5f, 0xfa, 0x00, 0x00, 0x00, 0x0b, 0xff, 0x8f,
    0xfe, 0x00, 0x00, 0x00, 0x00, 0x00, 0x5f, 0xfa, 0x00, 0x00, 0x00, 0x0b, 0xff, 0x4c, 0xff, 0x80,
    0x00, 0x00, 0x00, 0x00, 0x5f, 0xfa, 0x00, 0x00, 0x00, 0x0b, 0xff, 0x43, 0xff, 0xf2, 0x00, 0x00,
    0x00, 0x00, 0x5f, 0xfa, 0x00, 0x00, 0x00, 0x0b, 0xff, 0x40, 0x9f, 0xfc, 0x00, 0x00, 0x00, 0x00,
    0x5f, 0xfa, 0x00, 0x00, 0x00, 0x0b, 0xff, 0x40, 0x0e, 0xff, 0x60, 0x00, 0x00, 0x00, 0x5f, 0xfa,
    0x00, 0x00, 0x00, 0x0b, 0xff, 0x40, 0x05, 0xff, 0xe1, 0x00, 0x00, 0x00, 0x5f, 0xfa, 0x00, 0x00,
    0x00, 0x0b, 0xff, 0x40, 0x00, 0xbf, 0xfa, 0x00, 0x00, 0x00, 0x5f, 0xfa, 0x00, 0x00, 0x00, 0x0b,
    0xff, 0x40, 0x00, 0x1f, 0xff, 0x30, 0x00, 0x00, 0x5f, 0xfa, 0x00, 0x00, 0x00, 0x0b, 0xff, 0x40,
    0x00, 0x07, 0xff, 0xd0, 0x00, 0x00, 0x5f, 0xfa, 0x00, 0x00, 0x00, 0x0b, 0xff, 0x40, 0x00, 0x00,
    0xcf, 0xf7, 0x00, 0x00, 0x5f, 0xfa, 0x00, 0x00, 0x00, 0x0b, 0xff, 0x40, 0x00, 0x00, 0x3f, 0xff,
    0x20, 0x00, 0x5f, 0xfa, 0x00, 0x00, 0x00, 0x0b, 0xff, 0x40, 0x00, 0x00, 0x09, 0xff, 0xb0, 0x00,
    0x5f, 0xfa, 0x00, 0x00, 0x00, 0x0b, 0xff, 0x40, 0x00, 0x00, 0x00, 0xef, 0xf5, 0x00, 0x5f, 0xfa,
    0x00, 0x00, 0x00, 0x0b, 0xff, 0x40, 0x00, 0x00, 0x00, 0x5f, 0xfe, 0x00, 0x5f, 0xfa, 0x00, 0x00,
    0x00, 0x0b, 0xff, 0x40, 0x00, 0x00, 0x00, 0x0b, 0xff, 0x90, 0x5f, 0xfa, 0x00, 0x00, 0x00, 0x0b,
    0xff, 0x40, 0x00, 0x00, 0x00, 0x01, 0xff, 0xf3, 0x5f, 0xfa, 0x00, 0x00, 0x00, 0x0b, 0xff, 0x40,
    0x00, 0x00, 0x00, 0x00, 0x7f, 0xfc, 0x4f, 0xfa, 0x00, 0x00, 0x00, 0x0b, 0xff, 0x40, 0x00, 0x00,
    0x00, 0x00, 0x0c, 0xff, 0xaf, 0xfa, 0x00, 0x00, 0x00, 0x0b, 0xff, 0x40, 0x00, 0x00, 0x00, 0x00,
    0x03, 0xff, 0xff, 0xfa, 0x00, 0x00, 0x00, 0x0b, 0xff, 0x40, 0x00, 0x00, 0x00, 0x00, 0x00, 0x9f,
    0xff, 0xfa, 0x00, 0x00, 0x00, 0x0b, 0xff, 0x40, 0x00, 0x00, 0x00, 0x00, 0x00, 0x0e, 0xff, 0xfa,
    0x00, 0x00, 0x00, 0x0b, 0xff, 0x40, 0x00, 0x00, 0x00, 0x00, 0x00, 0x05, 0xff, 0xfa, 0x00, 0x00,
    0x00, 0x00, 0x00, 0x00, 0x04, 0x9c, 0xef, 0xfd, 0xb7, 0x20, 0x00, 0x00, 0x00, 0x00, 0x00, 0x00,
    0x00, 0x06, 0xef, 0xff, 0xff, 0xff, 0xff, 0xf9, 0x10, 0x00, 0x00, 0x00, 0x00, 0x00, 0x00, 0xbf,
    0xff, 0xfe, 0xcb, 0xbd, 0xff, 0xff, 0xe3, 0x00, 0x00, 0x00, 0x00, 0x00, 0x1d, 0xff, 0xfb, 0x40,
    0x00, 0x00, 0x17, 0xff, 0xff, 0x40, 0x00, 0x00, 0x00, 0x00, 0xbf, 0xff, 0x50, 0x00, 0x00, 0x00,
    0x00, 0x1c, 0xff, 0xe1, 0x00, 0x00, 0x00, 0x06, 0xff, 0xf4, 0x00, 0x00, 0x00, 0x00, 0x00, 0x00,
    0xdf, 0xfb, 0x00, 0x00, 0x00, 0x0e, 0xff, 0x80, 0x00, 0x00, 0x00, 0x00, 0x00, 0x00, 0x3f, 0xff,
    0x30, 0x00, 0x00, 0x5f, 0xfe, 0x00, 0x00, 0x00, 0x00, 0x00, 0x00, 0x00, 0x0a, 0xff, 0xa0, 0x00,
    0x00, 0xaf, 0xf8, 0x00, 0x00, 0x00, 0x00, 0x00, 0x00, 0x00, 0x04, 0xff, 0xe0, 0x00, 0x00, 0xef,
    0xf3, 0x00, 0x00, 0x00, 0x00, 0x00, 0x00, 0x00, 0x00, 0xff, 0xf2, 0x00, 0x02, 0xff, 0xf0, 0x00,
    0x00, 0x00, 0x00, 0x00, 0x00, 0x00, 0x00, 0xdf, 0xf5, 0x00, 0x03, 0xff, 0xd0, 0x00, 0x00, 0x00,
    0x00, 0x00, 0x00, 0x00, 0x00, 0xbf, 0xf6, 0x00, 0x04, 0xff, 0xc0, 0x00, 0x00, 0x00, 0x00, 0x00,
    0x00, 0x00, 0x00, 0xaf, 0xf7, 0x00, 0x05, 0xff, 0xc0, 0x00, 0x00, 0x00, 0x00, 0x00, 0x00, 0x00,
    0x00, 0xaf, 0xf6, 0x00, 0x04, 0xff, 0xd0, 0x00, 0x00, 0x00, 0x00, 0x00, 0x00, 0x00, 0x00, 0xbf,
    0xf5, 0x00, 0x02, 0xff, 0xf0, 0x00, 0x00, 0x00, 0x00, 0x00, 0x00, 0x00, 0x00, 0xcf, 0xf4, 0x00,
    0x00, 0xff, 0xf2, 0x00, 0x00, 0x00, 0x00, 0x00, 0x00, 0x00, 0x00, 0xff, 0xf1, 0x00, 0x00, 0xcf,
    0xf7, 0x00, 0x00, 0x00, 0x00, 0x00, 0x00, 0x00, 0x04, 0xff, 0xd0, 0x00, 0x00, 0x7f, 0xfe, 0x00,
    0x00, 0x00, 0x00, 0x00, 0x00, 0x00, 0x0a, 0xff, 0x80, 0x00, 0x00, 0x1f, 0xff, 0x70, 0x00, 0x00,
    0x00, 0x00, 0x00, 0x00, 0x3f, 0xff, 0x10, 0x00, 0x00, 0x08, 0xff, 0xf3, 0x00, 0x00, 0x00, 0x00,
    0x00, 0x01, 0xdf, 0xf9, 0x00, 0x00, 0x00, 0x00, 0xdf, 0xff, 0x40, 0x00, 0x00, 0x00, 0x00, 0x1d,
    0xff, 0xd0, 0x00, 0x00, 0x00, 0x00, 0x2e, 0xff, 0xfa, 0x20, 0x00, 0x00, 0x28, 0xff, 0xfe, 0x20,
    0x00, 0x00, 0x00, 0x00, 0x02, 0xdf, 0xff, 0xfe, 0xba, 0xbd, 0xff, 0xff, 0xd2, 0x00, 0x00, 0x00,
    0x00, 0x00, 0x00, 0x08, 0xff, 0xff, 0xff, 0xff, 0xff, 0xf8, 0x00, 0x00, 0x00, 0x00, 0x00, 0x00,
    0x00, 0x00, 0x15, 0xad, 0xef, 0xed, 0xa5, 0x10, 0x00, 0x00, 0x00, 0x00, 0x00, 0x0b, 0xff, 0xff,
    0xff, 0xfe, 0xc9, 0x30, 0x00, 0x00, 0x00, 0x0b, 0xff, 0xff, 0xff, 0xff, 0xff, 0xfb, 0x10, 0x00,
    0x00, 0x0b, 0xff, 0xca, 0xaa, 0xbd, 0xff, 0xff, 0xd1, 0x00, 0x00, 0x0b, 0xff, 0x40, 0x00, 0x00,
    0x18, 0xff, 0xfb, 0x00, 0x00, 0x0b, 0xff, 0x40, 0x00, 0x00, 0x00, 0x5f, 0xff, 0x30, 0x00, 0x0b,
    0xff, 0x40, 0x00, 0x00, 0x00, 0x0c, 0xff, 0x70, 0x00, 0x0b, 0xff, 0x40, 0x00, 0x00, 0x00, 0x07,
    0xff, 0xa0, 0x00, 0x0b, 0xff, 0x40, 0x00, 0x00, 0x00, 0x06, 0xff, 0xb0, 0x00, 0x0b, 0xff, 0x40,
    0x00, 0x00, 0x00, 0x07, 0xff, 0xa0, 0x00, 0x0b, 0xff, 0x40, 0x00, 0x00, 0x00, 0x0a, 0xff, 0x70,
    0x00, 0x0b, 0xff, 0x40, 0x00, 0x00, 0x00, 0x2f, 0xff, 0x20, 0x00, 0x0b, 0xff, 0x40, 0x00, 0x00,
    0x01, 0xdf, 0xfb, 0x00, 0x00, 0x0b, 0xff, 0x40, 0x00, 0x13, 0x8e, 0xff, 0xe1, 0x00, 0x00, 0x0b,
    0xff, 0xff, 0xff, 0xff, 0xff, 0xfe, 0x30, 0x00, 0x00, 0x0b, 0xff, 0xff, 0xff, 0xff, 0xff, 0x91,
    0x00, 0x00, 0x00, 0x0b, 0xff, 0xca, 0xaa, 0x98, 0x40, 0x00, 0x00, 0x00, 0x00, 0x0b, 0xff, 0x40,
    0x00, 0x00, 0x00, 0x00, 0x00, 0x00, 0x00, 0x0b, 0xff, 0x40, 0x00, 0x00, 0x00, 0x00, 0x00, 0x00,
    0x00, 0x0b, 0xff, 0x40, 0x00, 0x00, 0x00, 0x00, 0x00, 0x00, 0x00, 0x0b, 0xff, 0x40, 0x00, 0x00,
    0x00, 0x00, 0x00, 0x00, 0x00, 0x0b, 0xff, 0x40, 0x00, 0x00, 0x00, 0x00, 0x00, 0x00, 0x00, 0x0b,
    0xff, 0x40, 0x00, 0x00, 0x00, 0x00, 0x00, 0x00, 0x00, 0x0b, 0xff, 0x40, 0x00, 0x00, 0x00, 0x00,
    0x00, 0x00, 0x00, 0x0b, 0xff, 0x40, 0x00, 0x00, 0x00, 0x00, 0x00, 0x00, 0x00, 0x0b, 0xff, 0x40,
    0x00, 0x00, 0x00, 0x00, 0x00, 0x00, 0x00, 0x0b, 0xff, 0x40, 0x00, 0x00, 0x00, 0x00, 0x00, 0x00,
    0x00, 0x00, 0x00, 0x00, 0x04, 0x9c, 0xef, 0xfd, 0xb7, 0x20, 0x00, 0x00, 0x00, 0x00, 0x00, 0x00,
    0x00, 0x06, 0xef, 0xff, 0xff, 0xff, 0xff, 0xf9, 0x10, 0x00, 0x00, 0x00, 0x00, 0x00, 0x00, 0xbf,
    0xff, 0xfe, 0xcb, 0xbd, 0xff, 0xff, 0xe3, 0x00, 0x00, 0x00, 0x00, 0x00, 0x1d, 0xff, 0xfb, 0x40,
    0x00, 0x00, 0x17, 0xff, 0xff, 0x40, 0x00, 0x00, 0x00, 0x00, 0xbf, 0xff, 0x50, 0x00, 0x00, 0x00,
    0x00, 0x1c, 0xff, 0xe1, 0x00, 0x00, 0x00, 0x06, 0xff, 0xf5, 0x00, 0x00, 0x00, 0x00, 0x00, 0x00,
    0xdf, 0xfb, 0x00, 0x00, 0x00, 0x0e, 0xff, 0x80, 0x00, 0x00, 0x00, 0x00, 0x00, 0x00, 0x3f, 0xff,
    0x30, 0x00, 0x00, 0x5f, 0xfe, 0x00, 0x00, 0x00, 0x00, 0x00, 0x00, 0x00, 0x0a, 0xff, 0xa0, 0x00,
    0x00, 0xaf, 0xf8, 0x00, 0x00, 0x00, 0x00, 0x00, 0x00, 0x00, 0x04, 0xff, 0xe0, 0x00, 0x00, 0xef,
    0xf3, 0x00, 0x00, 0x00, 0x00, 0x00, 0x00, 0x00, 0x00, 0xff, 0xf2, 0x00, 0x02, 0xff, 0xf0, 0x00,
    0x00, 0x00, 0x00, 0x00, 0x00, 0x00, 0x00, 0xcf, 0xf5, 0x00, 0x03, 0xff, 0xd0, 0x00, 0x00, 0x00,
    0x00, 0x00, 0x00, 0x00, 0x00, 0xbf, 0xf6, 0x00, 0x04, 0xff, 0xc0, 0x00, 0x00, 0x00, 0x00, 0x00,
    0x00, 0x00, 0x00, 0xaf, 0xf7, 0x00, 0x05, 0xff, 0xc0, 0x00, 0x00, 0x00, 0x00, 0x00, 0x00, 0x00,
    0x00, 0xaf, 0xf6, 0x00, 0x04, 0xff, 0xd0, 0x00, 0x00, 0x00, 0x00, 0x00, 0x00, 0x00, 0x00, 0xbf,
    0xf5, 0x00, 0x02, 0xff, 0xf0, 0x00, 0x00, 0x00, 0x00, 0x00, 0x00, 0x00, 0x00, 0xcf, 0xf4, 0x00,
    0x00, 0xff, 0xf2, 0x00, 0x00, 0x00, 0x00, 0x00, 0x00, 0x00, 0x00, 0xff, 0xf1, 0x00, 0x00, 0xcf,
    0xf7, 0x00, 0x00, 0x00, 0x00, 0x00, 0x00, 0x00, 0x04, 0xff, 0xd0, 0x00, 0x00, 0x7f, 0xfe, 0x00,
    0x00, 0x00, 0x00, 0x00, 0x00, 0x00, 0x0a, 0xff, 0x80, 0x00, 0x00, 0x1f, 0xff, 0x70, 0x00, 0x00,
    0x00, 0x00, 0x00, 0x00, 0x3f, 0xff, 0x10, 0x00, 0x00, 0x08, 0xff, 0xf3, 0x00, 0x00, 0x00, 0x00,
    0x00, 0x01, 0xdf, 0xf9, 0x00, 0x00, 0x00, 0x00, 0xdf, 0xff, 0x40, 0x00, 0x00, 0x00, 0x00, 0x1d,
    0xff, 0xd0, 0x00, 0x00, 0x00, 0x00, 0x2e, 0xff, 0xfa, 0x20, 0x00, 0x00, 0x28, 0xff, 0xfe, 0x20,
    0x00, 0x00, 0x00, 0x00, 0x01, 0xdf, 0xff, 0xfe, 0xba, 0xbd, 0xff, 0xff, 0xe2, 0x00, 0x00, 0x00,
    0x00, 0x00, 0x00, 0x07, 0xff, 0xff, 0xff, 0xff, 0xff, 0xff, 0xf6, 0x00, 0x00, 0x00, 0x00, 0x00,
    0x00, 0x00, 0x15, 0xad, 0xef, 0xed, 0xa8, 0xff, 0xff, 0xb1, 0x00, 0x00, 0x00, 0x00, 0x00, 0x00,
    0x00, 0x00, 0x00, 0x00, 0x00, 0x2d, 0xff, 0xfe, 0x40, 0x00, 0x00, 0x00, 0x00, 0x00, 0x00, 0x00,
    0x00, 0x00, 0x00, 0x00, 0xaf, 0xff, 0xf8, 0x00, 0x00, 0x00, 0x00, 0x00, 0x00, 0x00, 0x00, 0x00,
    0x00, 0x00, 0x06, 0xff, 0xff, 0xc2, 0x00, 0x0b, 0xff, 0xff, 0xff, 0xff, 0xda, 0x40, 0x00, 0x00,
    0x00, 0x00, 0x0b, 0xff, 0xff, 0xff, 0xff, 0xff, 0xfc, 0x20, 0x00, 0x00, 0x00, 0x0b, 0xff, 0xca,
    0xaa, 0xbc, 0xff, 0xff, 0xe1, 0x00, 0x00, 0x00, 0x0b, 0xff, 0x40, 0x00, 0x00, 0x07, 0xff, 0xfa,
    0x00, 0x00, 0x00, 0x0b, 0xff, 0x40, 0x00, 0x00, 0x00, 0x6f, 0xff, 0x10, 0x00, 0x00, 0x0b, 0xff,
    0x40, 0x00, 0x00, 0x00, 0x0d, 0xff, 0x50, 0x00, 0x00, 0x0b, 0xff, 0x40, 0x00, 0x00, 0x00, 0x0a,
    0xff, 0x70, 0x00, 0x00, 0x0b, 0xff, 0x40, 0x00, 0x00, 0x00, 0x09, 0xff, 0x70, 0x00, 0x00, 0x0b,
    0xff, 0x40, 0x00, 0x00, 0x00, 0x0c, 0xff, 0x50, 0x00, 0x00, 0x0b, 0xff, 0x40, 0x00, 0x00, 0x00,
    0x1f, 0xff, 0x10, 0x00, 0x00, 0x0b, 0xff, 0x40, 0x00, 0x00, 0x00, 0xaf, 0xf9, 0x00, 0x00, 0x00,
    0x0b, 0xff, 0x40, 0x00, 0x00, 0x2a, 0xff, 0xd1, 0x00, 0x00, 0x00, 0x0b, 0xff, 0xca, 0xaa, 0xbc,
    0xff, 0xfc, 0x10, 0x00, 0x00, 0x00, 0x0b, 0xff, 0xff, 0xff, 0xff, 0xfc, 0x60, 0x00, 0x00, 0x00,
    0x00, 0x0b, 0xff, 0xff, 0xff, 0xff, 0xf9, 0x00, 0x00, 0x00, 0x00, 0x00, 0x0b, 0xff, 0x40, 0x01,
    0x6e, 0xff, 0xb0, 0x00, 0x00, 0x00, 0x00, 0x0b, 0xff, 0x40, 0x00, 0x01, 0xdf, 0xf8, 0x00, 0x00,
    0x00, 0x00, 0x0b, 0xff, 0x40, 0x00, 0x00, 0x2f, 0xff, 0x30, 0x00, 0x00, 0x00, 0x0b, 0xff, 0x40,
    0x00, 0x00, 0x08, 0xff, 0xc0, 0x00, 0x00, 0x00, 0x0b, 0xff, 0x40, 0x00, 0x00, 0x00, 0xef, 0xf6,
    0x00, 0x00, 0x00, 0x0b, 0xff, 0x40, 0x00, 0x00, 0x00, 0x5f, 0xfe, 0x10, 0x00, 0x00, 0x0b, 0xff,
    0x40, 0x00, 0x00, 0x00, 0x0c, 0xff, 0xa0, 0x00, 0x00, 0x0b, 0xff, 0x40, 0x00, 0x00, 0x00, 0x03,
    0xff, 0xf3, 0x00, 0x00, 0x0b, 0xff, 0x40, 0x00, 0x00, 0x00, 0x00, 0x9f, 0xfd, 0x00, 0x00, 0x0b,
    0xff, 0x40, 0x00, 0x00, 0x00, 0x00, 0x1e, 0xff, 0x70, 0x00, 0x0b, 0xff, 0x40, 0x00, 0x00, 0x00,
    0x00, 0x06, 0xff, 0xf1, 0x00, 0x00, 0x00, 0x28, 0xbe, 0xff, 0xfe, 0xc9, 0x20, 0x00, 0x00, 0x00,
    0x1b, 0xff, 0xff, 0xff, 0xff, 0xff, 0x50, 0x00, 0x00, 0x02, 0xef, 0xff, 0xec, 0xbb, 0xcf, 0xff,
    0x50, 0x00, 0x00, 0x0d, 0xff, 0xd5, 0x00, 0x00, 0x00, 0x39, 0x50, 0x00, 0x00, 0x6f, 0xfd, 0x00,
    0x00, 0x00, 0x00, 0x00, 0x00, 0x00, 0x00, 0xbf, 0xf6, 0x00, 0x00, 0x00, 0x00, 0x00, 0x00, 0x00,
    0x00, 0xcf, 0xf4, 0x00, 0x00, 0x00, 0x00, 0x00, 0x00, 0x00, 0x00, 0xcf, 0xf6, 0x00, 0x00, 0x00,
    0x00, 0x00, 0x00, 0x00, 0x00, 0x9f, 0xfd, 0x00, 0x00, 0x00, 0x00, 0x00, 0x00, 0x00, 0x00, 0x2f,
    0xff, 0xb1, 0x00, 0x00, 0x00, 0x00, 0x00, 0x00, 0x00, 0x07, 0xff, 0xfe, 0x60, 0x00, 0x00, 0x00,
    0x00, 0x00, 0x00, 0x00, 0x7f, 0xff, 0xfd, 0x60, 0x00, 0x00, 0x00, 0x00, 0x00, 0x00, 0x03, 0xdf,
    0xff, 0xfd, 0x40, 0x00, 0x00, 0x00, 0x00, 0x00, 0x00, 0x06, 0xef, 0xff, 0xfb, 0x10, 0x00, 0x00,
    0x00, 0x00, 0x00, 0x00, 0x07, 0xef, 0xff, 0xe3, 0x00, 0x00, 0x00, 0x00, 0x00, 0x00, 0x00, 0x08,
    0xff, 0xfe, 0x10, 0x00, 0x00, 0x00, 0x00, 0x00, 0x00, 0x00, 0x3e, 0xff, 0xb0, 0x00, 0x00, 0x00,
    0x00, 0x00, 0x00, 0x00, 0x04, 0xff, 0xf2, 0x00, 0x00, 0x00, 0x00, 0x00, 0x00, 0x00, 0x00, 0xdf,
    0xf5, 0x00, 0x00, 0x00, 0x00, 0x00, 0x00, 0x00, 0x00, 0xbf, 0xf5, 0x00, 0x00, 0x00, 0x00, 0x00,
    0x00, 0x00, 0x00, 0xdf, 0xf4, 0x00, 0x00, 0x91, 0x00, 0x00, 0x00, 0x00, 0x04, 0xff, 0xf0, 0x00,
    0x00, 0xef, 0x93, 0x00, 0x00, 0x00, 0x6f, 0xff, 0x90, 0x00, 0x00, 0xef, 0xff, 0xfc, 0xba, 0xcf,
    0xff, 0xfc, 0x00, 0x00, 0x00, 0xaf, 0xff, 0xff, 0xff, 0xff, 0xff, 0x90, 0x00, 0x00, 0x00, 0x02,
    0x6a, 0xdf, 0xff, 0xdb, 0x71, 0x00, 0x00, 0x00, 0x4f, 0xff, 0xff, 0xff, 0xff, 0xff, 0xff, 0xff,
    0xff, 0x30, 0x4f, 0xff, 0xff, 0xff, 0xff, 0xff, 0xff, 0xff, 0xff, 0x30, 0x3a, 0xaa, 0xaa, 0xaa,
    0xff, 0xfa, 0xaa, 0xaa, 0xaa, 0x20, 0x00, 0x00, 0x00, 0x00, 0xff, 0xf0, 0x00, 0x00, 0x00, 0x00,
    0x00, 0x00, 0x00, 0x00, 0xff, 0xf0, 0x00, 0x00, 0x00, 0x00, 0x00, 0x00, 0x00, 0x00, 0xff, 0xf0,
    0x00, 0x00, 0x00, 0x00, 0x00, 0x00, 0x00, 0x00, 0xff, 0xf0, 0x00, 0x00, 0x00, 0x00, 0x00, 0x00,
    0x00, 0x00, 0xff, 0xf0, 0x00, 0x00, 0x00, 0x00, 0x00, 0x00, 0x00, 0x00, 0xff, 0xf0, 0x00, 0x00,
    0x00, 0x00, 0x00, 0x00, 0x00, 0x00, 0xff, 0xf0, 0x00, 0x00, 0x00, 0x00, 0x00, 0x00, 0x00, 0x00,
    0xff, 0xf0, 0x00, 0x00, 0x00, 0x00, 0x00, 0x00, 0x00, 0x00, 0xff, 0xf0, 0x00, 0x00, 0x00, 0x00,
    0x00, 0x00, 0x00, 0x00, 0xff, 0xf0, 0x00, 0x00, 0x00, 0x00, 0x00, 0x00, 0x00, 0x00, 0xff, 0xf0,
    0x00, 0x00, 0x00, 0x00, 0x00, 0x00, 0x00, 0x00, 0xff, 0xf0, 0x00, 0x00, 0x00, 0x00, 0x00, 0x00,
    0x00, 0x00, 0xff, 0xf0, 0x00, 0x00, 0x00, 0x00, 0x00, 0x00, 0x00, 0x00, 0xff, 0xf0, 0x00, 0x00,
    0x00, 0x00, 0x00, 0x00, 0x00, 0x00, 0xff, 0xf0, 0x00, 0x00, 0x00, 0x00, 0x00, 0x00, 0x00, 0x00,
    0xff, 0xf0, 0x00, 0x00, 0x00, 0x00, 0x00, 0x00, 0x00, 0x00, 0xff, 0xf0, 0x00, 0x00, 0x00, 0x00,
    0x00, 0x00, 0x00, 0x00, 0xff, 0xf0, 0x00, 0x00, 0x00, 0x00, 0x00, 0x00, 0x00, 0x00, 0xff, 0xf0,
    0x00, 0x00, 0x00, 0x00, 0x00, 0x00, 0x00, 0x00, 0xff, 0xf0, 0x00, 0x00, 0x00, 0x00, 0x00, 0x00,
    0x00, 0x00, 0xff, 0xf0, 0x00, 0x00, 0x00, 0x00, 0x00, 0x00, 0x00, 0x00, 0xff, 0xf0, 0x00, 0x00,
    0x00, 0x00, 0x00, 0x00, 0x00, 0x00, 0xff, 0xf0, 0x00, 0x00, 0x00, 0x00, 0x00, 0x0f, 0xff, 0x00,
    0x00, 0x00, 0x00, 0x00, 0x00, 0x3f, 0xfc, 0x00, 0x00, 0x00, 0x0f, 0xff, 0x00, 0x00, 0x00, 0x00,
    0x00, 0x00, 0x3f, 0xfc, 0x00, 0x00, 0x00, 0x0f, 0xff, 0x00, 0x00, 0x00, 0x00, 0x00, 0x00, 0x3f,
    0xfc, 0x00, 0x00, 0x00, 0x0f, 0xff, 0x00, 0x00, 0x00, 0x00, 0x00, 0x00, 0x3f, 0xfc, 0x00, 0x00,
    0x00, 0x0f, 0xff, 0x00, 0x00, 0x00, 0x00, 0x00, 0x00, 0x3f, 0xfc, 0x00, 0x00, 0x00, 0x0f, 0xff,
    0x00, 0x00, 0x00, 0x00, 0x00, 0x00, 0x3f, 0xfc, 0x00, 0x00, 0x00, 0x0f, 0xff, 0x00, 0x00, 0x00,
    0x00, 0x00, 0x00, 0x3f, 0xfc, 0x00, 0x00, 0x00, 0x0f, 0xff, 0x00, 0x00, 0x00, 0x00, 0x00, 0x00,
    0x3f, 0xfc, 0x00, 0x00, 0x00, 0x0f, 0xff, 0x00, 0x00, 0x00, 0x00, 0x00, 0x00, 0x3f, 0xfc, 0x00,
    0x00, 0x00, 0x0f, 0xff, 0x00, 0x00, 0x00, 0x00, 0x00, 0x00, 0x3f, 0xfc, 0x00, 0x00, 0x00, 0x0f,
    0xff, 0x00, 0x00, 0x00, 0x00, 0x00, 0x00, 0x3f, 0xfc, 0x00, 0x00, 0x00, 0x0f, 0xff, 0x00, 0x00,
    0x00, 0x00, 0x00, 0x00, 0x3f, 0xfc, 0x00, 0x00, 0x00, 0x0f, 0xff, 0x00, 0x00, 0x00, 0x00, 0x00,
    0x00, 0x3f, 0xfc, 0x00, 0x00, 0x00, 0x0f, 0xff, 0x00, 0x00, 0x00, 0x00, 0x00, 0x00, 0x3f, 0xfc,
    0x00, 0x00, 0x00, 0x0f, 0xff, 0x00, 0x00, 0x00, 0x00, 0x00, 0x00, 0x3f, 0xfc, 0x00, 0x00, 0x00,
    0x0f, 0xff, 0x00, 0x00, 0x00, 0x00, 0x00, 0x00, 0x3f, 0xfb, 0x00, 0x00, 0x00, 0x0f, 0xff, 0x00,
    0x00, 0x00, 0x00, 0x00, 0x00, 0x3f, 0xfa, 0x00, 0x00, 0x00, 0x0e, 0xff, 0x10, 0x00, 0x00, 0x00,
    0x00, 0x00, 0x5f, 0xf9, 0x00, 0x00, 0x00, 0x0c, 0xff, 0x40, 0x00, 0x00, 0x00, 0x00, 0x00, 0x7f,
    0xf7, 0x00, 0x00, 0x00, 0x09, 0xff, 0x90, 0x00, 0x00, 0x00, 0x00, 0x00, 0xcf, 0xf3, 0x00, 0x00,
    0x00, 0x04, 0xff, 0xe1, 0x00, 0x00, 0x00, 0x00, 0x03, 0xff, 0xe0, 0x00, 0x00, 0x00, 0x00, 0xef,
    0xfb, 0x00, 0x00, 0x00, 0x00, 0x1d, 0xff, 0x80, 0x00, 0x00, 0x00, 0x00, 0x5f, 0xff, 0xc3, 0x00,
    0x00, 0x04, 0xdf, 0xfd, 0x00, 0x00, 0x00, 0x00, 0x00, 0x09, 0xff, 0xff, 0xeb, 0xab, 0xef, 0xff,
    0xe3, 0x00, 0x00, 0x00, 0x00, 0x00, 0x00, 0x7f, 0xff, 0xff, 0xff, 0xff, 0xfb, 0x20, 0x00, 0x00,
    0x00, 0x00, 0x00, 0x00, 0x01, 0x7b, 0xef, 0xfe, 0xc8, 0x30, 0x00, 0x00, 0x00, 0x00, 0x8f, 0xfc,
    0x00, 0x00, 0x00, 0x00, 0x00, 0x00, 0x00, 0x5f, 0xfd, 0x00, 0x2f, 0xff, 0x10, 0x00, 0x00, 0x00,
    0x00, 0x00, 0x00, 0xaf, 0xf8, 0x00, 0x0d, 0xff, 0x70, 0x00, 0x00, 0x00, 0x00, 0x00, 0x00, 0xff,
    0xf2, 0x00, 0x07, 0xff, 0xc0, 0x00, 0x00, 0x00, 0x00, 0x00, 0x05, 0xff, 0xc0, 0x00, 0x01, 0xff,
    0xf2, 0x00, 0x00, 0x00, 0x00, 0x00, 0x0b, 0xff, 0x60, 0x00, 0x00, 0xcf, 0xf7, 0x00, 0x00, 0x00,
    0x00, 0x00, 0x1f, 0xff, 0x10, 0x00, 0x00, 0x6f, 0xfc, 0x00, 0x00, 0x00, 0x00, 0x00, 0x6f, 0xfb,
    0x00, 0x00, 0x00, 0x1f, 0xff, 0x20, 0x00, 0x00, 0x00, 0x00, 0xbf, 0xf5, 0x00, 0x00, 0x00, 0x0b,
    0xff, 0x70, 0x00, 0x00, 0x00, 0x01, 0xff, 0xf0, 0x00, 0x00, 0x00, 0x05, 0xff, 0xd0, 0x00, 0x00,
    0x00, 0x06, 0xff, 0xa0, 0x00, 0x00, 0x00, 0x00, 0xff, 0xf2, 0x00, 0x00, 0x00, 0x0c, 0xff, 0x40,
    0x00, 0x00, 0x00, 0x00, 0xaf, 0xf7, 0x00, 0x00, 0x00, 0x1f, 0xfe, 0x00, 0x00, 0x00, 0x00, 0x00,
    0x4f, 0xfd, 0x00, 0x00, 0x00, 0x7f, 0xf8, 0x00, 0x00, 0x00, 0x00, 0x00, 0x0e, 0xff, 0x20, 0x00,
    0x00, 0xcf, 0xf3, 0x00, 0x00, 0x00, 0x00, 0x00, 0x09, 0xff, 0x80, 0x00, 0x02, 0xff, 0xd0, 0x00,
    0x00, 0x00, 0x00, 0x00, 0x03, 0xff, 0xd0, 0x00, 0x07, 0xff, 0x70, 0x00, 0x00, 0x00, 0x00, 0x00,
    0x00, 0xef, 0xf2, 0x00, 0x0d, 0xff, 0x10, 0x00, 0x00, 0x00, 0x00, 0x00, 0x00, 0x8f, 0xf8, 0x00,
    0x3f, 0xfc, 0x00, 0x00, 0x00, 0x00, 0x00, 0x00, 0x00, 0x3f, 0xfd, 0x00, 0x8f, 0xf6, 0x00, 0x00,
    0x00, 0x00, 0x00, 0x00, 0x00, 0x0d, 0xff, 0x30, 0xdf, 0xf1, 0x00, 0x00, 0x00, 0x00, 0x00, 0x00,
    0x00, 0x07, 0xff, 0x83, 0xff, 0xa0, 0x00, 0x00, 0x00, 0x00, 0x00, 0x00, 0x00, 0x02, 0xff, 0xd8,
    0xff, 0x50, 0x00, 0x00, 0x00, 0x00, 0x00, 0x00, 0x00, 0x00, 0xcf, 0xfc, 0xfe, 0x00, 0x00, 0x00,
    0x00, 0x00, 0x00, 0x00, 0x00, 0x00, 0x6f, 0xff, 0xf9, 0x00, 0x00, 0x00, 0x00, 0x00, 0x00, 0x00,
    0x00, 0x00, 0x1f, 0xff, 0xf3, 0x00, 0x00, 0x00, 0x00, 0x00, 0x00, 0x00, 0x00, 0x00, 0x0b, 0xff,
    0xe0, 0x00, 0x00, 0x00, 0x00, 0x00, 0x6f, 0xfd, 0x00, 0x00, 0x00, 0x00, 0x00, 0x07, 0xff, 0xa0,
    0x00, 0x00, 0x00, 0x00, 0x02, 0xff, 0xf1, 0x1f, 0xff, 0x10, 0x00, 0x00, 0x00, 0x00, 0x0b, 0xff,
    0xe0, 0x00, 0x00, 0x00, 0x00, 0x06, 0xff, 0xc0, 0x0d, 0xff, 0x50, 0x00, 0x00, 0x00, 0x00, 0x0f,
    0xff, 0xf3, 0x00, 0x00, 0x00, 0x00, 0x0a, 0xff, 0x80, 0x08, 0xff, 0xa0, 0x00, 0x00, 0x00, 0x00,
    0x4f, 0xff, 0xf7, 0x00, 0x00, 0x00, 0x00, 0x0e, 0xff, 0x30, 0x04, 0xff, 0xe0, 0x00, 0x00, 0x00,
    0x00, 0x8f, 0xef, 0xfb, 0x00, 0x00, 0x00, 0x00, 0x2f, 0xff, 0x00, 0x00, 0xff, 0xf2, 0x00, 0x00,
    0x00, 0x00, 0xdf, 0xcc, 0xff, 0x00, 0x00, 0x00, 0x00, 0x6f, 0xfa, 0x00, 0x00, 0xbf, 0xf7, 0x00,
    0x00, 0x00, 0x01, 0xff, 0x9a, 0xff, 0x40, 0x00, 0x00, 0x00, 0xbf, 0xf6, 0x00, 0x00, 0x6f, 0xfb,
    0x00, 0x00, 0x00, 0x06, 0xff, 0x57, 0xff, 0x80, 0x00, 0x00, 0x00, 0xef, 0xf2, 0x00, 0x00, 0x2f,
    0xff, 0x00, 0x00, 0x00, 0x0a, 0xff, 0x12, 0xff, 0xc0, 0x00, 0x00, 0x03, 0xff, 0xd0, 0x00, 0x00,
    0x0d, 0xff, 0x40, 0x00, 0x00, 0x0f, 0xfc, 0x00, 0xef, 0xf1, 0x00, 0x00, 0x07, 0xff, 0x90, 0x00,
    0x00, 0x09, 0xff, 0x80, 0x00, 0x00, 0x3f, 0xf8, 0x00, 0x9f, 0xf5, 0x00, 0x00, 0x0b, 0xff, 0x40,
    0x00, 0x00, 0x04, 0xff, 0xc0, 0x00, 0x00, 0x8f, 0xf3, 0x00, 0x5f, 0xf9, 0x00, 0x00, 0x0f, 0xff,
    0x00, 0x00, 0x00, 0x00, 0xff, 0xf1, 0x00, 0x00, 0xcf, 0xf0, 0x00, 0x1f, 0xfd, 0x00, 0x00, 0x3f,
    0xfc, 0x00, 0x00, 0x00, 0x00, 0xbf, 0xf5, 0x00, 0x01, 0xff, 0xb0, 0x00, 0x0c, 0xff, 0x10, 0x00,
    0x7f, 0xf7, 0x00, 0x00, 0x00, 0x00, 0x6f, 0xf9, 0x00, 0x05, 0xff, 0x60, 0x00, 0x08, 0xff, 0x60,
    0x00, 0xbf, 0xf3, 0x00, 0x00, 0x00, 0x00, 0x2f, 0xfe, 0x00, 0x0a, 0xff, 0x20, 0x00, 0x04, 0xff,
    0xa0, 0x00, 0xff, 0xe0, 0x00, 0x00, 0x00, 0x00, 0x0d, 0xff, 0x20, 0x0e, 0xfe, 0x00, 0x00, 0x00,
    0xff, 0xe0, 0x04, 0xff, 0xa0, 0x00, 0x00, 0x00, 0x00, 0x09, 0xff, 0x60, 0x3f, 0xf9, 0x00, 0x00,
    0x00, 0xbf, 0xf2, 0x08, 0xff, 0x60, 0x00, 0x00, 0x00, 0x00, 0x04, 0xff, 0xa0, 0x7f, 0xf5, 0x00,
    0x00, 0x00, 0x7f, 0xf7, 0x0c, 0xff, 0x10, 0x00, 0x00, 0x00, 0x00, 0x00, 0xff, 0xf0, 0xbf, 0xf1,
    0x00, 0x00, 0x00, 0x2f, 0xfb, 0x0f, 0xfd, 0x00, 0x00, 0x00, 0x00, 0x00, 0x00, 0xbf, 0xf3, 0xff,
    0xc0, 0x00, 0x00, 0x00, 0x0e, 0xff, 0x4f, 0xf9, 0x00, 0x00, 0x00, 0x00, 0x00, 0x00, 0x7f, 0xf9,
    0xff, 0x80, 0x00, 0x00, 0x00, 0x09, 0xff, 0xaf, 0xf4, 0x00, 0x00, 0x00, 0x00, 0x00, 0x00, 0x2f,
    0xfe, 0xff, 0x30, 0x00, 0x00, 0x00, 0x05, 0xff, 0xef, 0xf0, 0x00, 0x00, 0x00, 0x00, 0x00, 0x00,
    0x0d, 0xff, 0xfe, 0x00, 0x00, 0x00, 0x00, 0x01, 0xff, 0xff, 0xb0, 0x00, 0x00, 0x00, 0x00, 0x00,
    0x00, 0x09, 0xff, 0xfa, 0x00, 0x00, 0x00, 0x00, 0x00, 0xcf, 0xff, 0x70, 0x00, 0x00, 0x00, 0x00,
    0x00, 0x00, 0x04, 0xff, 0xf6, 0x00, 0x00, 0x00, 0x00, 0x00, 0x8f, 0xff, 0x30, 0x00, 0x00, 0x00,
    0x09, 0xff, 0xf1, 0x00, 0x00, 0x00, 0x00, 0x00, 0x1f, 0xff, 0x40, 0x01, 0xef, 0xf9, 0x00, 0x00,
    0x00, 0x00, 0x00, 0xaf, 0xfa, 0x00, 0x00, 0x6f, 0xff, 0x20, 0x00, 0x00, 0x00, 0x04, 0xff, 0xf1,
    0x00, 0x00, 0x0c, 0xff, 0xb0, 0x00, 0x00, 0x00, 0x0d, 0xff, 0x70, 0x00, 0x00, 0x02, 0xff, 0xf4,
    0x00, 0x00, 0x00, 0x7f, 0xfd, 0x00, 0x00, 0x00, 0x00, 0x9f, 0xfd, 0x00, 0x00, 0x01, 0xff, 0xf3,
    0x00, 0x00, 0x00, 0x00, 0x0e, 0xff, 0x60, 0x00, 0x0a, 0xff, 0x90, 0x00, 0x00, 0x00, 0x00, 0x05,
    0xff, 0xe0, 0x00, 0x3f, 0xfe, 0x10, 0x00, 0x00, 0x00, 0x00, 0x00, 0xcf, 0xf8, 0x00, 0xcf, 0xf5,
    0x00, 0x00, 0x00, 0x00, 0x00, 0x00, 0x2f, 0xff, 0x16, 0xff, 0xc0, 0x00, 0x00, 0x00, 0x00, 0x00,
    0x00, 0x09, 0xff, 0x9e, 0xff, 0x20, 0x00, 0x00, 0x00, 0x00, 0x00, 0x00, 0x00, 0xef, 0xff, 0xf8,
    0x00, 0x00, 0x00, 0x00, 0x00, 0x00, 0x00, 0x00, 0x5f, 0xff, 0xe0, 0x00, 0x00, 0x00, 0x00, 0x00,
    0x00, 0x00, 0x00, 0x7f, 0xff, 0xf1, 0x00, 0x00, 0x00, 0x00, 0x00, 0x00, 0x00, 0x02, 0xff, 0xff,
    0xfa, 0x00, 0x00, 0x00, 0x00, 0x00, 0x00, 0x00, 0x0c, 0xff, 0x5e, 0xff, 0x40, 0x00, 0x00, 0x00,
    0x00, 0x00, 0x00, 0x6f, 0xfc, 0x07, 0xff, 0xd0, 0x00, 0x00, 0x00, 0x00, 0x00, 0x01, 0xff, 0xf2,
    0x00, 0xdf, 0xf7, 0x00, 0x00, 0x00, 0x00, 0x00, 0x0b, 0xff, 0x90, 0x00, 0x4f, 0xff, 0x20, 0x00,
    0x00, 0x00, 0x00, 0x5f, 0xfe, 0x10, 0x00, 0x0b, 0xff, 0xb0, 0x00, 0x00, 0x00, 0x01, 0xef, 0xf6,
    0x00, 0x00, 0x02, 0xff, 0xf5, 0x00, 0x00, 0x00, 0x0a, 0xff, 0xc0, 0x00, 0x00, 0x00, 0x8f, 0xfe,
    0x00, 0x00, 0x00, 0x4f, 0xff, 0x30, 0x00, 0x00, 0x00, 0x0e, 0xff, 0x80, 0x00, 0x00, 0xef, 0xf9,
    0x00, 0x00, 0x00, 0x00, 0x05, 0xff, 0xf2, 0x00, 0x09, 0xff, 0xe1, 0x00, 0x00, 0x00, 0x00, 0x00,
    0xcf, 0xfc, 0x00, 0x3f, 0xff, 0x60, 0x00, 0x00, 0x00, 0x00, 0x00, 0x3f, 0xff, 0x60, 0x7f, 0xfe,
    0x00, 0x00, 0x00, 0x00, 0x00, 0x00, 0xbf, 0xf6, 0x0e, 0xff, 0x60, 0x00, 0x00, 0x00, 0x00, 0x03,
    0xff, 0xe0, 0x06, 0xff, 0xe0, 0x00, 0x00, 0x00, 0x00, 0x0b, 0xff, 0x60, 0x00, 0xef, 0xf6, 0x00,
    0x00, 0x00, 0x00, 0x3f, 0xfd, 0x00, 0x00, 0x6f, 0xfd, 0x00, 0x00, 0x00, 0x00, 0xcf, 0xf5, 0x00,
    0x00, 0x0e, 0xff, 0x60, 0x00, 0x00, 0x04, 0xff, 0xd0, 0x00, 0x00, 0x06, 0xff, 0xd0, 0x00, 0x00,
    0x0c, 0xff, 0x40, 0x00, 0x00, 0x00, 0xef, 0xf5, 0x00, 0x00, 0x4f, 0xfc, 0x00, 0x00, 0x00, 0x00,
    0x6f, 0xfd, 0x00, 0x00, 0xdf, 0xf4, 0x00, 0x00, 0x00, 0x00, 0x0d, 0xff, 0x50, 0x05, 0xff, 0xc0,
    0x00, 0x00, 0x00, 0x00, 0x06, 0xff, 0xd0, 0x0d, 0xff, 0x30, 0x00, 0x00, 0x00, 0x00, 0x00, 0xdf,
    0xf5, 0x5f, 0xfb, 0x00, 0x00, 0x00, 0x00, 0x00, 0x00, 0x6f, 0xfb, 0xdf, 0xf3, 0x00, 0x00, 0x00,
    0x00, 0x00, 0x00, 0x0d, 0xff, 0xff, 0xa0, 0x00, 0x00, 0x00, 0x00, 0x00, 0x00, 0x05, 0xff, 0xff,
    0x20, 0x00, 0x00, 0x00, 0x00, 0x00, 0x00, 0x00, 0xdf, 0xfa, 0x00, 0x00, 0x00, 0x00, 0x00, 0x00,
    0x00, 0x00, 0x9f, 0xf6, 0x00, 0x00, 0x00, 0x00, 0x00, 0x00, 0x00, 0x00, 0x9f, 0xf6, 0x00, 0x00,
    0x00, 0x00, 0x00, 0x00, 0x00, 0x00, 0x9f, 0xf6, 0x00, 0x00, 0x00, 0x00, 0x00, 0x00, 0x00, 0x00,
    0x9f, 0xf6, 0x00, 0x00, 0x00, 0x00, 0x00, 0x00, 0x00, 0x00, 0x9f, 0xf6, 0x00, 0x00, 0x00, 0x00,
    0x00, 0x00, 0x00, 0x00, 0x9f, 0xf6, 0x00, 0x00, 0x00, 0x00, 0x00, 0x00, 0x00, 0x00, 0x9f, 0xf6,
    0x00, 0x00, 0x00, 0x00, 0x00, 0x00, 0x00, 0x00, 0x9f, 0xf6, 0x00, 0x00, 0x00, 0x00, 0x00, 0x00,
    0x00, 0x00, 0x9f, 0xf6, 0x00, 0x00, 0x00, 0x00, 0x00, 0x00, 0x00, 0x00, 0x9f, 0xf6, 0x00, 0x00,
    0x00, 0x00, 0x03, 0xff, 0xff, 0xff, 0xff, 0xff, 0xff, 0xff, 0xff, 0xfb, 0x00, 0x03, 0xff, 0xff,
    0xff, 0xff, 0xff, 0xff, 0xff, 0xff, 0xf4, 0x00, 0x02, 0xaa, 0xaa, 0xaa, 0xaa, 0xaa, 0xaa, 0xaf,
    0xff, 0x90, 0x00, 0x00, 0x00, 0x00, 0x00, 0x00, 0x00, 0x00, 0x5f, 0xfe, 0x00, 0x00, 0x00, 0x00,
    0x00, 0x00, 0x00, 0x00, 0x01, 0xef, 0xf4, 0x00, 0x00, 0x00, 0x00, 0x00, 0x00, 0x00, 0x00, 0x09,
    0xff, 0xa0, 0x00, 0x00, 0x00, 0x00, 0x00, 0x00, 0x00, 0x00, 0x4f, 0xfe, 0x10, 0x00, 0x00, 0x00,
    0x00, 0x00, 0x00, 0x00, 0x00, 0xef, 0xf5, 0x00, 0x00, 0x00, 0x00, 0x00, 0x00, 0x00, 0x00, 0x09,
    0xff, 0xa0, 0x00, 0x00, 0x00, 0x00, 0x00, 0x00, 0x00, 0x00, 0x3f, 0xfe, 0x10, 0x00, 0x00, 0x00,
    0x00, 0x00, 0x00, 0x00, 0x00, 0xdf, 0xf5, 0x00, 0x00, 0x00, 0x00, 0x00, 0x00, 0x00, 0x00, 0x08,
    0xff, 0xb0, 0x00, 0x00, 0x00, 0x00, 0x00, 0x00, 0x00, 0x00, 0x3f, 0xff, 0x10, 0x00, 0x00, 0x00,
    0x00, 0x00, 0x00, 0x00, 0x00, 0xcf, 0xf6, 0x00, 0x00, 0x00, 0x00, 0x00, 0x00, 0x00, 0x00, 0x07,
    0xff, 0xc0, 0x00, 0x00, 0x00, 0x00, 0x00, 0x00, 0x00, 0x00, 0x2f, 0xff, 0x20, 0x00, 0x00, 0x00,
    0x00, 0x00, 0x00, 0x00, 0x00, 0xcf, 0xf7, 0x00, 0x00, 0x00, 0x00, 0x00, 0x00, 0x00, 0x00, 0x06,
    0xff, 0xc0, 0x00, 0x00, 0x00, 0x00, 0x00, 0x00, 0x00, 0x00, 0x2f, 0xff, 0x20, 0x00, 0x00, 0x00,
    0x00, 0x00, 0x00, 0x00, 0x00, 0xbf, 0xf7, 0x00, 0x00, 0x00, 0x00, 0x00, 0x00, 0x00, 0x00, 0x06,
    0xff, 0xd0, 0x00, 0x00, 0x00, 0x00, 0x00, 0x00, 0x00, 0x00, 0x1e, 0xff, 0x30, 0x00, 0x00, 0x00,
    0x00, 0x00, 0x00, 0x00, 0x00, 0xaf, 0xf8, 0x00, 0x00, 0x00, 0x00, 0x00, 0x00, 0x00, 0x00, 0x05,
    0xff, 0xfb, 0xaa, 0xaa, 0xaa, 0xaa, 0xaa, 0xaa, 0xa4, 0x00, 0x1e, 0xff, 0xff, 0xff, 0xff, 0xff,
    0xff, 0xff, 0xff, 0xf6, 0x00, 0x6f, 0xff, 0xff, 0xff, 0xff, 0xff, 0xff, 0xff, 0xff, 0xf6, 0x00,
    0x00, 0x07, 0xff, 0xff, 0xff, 0x00, 0x00, 0x07, 0xff, 0xff, 0xff, 0x00, 0x00, 0x07, 0xff, 0x21,
    0x11, 0x00, 0x00, 0x07, 0xff, 0x10, 0x00, 0x00, 0x00, 0x07, 0xff, 0x10, 0x00, 0x00, 0x00, 0x07,
    0xff, 0x10, 0x00, 0x00, 0x00, 0x07, 0xff, 0x10, 0x00, 0x00, 0x00, 0x07, 0xff, 0x10, 0x00, 0x00,
    0x00, 0x07, 0xff, 0x10, 0x00, 0x00, 0x00, 0x07, 0xff, 0x10, 0x00, 0x00, 0x00, 0x07, 0xff, 0x10,
    0x00, 0x00, 0x00, 0x07, 0xff, 0x10, 0x00, 0x00, 0x00, 0x07, 0xff, 0x10, 0x00, 0x00, 0x00, 0x07,
    0xff, 0x10, 0x00, 0x00, 0x00, 0x07, 0xff, 0x10, 0x00, 0x00, 0x00, 0x07, 0xff, 0x10, 0x00, 0x00,
    0x00, 0x07, 0xff, 0x10, 0x00, 0x00, 0x00, 0x07, 0xff, 0x10, 0x00, 0x00, 0x00, 0x07, 0xff, 0x10,
    0x00, 0x00, 0x00, 0x07, 0xff, 0x10, 0x00, 0x00, 0x00, 0x07, 0xff, 0x10, 0x00, 0x00, 0x00, 0x07,
    0xff, 0x10, 0x00, 0x00, 0x00, 0x07, 0xff, 0x10, 0x00, 0x00, 0x00, 0x07, 0xff, 0x10, 0x00, 0x00,
    0x00, 0x07, 0xff, 0x10, 0x00, 0x00, 0x00, 0x07, 0xff, 0x10, 0x00, 0x00, 0x00, 0x07, 0xff, 0x10,
    0x00, 0x00, 0x00, 0x07, 0xff, 0x10, 0x00, 0x00, 0x00, 0x07, 0xff, 0x10, 0x00, 0x00, 0x00, 0x07,
    0xff, 0x21, 0x11, 0x00, 0x00, 0x07, 0xff, 0xff, 0xff, 0x00, 0x00, 0x07, 0xff, 0xff, 0xff, 0x00,
    0x4f, 0xf7, 0x00, 0x00, 0x00, 0x00, 0x00, 0x00, 0x0d, 0xfd, 0x00, 0x00, 0x00, 0x00, 0x00, 0x00,
    0x07, 0xff, 0x30, 0x00, 0x00, 0x00, 0x00, 0x00, 0x01, 0xff, 0xa0, 0x00, 0x00, 0x00, 0x00, 0x00,
    0x00, 0xaf, 0xf1, 0x00, 0x00, 0x00, 0x00, 0x00, 0x00, 0x4f, 0xf6, 0x00, 0x00, 0x00, 0x00, 0x00,
    0x00, 0x0e, 0xfd, 0x00, 0x00, 0x00, 0x00, 0x00, 0x00, 0x07, 0xff, 0x30, 0x00, 0x00, 0x00, 0x00,
    0x00, 0x01, 0xff, 0x90, 0x00, 0x00, 0x00, 0x00, 0x00, 0x00, 0xbf, 0xf0, 0x00, 0x00, 0x00, 0x00,
    0x00, 0x00, 0x5f, 0xf6, 0x00, 0x00, 0x00, 0x00, 0x00, 0x00, 0x0e, 0xfc, 0x00, 0x00, 0x00, 0x00,
    0x00, 0x00, 0x08, 0xff, 0x20, 0x00, 0x00, 0x00, 0x00, 0x00, 0x02, 0xff, 0x80, 0x00, 0x00, 0x00,
    0x00, 0x00, 0x00, 0xbf, 0xe0, 0x00, 0x00, 0x00, 0x00, 0x00, 0x00, 0x5f, 0xf5, 0x00, 0x00, 0x00,
    0x00, 0x00, 0x00, 0x0e, 0xfb, 0x00, 0x00, 0x00, 0x00, 0x00, 0x00, 0x08, 0xff, 0x20, 0x00, 0x00,
    0x00, 0x00, 0x00, 0x02, 0xff, 0x80, 0x00, 0x00, 0x00, 0x00, 0x00, 0x00, 0xcf, 0xe0, 0x00, 0x00,
    0x00, 0x00, 0x00, 0x00, 0x5f, 0xf4, 0x00, 0x00, 0x00, 0x00, 0x00, 0x00, 0x0f, 0xfb, 0x00, 0x00,
    0x00, 0x00, 0x00, 0x00, 0x09, 0xff, 0x10, 0x00, 0x00, 0x00, 0x00, 0x00, 0x03, 0xff, 0x70, 0x00,
    0x00, 0x00, 0x00, 0x00, 0x00, 0xcf, 0xd0, 0x00, 0x00, 0x00, 0x00, 0x00, 0x00, 0x6f, 0xf4, 0x00,
    0x00, 0x00, 0x00, 0x00, 0x00, 0x0f, 0xfa, 0x00, 0x00, 0x00, 0x00, 0x00, 0x00, 0x09, 0xff, 0x10,
    0x00, 0x00, 0x00, 0x00, 0x00, 0x03, 0xff, 0x70, 0x00, 0x00, 0x00, 0x00, 0x00, 0x00, 0xdf, 0xd0,
    0x1f, 0xff, 0xff, 0xf6, 0x00, 0x00, 0x1f, 0xff, 0xff, 0xf6, 0x00, 0x00, 0x01, 0x11, 0x4f, 0xf6,
    0x00, 0x00, 0x00, 0x00, 0x3f, 0xf6, 0x00, 0x00, 0x00, 0x00, 0x3f, 0xf6, 0x00, 0x00, 0x00, 0x00,
    0x3f, 0xf6, 0x00, 0x00, 0x00, 0x00, 0x3f, 0xf6, 0x00, 0x00, 0x00, 0x00, 0x3f, 0xf6, 0x00, 0x00,
    0x00, 0x00, 0x3f, 0xf6, 0x00, 0x00, 0x00, 0x00, 0x3f, 0xf6, 0x00, 0x00, 0x00, 0x00, 0x3f, 0xf6,
    0x00, 0x00, 0x00, 0x00, 0x3f, 0xf6, 0x00, 0x00, 0x00, 0x00, 0x3f, 0xf6, 0x00, 0x00, 0x00, 0x00,
    0x3f, 0xf6, 0x00, 0x00, 0x00, 0x00, 0x3f, 0xf6, 0x00, 0x00, 0x00, 0x00, 0x3f, 0xf6, 0x00, 0x00,
    0x00, 0x00, 0x3f, 0xf6, 0x00, 0x00, 0x00, 0x00, 0x3f, 0xf6, 0x00, 0x00, 0x00, 0x00, 0x3f, 0xf6,
    0x00, 0x00, 0x00, 0x00, 0x3f, 0xf6, 0x00, 0x00, 0x00, 0x00, 0x3f, 0xf6, 0x00, 0x00, 0x00, 0x00,
    0x3f, 0xf6, 0x00, 0x00, 0x00, 0x00, 0x3f, 0xf6, 0x00, 0x00, 0x00, 0x00, 0x3f, 0xf6, 0x00, 0x00,
    0x00, 0x00, 0x3f, 0xf6, 0x00, 0x00, 0x00, 0x00, 0x3f, 0xf6, 0x00, 0x00, 0x00, 0x00, 0x3f, 0xf6,
    0x00, 0x00, 0x00, 0x00, 0x3f, 0xf6, 0x00, 0x00, 0x00, 0x00, 0x3f, 0xf6, 0x00, 0x00, 0x01, 0x11,
    0x4f, 0xf6, 0x00, 0x00, 0x1f, 0xff, 0xff, 0xf6, 0x00, 0x00, 0x1f, 0xff, 0xff, 0xf6, 0x00, 0x00,
    0x00, 0x00, 0x00, 0x00, 0x00, 0x0c, 0xd0, 0x00, 0x00, 0x00, 0x00, 0x00, 0x00, 0x00, 0x00, 0x00,
    0x00, 0x00, 0x4f, 0xf6, 0x00, 0x00, 0x00, 0x00, 0x00, 0x00, 0x00, 0x00, 0x00, 0x00, 0x00, 0xcf,
    0xfe, 0x00, 0x00, 0x00, 0x00, 0x00, 0x00, 0x00, 0x00, 0x00, 0x00, 0x04, 0xff, 0xff, 0x70, 0x00,
    0x00, 0x00, 0x00, 0x00, 0x00, 0x00, 0x00, 0x00, 0x0c, 0xfb, 0x7f, 0xf1, 0x00, 0x00, 0x00, 0x00,
    0x00, 0x00, 0x00, 0x00, 0x00, 0x4f, 0xf3, 0x0e, 0xf8, 0x00, 0x00, 0x00, 0x00, 0x00, 0x00, 0x00,
    0x00, 0x00, 0xcf, 0xb0, 0x06, 0xff, 0x10, 0x00, 0x00, 0x00, 0x00, 0x00, 0x00, 0x00, 0x03, 0xff,
    0x40, 0x00, 0xdf, 0x90, 0x00, 0x00, 0x00, 0x00, 0x00, 0x00, 0x00, 0x0b, 0xfc, 0x00, 0x00, 0x6f,
    0xf2, 0x00, 0x00, 0x00, 0x00, 0x00, 0x00, 0x00, 0x3f, 0xf4, 0x00, 0x00, 0x0d, 0xfb, 0x00, 0x00,
    0x00, 0x00, 0x00, 0x00, 0x00, 0xbf, 0xc0, 0x00, 0x00, 0x05, 0xff, 0x30, 0x00, 0x00, 0x00, 0x00,
    0x00, 0x03, 0xff, 0x50, 0x00, 0x00, 0x00, 0xdf, 0xc0, 0x00, 0x00, 0x00, 0x00, 0x00, 0x0b, 0xfd,
    0x00, 0x00, 0x00, 0x00, 0x4f, 0xf4, 0x00, 0x00, 0x00, 0x00, 0x00, 0x3f, 0xf5, 0x00, 0x00, 0x00,
    0x00, 0x0c, 0xfd, 0x00, 0x00, 0x00, 0x00, 0x00, 0xbf, 0xd0, 0x00, 0x00, 0x00, 0x00, 0x04, 0xff,
    0x50, 0x00, 0x00, 0x00, 0x00, 0x00, 0x00, 0x00, 0x00, 0x00, 0x00, 0x00, 0x00, 0x00, 0x00, 0x00,
    0x00, 0x00, 0x00, 0x00, 0x00, 0x00, 0x00, 0x00, 0x00, 0x00, 0x00, 0x00, 0x00, 0x00, 0x00, 0x00,
    0x00, 0x00, 0x00, 0x00, 0x00, 0x00, 0x00, 0x00, 0x00, 0x00, 0x00, 0x00, 0x00, 0x00, 0x00, 0x00,
    0x00, 0x00, 0x00, 0x00, 0x00, 0x00, 0x00, 0x00, 0x00, 0x00, 0x00, 0x00, 0x00, 0x00, 0x00, 0x00,
    0x00, 0x00, 0x00, 0x00, 0x00, 0x00, 0x00, 0x00, 0x00, 0x00, 0x00, 0x00, 0x00, 0x00, 0x00, 0x00,
    0x00, 0x00, 0x00, 0x00, 0x00, 0x00, 0x00, 0x00, 0x00, 0x00, 0x00, 0x00, 0x00, 0x00, 0x00, 0x00,
    0x00, 0x00, 0x00, 0x00, 0x00, 0x00, 0x00, 0x00, 0x00, 0x00, 0x00, 0x00, 0x00, 0x00, 0x00, 0x00,
    0x00, 0x00, 0x00, 0x00, 0x00, 0x00, 0x00, 0x00, 0x00, 0x00, 0x00, 0x00, 0x00, 0x00, 0x00, 0x00,
    0x00, 0x00, 0x00, 0x00, 0x00, 0x00, 0x00, 0x00, 0x00, 0x00, 0x00, 0x00, 0x00, 0x00, 0x00, 0x00,
    0x00, 0x00, 0x00, 0x00, 0x00, 0x00, 0x00, 0x00, 0x00, 0x00, 0x00, 0x00, 0x00, 0x00, 0x00, 0x00,
    0x00, 0x00, 0x11, 0x11, 0x11, 0x11, 0x11, 0x11, 0x11, 0x10, 0xff, 0xff, 0xff, 0xff, 0xff, 0xff,
    0xff, 0xf0, 0xff, 0xff, 0xff, 0xff, 0xff, 0xff, 0xff, 0xf0, 0x03, 0xff, 0xb0, 0x00, 0x00, 0x00,
    0x6f, 0xf5, 0x00, 0x00, 0x00, 0x0a, 0xfe, 0x10, 0x00, 0x00, 0x00, 0xdf, 0xa0, 0x00, 0x00, 0x00,
    0x2f, 0xf4, 0x00, 0x00, 0x00, 0x05, 0xfe, 0x00, 0x00, 0x00, 0x00, 0x00, 0x00, 0x00, 0x00, 0x00,
    0x00, 0x00, 0x00, 0x00, 0x00, 0x00, 0x00, 0x00, 0x00, 0x00, 0x00, 0x00, 0x00, 0x00, 0x00, 0x00,
    0x00, 0x00, 0x00, 0x00, 0x00, 0x00, 0x00, 0x00, 0x00, 0x00, 0x00, 0x00, 0x00, 0x00, 0x00, 0x00,
    0x00, 0x00, 0x00, 0x00, 0x00, 0x00, 0x00, 0x00, 0x00, 0x00, 0x00, 0x00, 0x00, 0x00, 0x00, 0x00,
    0x00, 0x00, 0x00, 0x00, 0x00, 0x00, 0x00, 0x00, 0x00, 0x00, 0x00, 0x00, 0x00, 0x00, 0x00, 0x00,
    0x00, 0x00, 0x00, 0x00, 0x00, 0x00, 0x00, 0x00, 0x00, 0x00, 0x00, 0x00, 0x00, 0x00, 0x00, 0x00,
    0x00, 0x00, 0x00, 0x00, 0x00, 0x00, 0x00, 0x00, 0x00, 0x00, 0x00, 0x00, 0x00, 0x00, 0x00, 0x00,
    0x00, 0x00, 0x00, 0x04, 0x9d, 0xef, 0xec, 0x70, 0x00, 0x00, 0x00, 0x03, 0xdf, 0xff, 0xff, 0xff,
    0xfd, 0x20, 0x00, 0x00, 0x0a, 0xff, 0xea, 0x77, 0x9f, 0xff, 0xd0, 0x00, 0x00, 0x0a, 0xe6, 0x00,
    0x00, 0x02, 0xff, 0xf4, 0x00, 0x00, 0x07, 0x10, 0x00, 0x00, 0x00, 0x8f, 0xf9, 0x00, 0x00, 0x00,
    0x00, 0x00, 0x00, 0x00, 0x3f, 0xfb, 0x00, 0x00, 0x00, 0x00, 0x00, 0x00, 0x00, 0x1f, 0xfc, 0x00,
    0x00, 0x00, 0x00, 0x14, 0x68, 0xad, 0xff, 0xfc, 0x00, 0x00, 0x00, 0x7d, 0xff, 0xff, 0xff, 0xff,
    0xfc, 0x00, 0x00, 0x1d, 0xff, 0xff, 0xdb, 0x97, 0x6f, 0xfc, 0x00, 0x00, 0xbf, 0xfc, 0x40, 0x00,
    0x00, 0x1f, 0xfc, 0x00, 0x02, 0xff, 0xd0, 0x00, 0x00, 0x00, 0x2f, 0xfc, 0x00, 0x05, 0xff, 0x90,
    0x00, 0x00, 0x00, 0x5f, 0xfc, 0x00, 0x06, 0xff, 0xa0, 0x00, 0x00, 0x00, 0xdf, 0xfc, 0x00, 0x03,
    0xff, 0xf3, 0x00, 0x00, 0x1b, 0xff, 0xfc, 0x00, 0x00, 0xdf, 0xff, 0xa7, 0x7a, 0xff, 0x6f, 0xfc,
    0x00, 0x00, 0x2e, 0xff, 0xff, 0xff, 0xf6, 0x1f, 0xfc, 0x00, 0x00, 0x01, 0x7c, 0xff, 0xd9, 0x20,
    0x1f, 0xfc, 0x00, 0x00, 0x1f, 0xfc, 0x00, 0x00, 0x00, 0x00, 0x00, 0x00, 0x00, 0x00, 0x00, 0x1f,
    0xfc, 0x00, 0x00, 0x00, 0x00, 0x00, 0x00, 0x00, 0x00, 0x00, 0x1f, 0xfc, 0x00, 0x00, 0x00, 0x00,
    0x00, 0x00, 0x00, 0x00, 0x00, 0x1f, 0xfc, 0x00, 0x00, 0x00, 0x00, 0x00, 0x00, 0x00, 0x00, 0x00,
    0x1f, 0xfc, 0x00, 0x00, 0x00, 0x00, 0x00, 0x00, 0x00, 0x00, 0x00, 0x1f, 0xfc, 0x00, 0x00, 0x00,
    0x00, 0x00, 0x00, 0x00, 0x00, 0x00, 0x1f, 0xfc, 0x00, 0x00, 0x00, 0x00, 0x00, 0x00, 0x00, 0x00,
    0x00, 0x1f, 0xfc, 0x00, 0x00, 0x00, 0x00, 0x00, 0x00, 0x00, 0x00, 0x00, 0x1f, 0xfc, 0x00, 0x00,
    0x00, 0x00, 0x00, 0x00, 0x00, 0x00, 0x00, 0x1f, 0xfc, 0x00, 0x18, 0xce, 0xfd, 0xa3, 0x00, 0x00,
    0x00, 0x00, 0x1f, 0xfc, 0x05, 0xff, 0xff, 0xff, 0xff, 0x90, 0x00, 0x00, 0x00, 0x1f, 0xfc, 0x4f,
    0xfb, 0x87, 0x8d, 0xff, 0xf9, 0x00, 0x00, 0x00, 0x1f, 0xfe, 0xed, 0x20, 0x00, 0x00, 0x7f, 0xff,
    0x40, 0x00, 0x00, 0x1f, 0xff, 0xe1, 0x00, 0x00, 0x00, 0x08, 0xff, 0xc0, 0x00, 0x00, 0x1f, 0xff,
    0x60, 0x00, 0x00, 0x00, 0x00, 0xff, 0xf1, 0x00, 0x00, 0x1f, 0xff, 0x00, 0x00, 0x00, 0x00, 0x00,
    0xbf, 0xf5, 0x00, 0x00, 0x1f, 0xfd, 0x00, 0x00, 0x00, 0x00, 0x00, 0x8f, 0xf6, 0x00, 0x00, 0x1f,
    0xfc, 0x00, 0x00, 0x00, 0x00, 0x00, 0x7f, 0xf7, 0x00, 0x00, 0x1f, 0xfc, 0x00, 0x00, 0x00, 0x00,
    0x00, 0x8f, 0xf6, 0x00, 0x00, 0x1f, 0xfc, 0x00, 0x00, 0x00, 0x00, 0x00, 0xaf, 0xf5, 0x00, 0x00,
    0x1f, 0xfe, 0x00, 0x00, 0x00, 0x00, 0x00, 0xef, 0xf2, 0x00, 0x00, 0x1f, 0xff, 0x30, 0x00, 0x00,
    0x00, 0x04, 0xff, 0xd0, 0x00, 0x00, 0x1f, 0xff, 0xb0, 0x00, 0x00, 0x00, 0x0c, 0xff, 0x70, 0x00,
    0x00, 0x1f, 0xff, 0xfa, 0x00, 0x00, 0x01, 0xbf, 0xfd, 0x00, 0x00, 0x00, 0x1f, 0xfc, 0xbf, 0xe9,
    0x77, 0xaf, 0xff, 0xf3, 0x00, 0x00, 0x00, 0x1f, 0xfc, 0x1b, 0xff, 0xff, 0xff, 0xfd, 0x30, 0x00,
    0x00, 0x00, 0x1f, 0xfc, 0x00, 0x6c, 0xef, 0xeb, 0x60, 0x00, 0x00, 0x00, 0x00, 0x00, 0x00, 0x06,
    0xbd, 0xff, 0xda, 0x50, 0x00, 0x00, 0x00, 0x06, 0xef, 0xff, 0xff, 0xff, 0xf3, 0x00, 0x00, 0x00,
    0xaf, 0xff, 0xd9, 0x77, 0xae, 0xf3, 0x00, 0x00, 0x08, 0xff, 0xf6, 0x00, 0x00, 0x00, 0x83, 0x00,
    0x00, 0x2f, 0xff, 0x40, 0x00, 0x00, 0x00, 0x00, 0x00, 0x00, 0x9f, 0xf8, 0x00, 0x00, 0x00, 0x00,
    0x00, 0x00, 0x00, 0xef, 0xf1, 0x00, 0x00, 0x00, 0x00, 0x00, 0x00, 0x02, 0xff, 0xd0, 0x00, 0x00,
    0x00, 0x00, 0x00, 0x00, 0x03, 0xff, 0xb0, 0x00, 0x00, 0x00, 0x00, 0x00, 0x00, 0x04, 0xff, 0xa0,
    0x00, 0x00, 0x00, 0x00, 0x00, 0x00, 0x03, 0xff, 0xc0, 0x00, 0x00, 0x00, 0x00, 0x00, 0x00, 0x01,
    0xff, 0xf0, 0x00, 0x00, 0x00, 0x00, 0x00, 0x00, 0x00, 0xdf, 0xf5, 0x00, 0x00, 0x00, 0x00, 0x00,
    0x00, 0x00, 0x6f, 0xfe, 0x10, 0x00, 0x00, 0x00, 0x00, 0x00, 0x00, 0x0c, 0xff, 0xe3, 0x00, 0x00,
    0x01, 0x82, 0x00, 0x00, 0x01, 0xef, 0xff, 0xc8, 0x77, 0xaf, 0xf3, 0x00, 0x00, 0x00, 0x1b, 0xff,
    0xff, 0xff, 0xff, 0xf2, 0x00, 0x00, 0x00, 0x00, 0x49, 0xdf, 0xfe, 0xc7, 0x10, 0x00, 0x00, 0x00,
    0x00, 0x00, 0x00, 0x00, 0x00, 0x09, 0xff, 0x40, 0x00, 0x00, 0x00, 0x00, 0x00, 0x00, 0x00, 0x00,
    0x09, 0xff, 0x40, 0x00, 0x00, 0x00, 0x00, 0x00, 0x00, 0x00, 0x00, 0x09, 0xff, 0x40, 0x00, 0x00,
    0x00, 0x00, 0x00, 0x00, 0x00, 0x00, 0x09, 0xff, 0x40, 0x00, 0x00, 0x00, 0x00, 0x00, 0x00, 0x00,
    0x00, 0x09, 0xff, 0x40, 0x00, 0x00, 0x00, 0x00, 0x00, 0x00, 0x00, 0x00, 0x09, 0xff, 0x40, 0x00,
    0x00, 0x00, 0x00, 0x00, 0x00, 0x00, 0x00, 0x09, 0xff, 0x40, 0x00, 0x00, 0x00, 0x00, 0x00, 0x00,
    0x00, 0x00, 0x09, 0xff, 0x40, 0x00, 0x00, 0x00, 0x00, 0x00, 0x00, 0x00, 0x00, 0x09, 0xff, 0x40,
    0x00, 0x00, 0x00, 0x00, 0x4a, 0xdf, 0xfd, 0x81, 0x09, 0xff, 0x40, 0x00, 0x00, 0x00, 0x1b, 0xff,
    0xff, 0xff, 0xfe, 0x39, 0xff, 0x40, 0x00, 0x00, 0x01, 0xdf, 0xff, 0xb7, 0x79, 0xdf, 0xeb, 0xff,
    0x40, 0x00, 0x00, 0x0b, 0xff, 0xd2, 0x00, 0x00, 0x07, 0xff, 0xff, 0x40, 0x00, 0x00, 0x4f, 0xfe,
    0x10, 0x00, 0x00, 0x00, 0x8f, 0xff, 0x40, 0x00, 0x00, 0xbf, 0xf6, 0x00, 0x00, 0x00, 0x00, 0x0e,
    0xff, 0x40, 0x00, 0x00, 0xff, 0xf0, 0x00, 0x00, 0x00, 0x00, 0x0a, 0xff, 0x40, 0x00, 0x02, 0xff,
    0xc0, 0x00, 0x00, 0x00, 0x00, 0x09, 0xff, 0x40, 0x00, 0x04, 0xff, 0xb0, 0x00, 0x00, 0x00, 0x00,
    0x09, 0xff, 0x40, 0x00, 0x04, 0xff, 0xa0, 0x00, 0x00, 0x00, 0x00, 0x09, 0xff, 0x40, 0x00, 0x03,
    0xff, 0xb0, 0x00, 0x00, 0x00, 0x00, 0x0a, 0xff, 0x40, 0x00, 0x02, 0xff, 0xe0, 0x00, 0x00, 0x00,
    0x00, 0x0d, 0xff, 0x40, 0x00, 0x00, 0xef, 0xf4, 0x00, 0x00, 0x00, 0x00, 0x2f, 0xff, 0x40, 0x00,
    0x00, 0x9f, 0xfc, 0x00, 0x00, 0x00, 0x00, 0xcf, 0xff, 0x40, 0x00, 0x00, 0x2f, 0xff, 0xb1, 0x00,
    0x00, 0x1b, 0xfe, 0xff, 0x40, 0x00, 0x00, 0x06, 0xff, 0xff, 0xa7, 0x7a, 0xff, 0x99, 0xff, 0x40,
    0x00, 0x00, 0x00, 0x6f, 0xff, 0xff, 0xff, 0xf9, 0x09, 0xff, 0x40, 0x00, 0x00, 0x00, 0x01, 0x8d,
    0xff, 0xda, 0x30, 0x09, 0xff, 0x40, 0x00, 0x00, 0x00, 0x00, 0x39, 0xdf, 0xfd, 0xa4, 0x00, 0x00,
    0x00, 0x00, 0x00, 0x0a, 0xff, 0xff, 0xff, 0xff, 0xa0, 0x00, 0x00, 0x00, 0x00, 0xcf, 0xff, 0x97,
    0x7a, 0xff, 0xfb, 0x00, 0x00, 0x00, 0x0a, 0xff, 0xa1, 0x00, 0x00, 0x1d, 0xff, 0x60, 0x00, 0x00,
    0x4f, 0xfb, 0x00, 0x00, 0x00, 0x02, 0xff, 0xd0, 0x00, 0x00, 0xbf, 0xf2, 0x00, 0x00, 0x00, 0x00,
    0xcf, 0xf1, 0x00, 0x00, 0xff, 0xd0, 0x00, 0x00, 0x00, 0x00, 0x9f, 0xf4, 0x00, 0x03, 0xff, 0xff,
    0xff, 0xff, 0xff, 0xff, 0xff, 0xf5, 0x00, 0x04, 0xff, 0xff, 0xff, 0xff, 0xff, 0xff, 0xff, 0xf6,
    0x00, 0x04, 0xff, 0xd7, 0x77, 0x77, 0x77, 0x77, 0x77, 0x72, 0x00, 0x03, 0xff, 0xc0, 0x00, 0x00,
    0x00, 0x00, 0x00, 0x00, 0x00, 0x01, 0xff, 0xf0, 0x00, 0x00, 0x00, 0x00, 0x00, 0x00, 0x00, 0x00,
    0xdf, 0xf5, 0x00, 0x00, 0x00, 0x00, 0x00, 0x00, 0x00, 0x00, 0x7f, 0xfd, 0x00, 0x00, 0x00, 0x00,
    0x00, 0x00, 0x00, 0x00, 0x1e, 0xff, 0xc2, 0x00, 0x00, 0x00, 0x3a, 0x20, 0x00, 0x00, 0x04, 0xff,
    0xff, 0xb8, 0x77, 0x9d, 0xff, 0x20, 0x00, 0x00, 0x00, 0x3e, 0xff, 0xff, 0xff, 0xff, 0xfc, 0x10,
    0x00, 0x00, 0x00, 0x00, 0x6b, 0xef, 0xfe, 0xc8, 0x30, 0x00, 0x00, 0x00, 0x00, 0x00, 0x19, 0xdf,
    0xfa, 0x00, 0x00, 0x03, 0xef, 0xff, 0xfd, 0x00, 0x00, 0x1e, 0xff, 0xc8, 0x8a, 0x00, 0x00, 0x8f,
    0xfa, 0x00, 0x00, 0x00, 0x00, 0xcf, 0xf2, 0x00, 0x00, 0x00, 0x00, 0xff, 0xf0, 0x00, 0x00, 0x00,
    0x00, 0xff, 0xe0, 0x00, 0x00, 0x00, 0x00, 0xff, 0xe0, 0x00, 0x00, 0x00, 0x00, 0xff, 0xe0, 0x00,
    0x00, 0x1f, 0xff, 0xff, 0xff, 0xff, 0xf1, 0x1f, 0xff, 0xff, 0xff, 0xff, 0xf1, 0x07, 0x77, 0xff,
    0xe7, 0x77, 0x70, 0x00, 0x00, 0xff, 0xe0, 0x00, 0x00, 0x00, 0x00, 0xff, 0xe0, 0x00, 0x00, 0x00,
    0x00, 0xff, 0xe0, 0x00, 0x00, 0x00, 0x00, 0xff, 0xe0, 0x00, 0x00, 0x00, 0x00, 0xff, 0xe0, 0x00,
    0x00, 0x00, 0x00, 0xff, 0xe0, 0x00, 0x00, 0x00, 0x00, 0xff, 0xe0, 0x00, 0x00, 0x00, 0x00, 0xff,
    0xe0, 0x00, 0x00, 0x00, 0x00, 0xff, 0xe0, 0x00, 0x00, 0x00, 0x00, 0xff, 0xe0, 0x00, 0x00, 0x00,
    0x00, 0xff, 0xe0, 0x00, 0x00, 0x00, 0x00, 0xff, 0xe0, 0x00, 0x00, 0x00, 0x00, 0xff, 0xe0, 0x00,
    0x00, 0x00, 0x00, 0xff, 0xe0, 0x00, 0x00, 0x00, 0x00, 0xff, 0xe0, 0x00, 0x00, 0x00, 0x00, 0x00,
    0x5a, 0xdf, 0xfd, 0x71, 0x09, 0xff, 0x40, 0x00, 0x00, 0x00, 0x1c, 0xff, 0xff, 0xff, 0xfe, 0x39,
    0xff, 0x40, 0x00, 0x00, 0x01, 0xdf, 0xff, 0xb8, 0x78, 0xdf, 0xeb, 0xff, 0x40, 0x00, 0x00, 0x0b,
    0xff, 0xd2, 0x00, 0x00, 0x07, 0xff, 0xff, 0x40, 0x00, 0x00, 0x4f, 0xfe, 0x10, 0x00, 0x00, 0x00,
    0x8f, 0xff, 0x40, 0x00, 0x00, 0xbf, 0xf6, 0x00, 0x00, 0x00, 0x00, 0x0e, 0xff, 0x40, 0x00, 0x00,
    0xff, 0xf0, 0x00, 0x00, 0x00, 0x00, 0x0a, 0xff, 0x40, 0x00, 0x02, 0xff, 0xc0, 0x00, 0x00, 0x00,
    0x00, 0x09, 0xff, 0x40, 0x00, 0x03, 0xff, 0xb0, 0x00, 0x00, 0x00, 0x00, 0x09, 0xff, 0x40, 0x00,
    0x04, 0xff, 0xa0, 0x00, 0x00, 0x00, 0x00, 0x09, 0xff, 0x40, 0x00, 0x04, 0xff, 0xb0, 0x00, 0x00,
    0x00, 0x00, 0x0a, 0xff, 0x40, 0x00, 0x02, 0xff, 0xe0, 0x00, 0x00, 0x00, 0x00, 0x0d, 0xff, 0x40,
    0x00, 0x00, 0xef, 0xf4, 0x00, 0x00, 0x00, 0x00, 0x2f, 0xff, 0x40, 0x00, 0x00, 0x9f, 0xfc, 0x00,
    0x00, 0x00, 0x00, 0xcf, 0xff, 0x40, 0x00, 0x00, 0x2f, 0xff, 0xb1, 0x00, 0x00, 0x1b, 0xfe, 0xff,
    0x40, 0x00, 0x00, 0x06, 0xff, 0xfe, 0x97, 0x7a, 0xff, 0x99, 0xff, 0x40, 0x00, 0x00, 0x00, 0x6f,
    0xff, 0xff, 0xff, 0xf9, 0x09, 0xff, 0x40, 0x00, 0x00, 0x00, 0x01, 0x8d, 0xff, 0xd9, 0x30, 0x0a,
    0xff, 0x30, 0x00, 0x00, 0x00, 0x00, 0x00, 0x00, 0x00, 0x00, 0x0c, 0xff, 0x10, 0x00, 0x00, 0x00,
    0x00, 0x00, 0x00, 0x00, 0x00, 0x0f, 0xfe, 0x00, 0x00, 0x00, 0x00, 0x00, 0x00, 0x00, 0x00, 0x00,
    0x6f, 0xfa, 0x00, 0x00, 0x00, 0x00, 0x00, 0x00, 0x00, 0x00, 0x02, 0xef, 0xf4, 0x00, 0x00, 0x00,
    0x0c, 0x50, 0x00, 0x00, 0x00, 0x5e, 0xff, 0xb0, 0x00, 0x00, 0x00, 0x0f, 0xff, 0xb8, 0x78, 0xad,
    0xff, 0xfd, 0x10, 0x00, 0x00, 0x00, 0x0f, 0xff, 0xff, 0xff, 0xff, 0xff, 0xa0, 0x00, 0x00, 0x00,
    0x00, 0x00, 0x6a, 0xdf, 0xff, 0xeb, 0x82, 0x00, 0x00, 0x00, 0x00, 0x00, 0x1f, 0xfc, 0x00, 0x00,
    0x00, 0x00, 0x00, 0x00, 0x00, 0x00, 0x1f, 0xfc, 0x00, 0x00, 0x00, 0x00, 0x00, 0x00, 0x00, 0x00,
    0x1f, 0xfc, 0x00, 0x00, 0x00, 0x00, 0x00, 0x00, 0x00, 0x00, 0x1f, 0xfc, 0x00, 0x00, 0x00, 0x00,
    0x00, 0x00, 0x00, 0x00, 0x1f, 0xfc, 0x00, 0x00, 0x00, 0x00, 0x00, 0x00, 0x00, 0x00, 0x1f, 0xfc,
    0x00, 0x00, 0x00, 0x00, 0x00, 0x00, 0x00, 0x00, 0x1f, 0xfc, 0x00, 0x00, 0x00, 0x00, 0x00, 0x00,
    0x00, 0x00, 0x1f, 0xfc, 0x00, 0x00, 0x00, 0x00, 0x00, 0x00, 0x00, 0x00, 0x1f, 0xfc, 0x00, 0x00,
    0x00, 0x00, 0x00, 0x00, 0x00, 0x00, 0x1f, 0xfc, 0x00, 0x29, 0xdf, 0xfc, 0x70, 0x00, 0x00, 0x00,
    0x1f, 0xfc, 0x07, 0xff, 0xff, 0xff, 0xfd, 0x20, 0x00, 0x00, 0x1f, 0xfc, 0x6f, 0xf9, 0x77, 0xbf,
    0xff, 0xc0, 0x00, 0x00, 0x1f, 0xfe, 0xfb, 0x10, 0x00, 0x06, 0xff, 0xf4, 0x00, 0x00, 0x1f, 0xff,
    0xd0, 0x00, 0x00, 0x00, 0xaf, 0xf9, 0x00, 0x00, 0x1f, 0xff, 0x40, 0x00, 0x00, 0x00, 0x4f, 0xfb,
    0x00, 0x00, 0x1f, 0xff, 0x00, 0x00, 0x00, 0x00, 0x1f, 0xfd, 0x00, 0x00, 0x1f, 0xfd, 0x00, 0x00,
    0x00, 0x00, 0x0f, 0xfd, 0x00, 0x00, 0x1f, 0xfc, 0x00, 0x00, 0x00, 0x00, 0x0f, 0xfd, 0x00, 0x00,
    0x1f, 0xfc, 0x00, 0x00, 0x00, 0x00, 0x0f, 0xfd, 0x00, 0x00, 0x1f, 0xfc, 0x00, 0x00, 0x00, 0x00,
    0x0f, 0xfd, 0x00, 0x00, 0x1f, 0xfc, 0x00, 0x00, 0x00, 0x00, 0x0f, 0xfd, 0x00, 0x00, 0x1f, 0xfc,
    0x00, 0x00, 0x00, 0x00, 0x0f, 0xfd, 0x00, 0x00, 0x1f, 0xfc, 0x00, 0x00, 0x00, 0x00, 0x0f, 0xfd,
    0x00, 0x00, 0x1f, 0xfc, 0x00, 0x00, 0x00, 0x00, 0x0f, 0xfd, 0x00, 0x00, 0x1f, 0xfc, 0x00, 0x00,
    0x00, 0x00, 0x0f, 0xfd, 0x00, 0x00, 0x1f, 0xfc, 0x00, 0x00, 0x00, 0x00, 0x0f, 0xfd, 0x00, 0x00,
    0x1f, 0xfc, 0x00, 0x00, 0x00, 0x00, 0x0f, 0xfd, 0x00, 0x00, 0x0b, 0xf8, 0x00, 0x00, 0x00, 0x5f,
    0xff, 0x30, 0x00, 0x00, 0x6f, 0xff, 0x30, 0x00, 0x00, 0x0b, 0xf8, 0x00, 0x00, 0x00, 0x00, 0x00,
    0x00, 0x00, 0x00, 0x00, 0x00, 0x00, 0x00, 0x00, 0x00, 0x00, 0x00, 0x00, 0x00, 0x00, 0x00, 0x00,
    0x00, 0x00, 0x00, 0x00, 0x00, 0x00, 0x00, 0x1f, 0xfc, 0x00, 0x00, 0x00, 0x1f, 0xfc, 0x00, 0x00,
    0x00, 0x1f, 0xfc, 0x00, 0x00, 0x00, 0x1f, 0xfc, 0x00, 0x00, 0x00, 0x1f, 0xfc, 0x00, 0x00, 0x00,
    0x1f, 0xfc, 0x00, 0x00, 0x00, 0x1f, 0xfc, 0x00, 0x00, 0x00, 0x1f, 0xfc, 0x00, 0x00, 0x00, 0x1f,
    0xfc, 0x00, 0x00, 0x00, 0x1f, 0xfc, 0x00, 0x00, 0x00, 0x1f, 0xfc, 0x00, 0x00, 0x00, 0x1f, 0xfc,
    0x00, 0x00, 0x00, 0x1f, 0xfc, 0x00, 0x00, 0x00, 0x1f, 0xfc, 0x00, 0x00, 0x00, 0x1f, 0xfc, 0x00,
    0x00, 0x00, 0x1f, 0xfc, 0x00, 0x00, 0x00, 0x1f, 0xfc, 0x00, 0x00, 0x00, 0x1f, 0xfc, 0x00, 0x00,
    0x00, 0x00, 0x00, 0x0b, 0xf8, 0x00, 0x00, 0x00, 0x00, 0x00, 0x5f, 0xff, 0x30, 0x00, 0x00, 0x00,
    0x00, 0x6f, 0xff, 0x30, 0x00, 0x00, 0x00, 0x00, 0x0b, 0xf8, 0x00, 0x00, 0x00, 0x00, 0x00, 0x00,
    0x00, 0x00, 0x00, 0x00, 0x00, 0x00, 0x00, 0x00, 0x00, 0x00, 0x00, 0x00, 0x00, 0x00, 0x00, 0x00,
    0x00, 0x00, 0x00, 0x00, 0x00, 0x00, 0x00, 0x00, 0x00, 0x00, 0x00, 0x00, 0x00, 0x00, 0x00, 0x00,
    0x00, 0x00, 0x1f, 0xfc, 0x00, 0x00, 0x00, 0x00, 0x00, 0x1f, 0xfc, 0x00, 0x00, 0x00, 0x00, 0x00,
    0x1f, 0xfc, 0x00, 0x00, 0x00, 0x00, 0x00, 0x1f, 0xfc, 0x00, 0x00, 0x00, 0x00, 0x00, 0x1f, 0xfc,
    0x00, 0x00, 0x00, 0x00, 0x00, 0x1f, 0xfc, 0x00, 0x00, 0x00, 0x00, 0x00, 0x1f, 0xfc, 0x00, 0x00,
    0x00, 0x00, 0x00, 0x1f, 0xfc, 0x00, 0x00, 0x00, 0x00, 0x00, 0x1f, 0xfc, 0x00, 0x00, 0x00, 0x00,
    0x00, 0x1f, 0xfc, 0x00, 0x00, 0x00, 0x00, 0x00, 0x1f, 0xfc, 0x00, 0x00, 0x00, 0x00, 0x00, 0x1f,
    0xfc, 0x00, 0x00, 0x00, 0x00, 0x00, 0x1f, 0xfc, 0x00, 0x00, 0x00, 0x00, 0x00, 0x1f, 0xfc, 0x00,
    0x00, 0x00, 0x00, 0x00, 0x1f, 0xfc, 0x00, 0x00, 0x00, 0x00, 0x00, 0x1f, 0xfc, 0x00, 0x00, 0x00,
    0x00, 0x00, 0x1f, 0xfc, 0x00, 0x00, 0x00, 0x00, 0x00, 0x1f, 0xfc, 0x00, 0x00, 0x00, 0x00, 0x00,
    0x2f, 0xfb, 0x00, 0x00, 0x00, 0x00, 0x00, 0x3f, 0xf9, 0x00, 0x00, 0x00, 0x00, 0x00, 0x7f, 0xf6,
    0x00, 0x00, 0x00, 0x00, 0x00, 0xdf, 0xf1, 0x00, 0x00, 0x00, 0x00, 0x08, 0xff, 0xa0, 0x00, 0x00,
    0x7b, 0x88, 0xcf, 0xff, 0x20, 0x00, 0x00, 0x7f, 0xff, 0xff, 0xe3, 0x00, 0x00, 0x00, 0x4c, 0xff,
    0xd8, 0x10, 0x00, 0x00, 0x00, 0x00, 0x1f, 0xfc, 0x00, 0x00, 0x00, 0x00, 0x00, 0x00, 0x00, 0x1f,
    0xfc, 0x00, 0x00, 0x00, 0x00, 0x00, 0x00, 0x00, 0x1f, 0xfc, 0x00, 0x00, 0x00, 0x00, 0x00, 0x00,
    0x00, 0x1f, 0xfc, 0x00, 0x00, 0x00, 0x00, 0x00, 0x00, 0x00, 0x1f, 0xfc, 0x00, 0x00, 0x00, 0x00,
    0x00, 0x00, 0x00, 0x1f, 0xfc, 0x00, 0x00, 0x00, 0x00, 0x00, 0x00, 0x00, 0x1f, 0xfc, 0x00, 0x00,
    0x00, 0x00, 0x00, 0x00, 0x00, 0x1f, 0xfc, 0x00, 0x00, 0x00, 0x00, 0x00, 0x00, 0x00, 0x1f, 0xfc,
    0x00, 0x00, 0x00, 0x00, 0x00, 0x00, 0x00, 0x1f, 0xfc, 0x00, 0x00, 0x00, 0x1e, 0xff, 0xb0, 0x00,
    0x1f, 0xfc, 0x00, 0x00, 0x01, 0xdf, 0xfb, 0x00, 0x00, 0x1f, 0xfc, 0x00, 0x00, 0x0c, 0xff, 0xc0,
    0x00, 0x00, 0x1f, 0xfc, 0x00, 0x00, 0xbf, 0xfc, 0x00, 0x00, 0x00, 0x1f, 0xfc, 0x00, 0x0a, 0xff,
    0xd1, 0x00, 0x00, 0x00, 0x1f, 0xfc, 0x00, 0x9f, 0xfd, 0x10, 0x00, 0x00, 0x00, 0x1f, 0xfc, 0x08,
    0xff, 0xd1, 0x00, 0x00, 0x00, 0x00, 0x1f, 0xfc, 0x7f, 0xfe, 0x10, 0x00, 0x00, 0x00, 0x00, 0x1f,
    0xff, 0xff, 0xf2, 0x00, 0x00, 0x00, 0x00, 0x00, 0x1f, 0xfe, 0xef, 0xfa, 0x00, 0x00, 0x00, 0x00,
    0x00, 0x1f, 0xfc, 0x2e, 0xff, 0x90, 0x00, 0x00, 0x00, 0x00, 0x1f, 0xfc, 0x03, 0xff, 0xf9, 0x00,
    0x00, 0x00, 0x00, 0x1f, 0xfc, 0x00, 0x4f, 0xff, 0x80, 0x00, 0x00, 0x00, 0x1f, 0xfc, 0x00, 0x05,
    0xff, 0xf8, 0x00, 0x00, 0x00, 0x1f, 0xfc, 0x00, 0x00, 0x6f, 0xff, 0x70, 0x00, 0x00, 0x1f, 0xfc,
    0x00, 0x00, 0x07, 0xff, 0xf7, 0x00, 0x00, 0x1f, 0xfc, 0x00, 0x00, 0x00, 0x9f, 0xff, 0x60, 0x00,
    0x1f, 0xfc, 0x00, 0x00, 0x00, 0x0a, 0xff, 0xf6, 0x00, 0x1f, 0xfc, 0x00, 0x00, 0x00, 0x1f, 0xfc,
    0x00, 0x00, 0x00, 0x1f, 0xfc, 0x00, 0x00, 0x00, 0x1f, 0xfc, 0x00, 0x00, 0x00, 0x1f, 0xfc, 0x00,
    0x00, 0x00, 0x1f, 0xfc, 0x00, 0x00, 0x00, 0x1f, 0xfc, 0x00, 0x00, 0x00, 0x1f, 0xfc, 0x00, 0x00,
    0x00, 0x1f, 0xfc, 0x00, 0x00, 0x00, 0x1f, 0xfc, 0x00, 0x00, 0x00, 0x1f, 0xfc, 0x00, 0x00, 0x00,
    0x1f, 0xfc, 0x00, 0x00, 0x00, 0x1f, 0xfc, 0x00, 0x00, 0x00, 0x1f, 0xfc, 0x00, 0x00, 0x00, 0x1f,
    0xfc, 0x00, 0x00, 0x00, 0x1f, 0xfc, 0x00, 0x00, 0x00, 0x1f, 0xfc, 0x00, 0x00, 0x00, 0x1f, 0xfc,
    0x00, 0x00, 0x00, 0x1f, 0xfc, 0x00, 0x00, 0x00, 0x1f, 0xfc, 0x00, 0x00, 0x00, 0x1f, 0xfc, 0x00,
    0x00, 0x00, 0x1f, 0xfc, 0x00, 0x00, 0x00, 0x1f, 0xfc, 0x00, 0x00, 0x00, 0x1f, 0xfc, 0x00, 0x00,
    0x00, 0x1f, 0xfc, 0x00, 0x00, 0x00, 0x1f, 0xfc, 0x00, 0x00, 0x00, 0x1f, 0xfc, 0x00, 0x00, 0x00,
    0x1f, 0xfc, 0x00, 0x4b, 0xef, 0xe9, 0x10, 0x00, 0x04, 0xad, 0xfe, 0xb5, 0x00, 0x00, 0x00, 0x00,
    0x1f, 0xfc, 0x09, 0xff, 0xff, 0xff, 0xe3, 0x00, 0x9f, 0xff, 0xff, 0xff, 0xa0, 0x00, 0x00, 0x00,
    0x1f, 0xfc, 0x8f, 0xc8, 0x79, 0xff, 0xfe, 0x09, 0xff, 0x97, 0x8d, 0xff, 0xf7, 0x00, 0x00, 0x00,
    0x1f, 0xff, 0xf7, 0x00, 0x00, 0x2e, 0xff, 0xbf, 0xd2, 0x00, 0x00, 0x9f, 0xfe, 0x00, 0x00, 0x00,
    0x1f, 0xff, 0xa0, 0x00, 0x00, 0x05, 0xff, 0xff, 0x20, 0x00, 0x00, 0x0e, 0xff, 0x30, 0x00, 0x00,
    0x1f, 0xff, 0x30, 0x00, 0x00, 0x00, 0xff, 0xf9, 0x00, 0x00, 0x00, 0x0a, 0xff, 0x60, 0x00, 0x00,
    0x1f, 0xfe, 0x00, 0x00, 0x00, 0x00, 0xdf, 0xf4, 0x00, 0x00, 0x00, 0x07, 0xff, 0x70, 0x00, 0x00,
    0x1f, 0xfd, 0x00, 0x00, 0x00, 0x00, 0xcf, 0xf2, 0x00, 0x00, 0x00, 0x06, 0xff, 0x70, 0x00, 0x00,
    0x1f, 0xfc, 0x00, 0x00, 0x00, 0x00, 0xcf, 0xf2, 0x00, 0x00, 0x00, 0x06, 0xff, 0x70, 0x00, 0x00,
    0x1f, 0xfc, 0x00, 0x00, 0x00, 0x00, 0xcf, 0xf2, 0x00, 0x00, 0x00, 0x06, 0xff, 0x70, 0x00, 0x00,
    0x1f, 0xfc, 0x00, 0x00, 0x00, 0x00, 0xcf, 0xf2, 0x00, 0x00, 0x00, 0x06, 0xff, 0x70, 0x00, 0x00,
    0x1f, 0xfc, 0x00, 0x00, 0x00, 0x00, 0xcf, 0xf2, 0x00, 0x00, 0x00, 0x06, 0xff, 0x70, 0x00, 0x00,
    0x1f, 0xfc, 0x00, 0x00, 0x00, 0x00, 0xcf, 0xf2, 0x00, 0x00, 0x00, 0x06, 0xff, 0x70, 0x00, 0x00,
    0x1f, 0xfc, 0x00, 0x00, 0x00, 0x00, 0xcf, 0xf2, 0x00, 0x00, 0x00, 0x06, 0xff, 0x70, 0x00, 0x00,
    0x1f, 0xfc, 0x00, 0x00, 0x00, 0x00, 0xcf, 0xf2, 0x00, 0x00, 0x00, 0x06, 0xff, 0x70, 0x00, 0x00,
    0x1f, 0xfc, 0x00, 0x00, 0x00, 0x00, 0xcf, 0xf2, 0x00, 0x00, 0x00, 0x06, 0xff, 0x70, 0x00, 0x00,
    0x1f, 0xfc, 0x00, 0x00, 0x00, 0x00, 0xcf, 0xf2, 0x00, 0x00, 0x00, 0x06, 0xff, 0x70, 0x00, 0x00,
    0x1f, 0xfc, 0x00, 0x00, 0x00, 0x00, 0xcf, 0xf2, 0x00, 0x00, 0x00, 0x06, 0xff, 0x70, 0x00, 0x00,
    0x1f, 0xfc, 0x00, 0x29, 0xdf, 0xfc, 0x70, 0x00, 0x00, 0x00, 0x1f, 0xfc, 0x07, 0xff, 0xff, 0xff,
    0xfc, 0x10, 0x00, 0x00, 0x1f, 0xfc, 0x7f, 0xe9, 0x77, 0xcf, 0xff, 0xb0, 0x00, 0x00, 0x1f, 0xfe,
    0xfb, 0x10, 0x00, 0x06, 0xff, 0xf3, 0x00, 0x00, 0x1f, 0xff, 0xd0, 0x00, 0x00, 0x00, 0xaf, 0xf8,
    0x00, 0x00, 0x1f, 0xff, 0x40, 0x00, 0x00, 0x00, 0x5f, 0xfb, 0x00, 0x00, 0x1f, 0xff, 0x00, 0x00,
    0x00, 0x00, 0x1f, 0xfd, 0x00, 0x00, 0x1f, 0xfd, 0x00, 0x00, 0x00, 0x00, 0x0f, 0xfd, 0x00, 0x00,
    0x1f, 0xfc, 0x00, 0x00, 0x00, 0x00, 0x0f, 0xfd, 0x00, 0x00, 0x1f, 0xfc, 0x00, 0x00, 0x00, 0x00,
    0x0f, 0xfd, 0x00, 0x00, 0x1f, 0xfc, 0x00, 0x00, 0x00, 0x00, 0x0f, 0xfd, 0x00, 0x00, 0x1f, 0xfc,
    0x00, 0x00, 0x00, 0x00, 0x0f, 0xfd, 0x00, 0x00, 0x1f, 0xfc, 0x00, 0x00, 0x00, 0x00, 0x0f, 0xfd,
    0x00, 0x00, 0x1f, 0xfc, 0x00, 0x00, 0x00, 0x00, 0x0f, 0xfd, 0x00, 0x00, 0x1f, 0xfc, 0x00, 0x00,
    0x00, 0x00, 0x0f, 0xfd, 0x00, 0x00, 0x1f, 0xfc, 0x00, 0x00, 0x00, 0x00, 0x0f, 0xfd, 0x00, 0x00,
    0x1f, 0xfc, 0x00, 0x00, 0x00, 0x00, 0x0f, 0xfd, 0x00, 0x00, 0x1f, 0xfc, 0x00, 0x00, 0x00, 0x00,
    0x0f, 0xfd, 0x00, 0x00, 0x00, 0x00, 0x27, 0xce, 0xff, 0xda, 0x50, 0x00, 0x00, 0x00, 0x00, 0x00,
    0x09, 0xff, 0xff, 0xff, 0xff, 0xfd, 0x30, 0x00, 0x00, 0x00, 0x00, 0xcf, 0xff, 0xc8, 0x77, 0xaf,
    0xff, 0xf3, 0x00, 0x00, 0x00, 0x0b, 0xff, 0xe3, 0x00, 0x00, 0x01, 0xbf, 0xfe, 0x10, 0x00, 0x00,
    0x4f, 0xfe, 0x10, 0x00, 0x00, 0x00, 0x0c, 0xff, 0x80, 0x00, 0x00, 0xbf, 0xf6, 0x00, 0x00, 0x00,
    0x00, 0x03, 0xff, 0xe0, 0x00, 0x00, 0xff, 0xf0, 0x00, 0x00, 0x00, 0x00, 0x00, 0xdf, 0xf2, 0x00,
    0x02, 0xff, 0xc0, 0x00, 0x00, 0x00, 0x00, 0x00, 0xaf, 0xf4, 0x00, 0x04, 0xff, 0xa0, 0x00, 0x00,
    0x00, 0x00, 0x00, 0x9f, 0xf5, 0x00, 0x04, 0xff, 0xa0, 0x00, 0x00, 0x00, 0x00, 0x00, 0x9f, 0xf5,
    0x00, 0x03, 0xff, 0xc0, 0x00, 0x00, 0x00, 0x00, 0x00, 0xaf, 0xf4, 0x00, 0x01, 0xff, 0xf0, 0x00,
    0x00, 0x00, 0x00, 0x00, 0xdf, 0xf1, 0x00, 0x00, 0xcf, 0xf5, 0x00, 0x00, 0x00, 0x00, 0x03, 0xff,
    0xd0, 0x00, 0x00, 0x5f, 0xfe, 0x10, 0x00, 0x00, 0x00, 0x0c, 0xff, 0x50, 0x00, 0x00, 0x0c, 0xff,
    0xd3, 0x00, 0x00, 0x01, 0xbf, 0xfc, 0x00, 0x00, 0x00, 0x01, 0xdf, 0xff, 0xc8, 0x77, 0xaf, 0xff,
    0xd1, 0x00, 0x00, 0x00, 0x00, 0x1b, 0xff, 0xff, 0xff, 0xff, 0xfa, 0x10, 0x00, 0x00, 0x00, 0x00,
    0x00, 0x39, 0xde, 0xfe, 0xc8, 0x30, 0x00, 0x00, 0x00, 0x00, 0x1f, 0xfc, 0x00, 0x18, 0xce, 0xfd,
    0xa3, 0x00, 0x00, 0x00, 0x00, 0x1f, 0xfc, 0x05, 0xff, 0xff, 0xff, 0xff, 0x90, 0x00, 0x00, 0x00,
    0x1f, 0xfc, 0x4f, 0xfb, 0x87, 0x8d, 0xff, 0xfa, 0x00, 0x00, 0x00, 0x1f, 0xfe, 0xed, 0x20, 0x00,
    0x00, 0x7f, 0xff, 0x50, 0x00, 0x00, 0x1f, 0xff, 0xe1, 0x00, 0x00, 0x00, 0x08, 0xff, 0xc0, 0x00,
    0x00, 0x1f, 0xff, 0x60, 0x00, 0x00, 0x00, 0x00, 0xff, 0xf1, 0x00, 0x00, 0x1f, 0xff, 0x00, 0x00,
    0x00, 0x00, 0x00, 0xbf, 0xf5, 0x00, 0x00, 0x1f, 0xfd, 0x00, 0x00, 0x00, 0x00, 0x00, 0x8f, 0xf6,
    0x00, 0x00, 0x1f, 0xfc, 0x00, 0x00, 0x00, 0x00, 0x00, 0x7f, 0xf7, 0x00, 0x00, 0x1f, 0xfc, 0x00,
    0x00, 0x00, 0x00, 0x00, 0x8f, 0xf6, 0x00, 0x00, 0x1f, 0xfc, 0x00, 0x00, 0x00, 0x00, 0x00, 0xaf,
    0xf5, 0x00, 0x00, 0x1f, 0xfe, 0x00, 0x00, 0x00, 0x00, 0x00, 0xef, 0xf2, 0x00, 0x00, 0x1f, 0xff,
    0x30, 0x00, 0x00, 0x00, 0x04, 0xff, 0xd0, 0x00, 0x00, 0x1f, 0xff, 0xb0, 0x00, 0x00, 0x00, 0x0c,
    0xff, 0x70, 0x00, 0x00, 0x1f, 0xff, 0xfa, 0x00, 0x00, 0x01, 0xbf, 0xfd, 0x00, 0x00, 0x00, 0x1f,
    0xfc, 0xbf, 0xe9, 0x77, 0xaf, 0xff, 0xf3, 0x00, 0x00, 0x00, 0x1f, 0xfc, 0x0b, 0xff, 0xff, 0xff,
    0xfd, 0x30, 0x00, 0x00, 0x00, 0x1f, 0xfc, 0x00, 0x5b, 0xef, 0xeb, 0x60, 0x00, 0x00, 0x00, 0x00,
    0x1f, 0xfc, 0x00, 0x00, 0x00, 0x00, 0x00, 0x00, 0x00, 0x00, 0x00, 0x1f, 0xfc, 0x00, 0x00, 0x00,
    0x00, 0x00, 0x00, 0x00, 0x00, 0x00, 0x1f, 0xfc, 0x00, 0x00, 0x00, 0x00, 0x00, 0x00, 0x00, 0x00,
    0x00, 0x1f, 0xfc, 0x00, 0x00, 0x00, 0x00, 0x00, 0x00, 0x00, 0x00, 0x00, 0x1f, 0xfc, 0x00, 0x00,
    0x00, 0x00, 0x00, 0x00, 0x00, 0x00, 0x00, 0x1f, 0xfc, 0x00, 0x00, 0x00, 0x00, 0x00, 0x00, 0x00,
    0x00, 0x00, 0x1f, 0xfc, 0x00, 0x00, 0x00, 0x00, 0x00, 0x00, 0x00, 0x00, 0x00, 0x1f, 0xfc, 0x00,
    0x00, 0x00, 0x00, 0x00, 0x00, 0x00, 0x00, 0x00, 0x00, 0x00, 0x4a, 0xdf, 0xfd, 0x81, 0x09, 0xff,
    0x40, 0x00, 0x00, 0x00, 0x1b, 0xff, 0xff, 0xff, 0xfe, 0x39, 0xff, 0x40, 0x00, 0x00, 0x01, 0xdf,
    0xff, 0xb7, 0x79, 0xdf, 0xeb, 0xff, 0x40, 0x00, 0x00, 0x0b, 0xff, 0xd2, 0x00, 0x00, 0x07, 0xff,
    0xff, 0x40, 0x00, 0x00, 0x4f, 0xfe, 0x10, 0x00, 0x00, 0x00, 0x8f, 0xff, 0x40, 0x00, 0x00, 0xbf,
    0xf6, 0x00, 0x00, 0x00, 0x00, 0x0e, 0xff, 0x40, 0x00, 0x00, 0xff, 0xf0, 0x00, 0x00, 0x00, 0x00,
    0x0b, 0xff, 0x40, 0x00, 0x02, 0xff, 0xc0, 0x00, 0x00, 0x00, 0x00, 0x09, 0xff, 0x40, 0x00, 0x04,
    0xff, 0xb0, 0x00, 0x00, 0x00, 0x00, 0x09, 0xff, 0x40, 0x00, 0x04, 0xff, 0xa0, 0x00, 0x00, 0x00,
    0x00, 0x09, 0xff, 0x40, 0x00, 0x03, 0xff, 0xb0, 0x00, 0x00, 0x00, 0x00, 0x0a, 0xff, 0x40, 0x00,
    0x02, 0xff, 0xe0, 0x00, 0x00, 0x00, 0x00, 0x0d, 0xff, 0x40, 0x00, 0x00, 0xef, 0xf3, 0x00, 0x00,
    0x00, 0x00, 0x2f, 0xff, 0x40, 0x00, 0x00, 0x9f, 0xfc, 0x00, 0x00, 0x00, 0x00, 0xbf, 0xff, 0x40,
    0x00, 0x00, 0x2f, 0xff, 0xb1, 0x00, 0x00, 0x1b, 0xfd, 0xff, 0x40, 0x00, 0x00, 0x06, 0xff, 0xfe,
    0x97, 0x7a, 0xff, 0x99, 0xff, 0x40, 0x00, 0x00, 0x00, 0x6f, 0xff, 0xff, 0xff, 0xf9, 0x09, 0xff,
    0x40, 0x00, 0x00, 0x00, 0x01, 0x8d, 0xff, 0xda, 0x40, 0x09, 0xff, 0x40, 0x00, 0x00, 0x00, 0x00,
    0x00, 0x00, 0x00, 0x00, 0x09, 0xff, 0x40, 0x00, 0x00, 0x00, 0x00, 0x00, 0x00, 0x00, 0x00, 0x09,
    0xff, 0x40, 0x00, 0x00, 0x00, 0x00, 0x00, 0x00, 0x00, 0x00, 0x09, 0xff, 0x40, 0x00, 0x00, 0x00,
    0x00, 0x00, 0x00, 0x00, 0x00, 0x09, 0xff, 0x40, 0x00, 0x00, 0x00, 0x00, 0x00, 0x00, 0x00, 0x00,
    0x09, 0xff, 0x40, 0x00, 0x00, 0x00, 0x00, 0x00, 0x00, 0x00, 0x00, 0x09, 0xff, 0x40, 0x00, 0x00,
    0x00, 0x00, 0x00, 0x00, 0x00, 0x00, 0x09, 0xff, 0x40, 0x00, 0x00, 0x00, 0x00, 0x00, 0x00, 0x00,
    0x00, 0x09, 0xff, 0x40, 0x00, 0x00, 0x1f, 0xfc, 0x00, 0x6d, 0xfe, 0x30, 0x00, 0x1f, 0xfc, 0x08,
    0xff, 0xff, 0x50, 0x00, 0x1f, 0xfc, 0x4f, 0xff, 0xff, 0x50, 0x00, 0x1f, 0xfc, 0xcf, 0x61, 0x16,
    0x40, 0x00, 0x1f, 0xff, 0xf3, 0x00, 0x00, 0x00, 0x00, 0x1f, 0xff, 0x80, 0x00, 0x00, 0x00, 0x00,
    0x1f, 0xff, 0x20, 0x00, 0x00, 0x00, 0x00, 0x1f, 0xfe, 0x00, 0x00, 0x00, 0x00, 0x00, 0x1f, 0xfd,
    0x00, 0x00, 0x00, 0x00, 0x00, 0x1f, 0xfc, 0x00, 0x00, 0x00, 0x00, 0x00, 0x1f, 0xfc, 0x00, 0x00,
    0x00, 0x00, 0x00, 0x1f, 0xfc, 0x00, 0x00, 0x00, 0x00, 0x00, 0x1f, 0xfc, 0x00, 0x00, 0x00, 0x00,
    0x00, 0x1f, 0xfc, 0x00, 0x00, 0x00, 0x00, 0x00, 0x1f, 0xfc, 0x00, 0x00, 0x00, 0x00, 0x00, 0x1f,
    0xfc, 0x00, 0x00, 0x00, 0x00, 0x00, 0x1f, 0xfc, 0x00, 0x00, 0x00, 0x00, 0x00, 0x1f, 0xfc, 0x00,
    0x00, 0x00, 0x00, 0x00, 0x00, 0x17, 0xbe, 0xfe, 0xda, 0x50, 0x00, 0x00, 0x05, 0xff, 0xff, 0xff,
    0xff, 0xf0, 0x00, 0x00, 0x4f, 0xff, 0xc8, 0x78, 0xae, 0xf0, 0x00, 0x00, 0xdf, 0xf6, 0x00, 0x00,
    0x00, 0x30, 0x00, 0x01, 0xff, 0xe0, 0x00, 0x00, 0x00, 0x00, 0x00, 0x01, 0xff, 0xf0, 0x00, 0x00,
    0x00, 0x00, 0x00, 0x00, 0xef, 0xfa, 0x00, 0x00, 0x00, 0x00, 0x00, 0x00, 0x5f, 0xff, 0xe8, 0x20,
    0x00, 0x00, 0x00, 0x00, 0x05, 0xef, 0xff, 0xfb, 0x40, 0x00, 0x00, 0x00, 0x00, 0x17, 0xef, 0xff,
    0xfb, 0x10, 0x00, 0x00, 0x00, 0x00, 0x04, 0xbf, 0xff, 0xd1, 0x00, 0x00, 0x00, 0x00, 0x00, 0x03,
    0xef, 0xf7, 0x00, 0x00, 0x00, 0x00, 0x00, 0x00, 0x5f, 0xfb, 0x00, 0x00, 0x00, 0x00, 0x00, 0x00,
    0x4f, 0xfb, 0x00, 0x02, 0xd5, 0x00, 0x00, 0x00, 0xaf, 0xf7, 0x00, 0x02, 0xff, 0xd9, 0x77, 0x9d,
    0xff, 0xd1, 0x00, 0x02, 0xff, 0xff, 0xff, 0xff, 0xfc, 0x20, 0x00, 0x00, 0x28, 0xce, 0xff, 0xda,
    0x50, 0x00, 0x00, 0x00, 0x00, 0x5a, 0xa0, 0x00, 0x00, 0x00, 0x02, 0xff, 0xb0, 0x00, 0x00, 0x00,
    0x02, 0xff, 0xb0, 0x00, 0x00, 0x00, 0x02, 0xff, 0xb0, 0x00, 0x00, 0x00, 0x02, 0xff, 0xb0, 0x00,
    0x00, 0x4f, 0xff, 0xff, 0xff, 0xff, 0xf4, 0x4f, 0xff, 0xff, 0xff, 0xff, 0xf4, 0x17, 0x78, 0xff,
    0xd7, 0x77, 0x71, 0x00, 0x02, 0xff, 0xb0, 0x00, 0x00, 0x00, 0x02, 0xff, 0xb0, 0x00, 0x00, 0x00,
    0x02, 0xff, 0xb0, 0x00, 0x00, 0x00, 0x02, 0xff, 0xb0, 0x00, 0x00, 0x00, 0x02, 0xff, 0xb0, 0x00,
    0x00, 0x00, 0x02, 0xff, 0xb0, 0x00, 0x00, 0x00, 0x02, 0xff, 0xb0, 0x00, 0x00, 0x00, 0x02, 0xff,
    0xb0, 0x00, 0x00, 0x00, 0x02, 0xff, 0xb0, 0x00, 0x00, 0x00, 0x02, 0xff, 0xb0, 0x00, 0x00, 0x00,
    0x01, 0xff, 0xd0, 0x00, 0x00, 0x00, 0x00, 0xff, 0xf2, 0x00, 0x00, 0x00, 0x00, 0xbf, 0xff, 0x97,
    0xa3, 0x00, 0x00, 0x2f, 0xff, 0xff, 0xf4, 0x00, 0x00, 0x02, 0xae, 0xfe, 0xb2, 0x00, 0x7f, 0xf6,
    0x00, 0x00, 0x00, 0x00, 0x6f, 0xf7, 0x00, 0x00, 0x7f, 0xf6, 0x00, 0x00, 0x00, 0x00, 0x6f, 0xf7,
    0x00, 0x00, 0x7f, 0xf6, 0x00, 0x00, 0x00, 0x00, 0x6f, 0xf7, 0x00, 0x00, 0x7f, 0xf6, 0x00, 0x00,
    0x00, 0x00, 0x6f, 0xf7, 0x00, 0x00, 0x7f, 0xf6, 0x00, 0x00, 0x00, 0x00, 0x6f, 0xf7, 0x00, 0x00,
    0x7f, 0xf6, 0x00, 0x00, 0x00, 0x00, 0x6f, 0xf7, 0x00, 0x00, 0x7f, 0xf6, 0x00, 0x00, 0x00, 0x00,
    0x6f, 0xf7, 0x00, 0x00, 0x7f, 0xf6, 0x00, 0x00, 0x00, 0x00, 0x6f, 0xf7, 0x00, 0x00, 0x7f, 0xf6,
    0x00, 0x00, 0x00, 0x00, 0x6f, 0xf7, 0x00, 0x00, 0x7f, 0xf6, 0x00, 0x00, 0x00, 0x00, 0x6f, 0xf7,
    0x00, 0x00, 0x7f, 0xf6, 0x00, 0x00, 0x00, 0x00, 0x7f, 0xf7, 0x00, 0x00, 0x6f, 0xf7, 0x00, 0x00,
    0x00, 0x00, 0x8f, 0xf7, 0x00, 0x00, 0x5f, 0xfb, 0x00, 0x00, 0x00, 0x00, 0xdf, 0xf7, 0x00, 0x00,
    0x1f, 0xff, 0x10, 0x00, 0x00, 0x06, 0xff, 0xf7, 0x00, 0x00, 0x0c, 0xff, 0xc0, 0x00, 0x00, 0x5f,
    0xff, 0xf7, 0x00, 0x00, 0x04, 0xff, 0xfe, 0x97, 0x7c, 0xfe, 0x7f, 0xf7, 0x00, 0x00, 0x00, 0x7f,
    0xff, 0xff, 0xff, 0xe3, 0x6f, 0xf7, 0x00, 0x00, 0x00, 0x03, 0xad, 0xff, 0xd7, 0x10, 0x6f, 0xf7,
    0x00, 0x9f, 0xf9, 0x00, 0x00, 0x00, 0x00, 0x02, 0xff, 0xd0, 0x2f, 0xfe, 0x00, 0x00, 0x00, 0x00,
    0x08, 0xff, 0x70, 0x0c, 0xff, 0x40, 0x00, 0x00, 0x00, 0x0d, 0xff, 0x10, 0x06, 0xff, 0xa0, 0x00,
    0x00, 0x00, 0x3f, 0xfa, 0x00, 0x01, 0xff, 0xf0, 0x00, 0x00, 0x00, 0x9f, 0xf4, 0x00, 0x00, 0xaf,
    0xf5, 0x00, 0x00, 0x00, 0xff, 0xd0, 0x00, 0x00, 0x4f, 0xfa, 0x00, 0x00, 0x05, 0xff, 0x70, 0x00,
    0x00, 0x0e, 0xff, 0x00, 0x00, 0x0b, 0xff, 0x10, 0x00, 0x00, 0x08, 0xff, 0x60, 0x00, 0x1f, 0xfa,
    0x00, 0x00, 0x00, 0x02, 0xff, 0xb0, 0x00, 0x6f, 0xf4, 0x00, 0x00, 0x00, 0x00, 0xcf, 0xf1, 0x00,
    0xcf, 0xd0, 0x00, 0x00, 0x00, 0x00, 0x6f, 0xf6, 0x02, 0xff, 0x70, 0x00, 0x00, 0x00, 0x00, 0x0f,
    0xfc, 0x08, 0xff, 0x10, 0x00, 0x00, 0x00, 0x00, 0x0a, 0xff, 0x1d, 0xfa, 0x00, 0x00, 0x00, 0x00,
    0x00, 0x04, 0xff, 0x8f, 0xf4, 0x00, 0x00, 0x00, 0x00, 0x00, 0x00, 0xef, 0xef, 0xe0, 0x00, 0x00,
    0x00, 0x00, 0x00, 0x00, 0x8f, 0xff, 0x70, 0x00, 0x00, 0x00, 0x00, 0x00, 0x00, 0x2f, 0xff, 0x10,
    0x00, 0x00, 0x00, 0x6f, 0xf9, 0x00, 0x00, 0x00, 0x01, 0xff, 0xc0, 0x00, 0x00, 0x00, 0x6f, 0xf7,
    0x2f, 0xfd, 0x00, 0x00, 0x00, 0x06, 0xff, 0xf1, 0x00, 0x00, 0x00, 0xaf, 0xf2, 0x0d, 0xff, 0x20,
    0x00, 0x00, 0x0b, 0xff, 0xf5, 0x00, 0x00, 0x00, 0xef, 0xd0, 0x08, 0xff, 0x60, 0x00, 0x00, 0x1f,
    0xfe, 0xf9, 0x00, 0x00, 0x03, 0xff, 0x80, 0x03, 0xff, 0xb0, 0x00, 0x00, 0x5f, 0xe9, 0xfe, 0x00,
    0x00, 0x07, 0xff, 0x30, 0x00, 0xef, 0xf0, 0x00, 0x00, 0xaf, 0xa6, 0xff, 0x20, 0x00, 0x0b, 0xfe,
    0x00, 0x00, 0x9f, 0xf3, 0x00, 0x00, 0xff, 0x51, 0xff, 0x70, 0x00, 0x0f, 0xfa, 0x00, 0x00, 0x4f,
    0xf8, 0x00, 0x04, 0xff, 0x00, 0xdf, 0xb0, 0x00, 0x4f, 0xf5, 0x00, 0x00, 0x0f, 0xfc, 0x00, 0x09,
    0xfb, 0x00, 0x8f, 0xf0, 0x00, 0x8f, 0xf1, 0x00, 0x00, 0x0b, 0xff, 0x10, 0x0e, 0xf6, 0x00, 0x3f,
    0xf4, 0x00, 0xdf, 0xb0, 0x00, 0x00, 0x06, 0xff, 0x50, 0x3f, 0xf1, 0x00, 0x0f, 0xf8, 0x01, 0xff,
    0x70, 0x00, 0x00, 0x01, 0xff, 0x90, 0x8f, 0xc0, 0x00, 0x0a, 0xfd, 0x05, 0xff, 0x20, 0x00, 0x00,
    0x00, 0xcf, 0xe0, 0xdf, 0x70, 0x00, 0x06, 0xff, 0x19, 0xfd, 0x00, 0x00, 0x00, 0x00, 0x7f, 0xf4,
    0xff, 0x20, 0x00, 0x01, 0xff, 0x5e, 0xf8, 0x00, 0x00, 0x00, 0x00, 0x3f, 0xfa, 0xfd, 0x00, 0x00,
    0x00, 0xcf, 0xaf, 0xf3, 0x00, 0x00, 0x00, 0x00, 0x0e, 0xff, 0xf8, 0x00, 0x00, 0x00, 0x8f, 0xff,
    0xe0, 0x00, 0x00, 0x00, 0x00, 0x09, 0xff, 0xf3, 0x00, 0x00, 0x00, 0x3f, 0xff, 0xa0, 0x00, 0x00,
    0x00, 0x00, 0x04, 0xff, 0xe0, 0x00, 0x00, 0x00, 0x0e, 0xff, 0x50, 0x00, 0x00, 0x1e, 0xff, 0x50,
    0x00, 0x00, 0x00, 0x6f, 0xfb, 0x00, 0x05, 0xff, 0xe0, 0x00, 0x00, 0x01, 0xef, 0xf1, 0x00, 0x00,
    0xaf, 0xf7, 0x00, 0x00, 0x09, 0xff, 0x60, 0x00, 0x00, 0x1f, 0xff, 0x10, 0x00, 0x3f, 0xfb, 0x00,
    0x00, 0x00, 0x06, 0xff, 0x90, 0x00, 0xcf, 0xf2, 0x00, 0x00, 0x00, 0x00, 0xcf, 0xf3, 0x06, 0xff,
    0x60, 0x00, 0x00, 0x00, 0x00, 0x2f, 0xfb, 0x1e, 0xfb, 0x00, 0x00, 0x00, 0x00, 0x00, 0x07, 0xff,
    0xcf, 0xf2, 0x00, 0x00, 0x00, 0x00, 0x00, 0x00, 0xdf, 0xff, 0x60, 0x00, 0x00, 0x00, 0x00, 0x00,
    0x00, 0xaf, 0xff, 0x40, 0x00, 0x00, 0x00, 0x00, 0x00, 0x05, 0xff, 0xff, 0xe0, 0x00, 0x00, 0x00,
    0x00, 0x00, 0x1e, 0xfc, 0x5f, 0xf9, 0x00, 0x00, 0x00, 0x00, 0x00, 0xbf, 0xf3, 0x0b, 0xff, 0x40,
    0x00, 0x00, 0x00, 0x06, 0xff, 0x90, 0x02, 0xff, 0xe1, 0x00, 0x00, 0x00, 0x2f, 0xfe, 0x00, 0x00,
    0x8f, 0xf9, 0x00, 0x00, 0x00, 0xcf, 0xf5, 0x00, 0x00, 0x0d, 0xff, 0x40, 0x00, 0x08, 0xff, 0xb0,
    0x00, 0x00, 0x04, 0xff, 0xe1, 0x00, 0x3f, 0xff, 0x20, 0x00, 0x00, 0x00, 0xbf, 0xfa, 0x00, 0x8f,
    0xfa, 0x00, 0x00, 0x00, 0x00, 0x00, 0xef, 0xf1, 0x2f, 0xff, 0x00, 0x00, 0x00, 0x00, 0x04, 0xff,
    0xa0, 0x0c, 0xff, 0x50, 0x00, 0x00, 0x00, 0x0a, 0xff, 0x40, 0x06, 0xff, 0xa0, 0x00, 0x00, 0x00,
    0x1f, 0xfd, 0x00, 0x00, 0xff, 0xf0, 0x00, 0x00, 0x00, 0x6f, 0xf7, 0x00, 0x00, 0x9f, 0xf6, 0x00,
    0x00, 0x00, 0xcf, 0xf1, 0x00, 0x00, 0x3f, 0xfb, 0x00, 0x00, 0x02, 0xff, 0xa0, 0x00, 0x00, 0x0d,
    0xff, 0x10, 0x00, 0x08, 0xff, 0x40, 0x00, 0x00, 0x06, 0xff, 0x60, 0x00, 0x0d, 0xfe, 0x00, 0x00,
    0x00, 0x01, 0xff, 0xc0, 0x00, 0x3f, 0xf7, 0x00, 0x00, 0x00, 0x00, 0xaf, 0xf2, 0x00, 0x9f, 0xf1,
    0x00, 0x00, 0x00, 0x00, 0x4f, 0xf7, 0x00, 0xff, 0xb0, 0x00, 0x00, 0x00, 0x00, 0x0d, 0xfd, 0x05,
    0xff, 0x40, 0x00, 0x00, 0x00, 0x00, 0x07, 0xff, 0x2b, 0xfe, 0x00, 0x00, 0x00, 0x00, 0x00, 0x01,
    0xff, 0x8f, 0xf8, 0x00, 0x00, 0x00, 0x00, 0x00, 0x00, 0xbf, 0xff, 0xf1, 0x00, 0x00, 0x00, 0x00,
    0x00, 0x00, 0x4f, 0xff, 0xb0, 0x00, 0x00, 0x00, 0x00, 0x00, 0x00, 0x0e, 0xff, 0x50, 0x00, 0x00,
    0x00, 0x00, 0x00, 0x00, 0x0e, 0xfe, 0x00, 0x00, 0x00, 0x00, 0x00, 0x00, 0x00, 0x6f, 0xf8, 0x00,
    0x00, 0x00, 0x00, 0x00, 0x00, 0x00, 0xdf, 0xf2, 0x00, 0x00, 0x00, 0x00, 0x00, 0x00, 0x06, 0xff,
    0xa0, 0x00, 0x00, 0x00, 0x00, 0x00, 0x00, 0x3e, 0xff, 0x20, 0x00, 0x00, 0x00, 0x00, 0x2b, 0x8a,
    0xff, 0xf7, 0x00, 0x00, 0x00, 0x00, 0x00, 0x2f, 0xff, 0xff, 0x80, 0x00, 0x00, 0x00, 0x00, 0x00,
    0x1e, 0xfe, 0xb4, 0x00, 0x00, 0x00, 0x00, 0x00, 0x00, 0x06, 0xff, 0xff, 0xff, 0xff, 0xff, 0xff,
    0xf7, 0x06, 0xff, 0xff, 0xff, 0xff, 0xff, 0xff, 0xe1, 0x03, 0x77, 0x77, 0x77, 0x77, 0x7f, 0xff,
    0x40, 0x00, 0x00, 0x00, 0x00, 0x00, 0x8f, 0xf8, 0x00, 0x00, 0x00, 0x00, 0x00, 0x04, 0xff, 0xc0,
    0x00, 0x00, 0x00, 0x00, 0x00, 0x1e, 0xff, 0x20, 0x00, 0x00, 0x00, 0x00, 0x00, 0xbf, 0xf5, 0x00,
    0x00, 0x00, 0x00, 0x00, 0x06, 0xff, 0xa0, 0x00, 0x00, 0x00, 0x00, 0x00, 0x3f, 0xfd, 0x00, 0x00,
    0x00, 0x00, 0x00, 0x00, 0xdf, 0xf3, 0x00, 0x00, 0x00, 0x00, 0x00, 0x09, 0xff, 0x70, 0x00, 0x00,
    0x00, 0x00, 0x00, 0x5f, 0xfb, 0x00, 0x00, 0x00, 0x00, 0x00, 0x02, 0xff, 0xe1, 0x00, 0x00, 0x00,
    0x00, 0x00, 0x0c, 0xff, 0x40, 0x00, 0x00, 0x00, 0x00, 0x00, 0x8f, 0xf8, 0x00, 0x00, 0x00, 0x00,
    0x00, 0x04, 0xff, 0xf7, 0x77, 0x77, 0x77, 0x77, 0x72, 0x1e, 0xff, 0xff, 0xff, 0xff, 0xff, 0xff,
    0xf5, 0x6f, 0xff, 0xff, 0xff, 0xff, 0xff, 0xff, 0xf5, 0x00, 0x00, 0x00, 0x29, 0xdb, 0x00, 0x00,
    0x00, 0x04, 0xff, 0xfc, 0x00, 0x00, 0x00, 0x0e, 0xff, 0x93, 0x00, 0x00, 0x00, 0x5f, 0xf8, 0x00,
    0x00, 0x00, 0x00, 0x8f, 0xf2, 0x00, 0x00, 0x00, 0x00, 0x9f, 0xf0, 0x00, 0x00, 0x00, 0x00, 0xaf,
    0xf0, 0x00, 0x00, 0x00, 0x00, 0xaf, 0xf0, 0x00, 0x00, 0x00, 0x00, 0xaf, 0xf0, 0x00, 0x00, 0x00,
    0x00, 0xaf, 0xf0, 0x00, 0x00, 0x00, 0x00, 0xaf, 0xf0, 0x00, 0x00, 0x00, 0x00, 0xaf, 0xf0, 0x00,
    0x00, 0x00, 0x00, 0xcf, 0xd0, 0x00, 0x00, 0x00, 0x02, 0xff, 0x90, 0x00, 0x00, 0x00, 0x3d, 0xff,
    0x30, 0x00, 0x00, 0x06, 0xff, 0xd4, 0x00, 0x00, 0x00, 0x06, 0xff, 0xd4, 0x00, 0x00, 0x00, 0x00,
    0x4d, 0xff, 0x30, 0x00, 0x00, 0x00, 0x02, 0xff, 0xa0, 0x00, 0x00, 0x00, 0x00, 0xcf, 0xd0, 0x00,
    0x00, 0x00, 0x00, 0xaf, 0xf0, 0x00, 0x00, 0x00, 0x00, 0xaf, 0xf0, 0x00, 0x00, 0x00, 0x00, 0xaf,
    0xf0, 0x00, 0x00, 0x00, 0x00, 0xaf, 0xf0, 0x00, 0x00, 0x00, 0x00, 0xaf, 0xf0, 0x00, 0x00, 0x00,
    0x00, 0xaf, 0xf0, 0x00, 0x00, 0x00, 0x00, 0xaf, 0xf0, 0x00, 0x00, 0x00, 0x00, 0x8f, 0xf1, 0x00,
    0x00, 0x00, 0x00, 0x5f, 0xf6, 0x00, 0x00, 0x00, 0x00, 0x0e, 0xff, 0x73, 0x00, 0x00, 0x00, 0x04,
    0xff, 0xfc, 0x00, 0x00, 0x00, 0x00, 0x2a, 0xeb, 0x00, 0x00, 0x0f, 0xfa, 0x00, 0x00, 0x00, 0x0f,
    0xfa, 0x00, 0x00, 0x00, 0x0f, 0xfa, 0x00, 0x00, 0x00, 0x0f, 0xfa, 0x00, 0x00, 0x00, 0x0f, 0xfa,
    0x00, 0x00, 0x00, 0x0f, 0xfa, 0x00, 0x00, 0x00, 0x0f, 0xfa, 0x00, 0x00, 0x00, 0x0f, 0xfa, 0x00,
    0x00, 0x00, 0x0f, 0xfa, 0x00, 0x00, 0x00, 0x0f, 0xfa, 0x00, 0x00, 0x00, 0x0f, 0xfa, 0x00, 0x00,
    0x00, 0x0f, 0xfa, 0x00, 0x00, 0x00, 0x0f, 0xfa, 0x00, 0x00, 0x00, 0x0f, 0xfa, 0x00, 0x00, 0x00,
    0x0f, 0xfa, 0x00, 0x00, 0x00, 0x0f, 0xfa, 0x00, 0x00, 0x00, 0x0f, 0xfa, 0x00, 0x00, 0x00, 0x0f,
    0xfa, 0x00, 0x00, 0x00, 0x0f, 0xfa, 0x00, 0x00, 0x00, 0x0f, 0xfa, 0x00, 0x00, 0x00, 0x0f, 0xfa,
    0x00, 0x00, 0x00, 0x0f, 0xfa, 0x00, 0x00, 0x00, 0x0f, 0xfa, 0x00, 0x00, 0x00, 0x0f, 0xfa, 0x00,
    0x00, 0x00, 0x0f, 0xfa, 0x00, 0x00, 0x00, 0x0f, 0xfa, 0x00, 0x00, 0x00, 0x0f, 0xfa, 0x00, 0x00,
    0x00, 0x0f, 0xfa, 0x00, 0x00, 0x00, 0x0f, 0xfa, 0x00, 0x00, 0x00, 0x0f, 0xfa, 0x00, 0x00, 0x00,
    0x0f, 0xfa, 0x00, 0x00, 0x00, 0x0f, 0xfa, 0x00, 0x00, 0x00, 0x0f, 0xfa, 0x00, 0x00, 0x00, 0x0f,
    0xfa, 0x00, 0x00, 0x00, 0x0f, 0xfa, 0x00, 0x00, 0x00, 0x0f, 0xfa, 0x00, 0x00, 0x0c, 0xd9, 0x20,
    0x00, 0x00, 0x00, 0x0d, 0xff, 0xf3, 0x00, 0x00, 0x00, 0x04, 0xaf, 0xfd, 0x00, 0x00, 0x00, 0x00,
    0x09, 0xff, 0x40, 0x00, 0x00, 0x00, 0x03, 0xff, 0x70, 0x00, 0x00, 0x00, 0x01, 0xff, 0x80, 0x00,
    0x00, 0x00, 0x00, 0xff, 0x80, 0x00, 0x00, 0x00, 0x00, 0xff, 0x80, 0x00, 0x00, 0x00, 0x00, 0xff,
    0x80, 0x00, 0x00, 0x00, 0x00, 0xff, 0x80, 0x00, 0x00, 0x00, 0x00, 0xff, 0x80, 0x00, 0x00, 0x00,
    0x00, 0xff, 0x90, 0x00, 0x00, 0x00, 0x00, 0xef, 0xb0, 0x00, 0x00, 0x00, 0x00, 0xaf, 0xf1, 0x00,
    0x00, 0x00, 0x00, 0x3f, 0xfc, 0x30, 0x00, 0x00, 0x00, 0x05, 0xef, 0xf4, 0x00, 0x00, 0x00, 0x05,
    0xef, 0xf4, 0x00, 0x00, 0x00, 0x3f, 0xfd, 0x40, 0x00, 0x00, 0x00, 0xbf, 0xf1, 0x00, 0x00, 0x00,
    0x00, 0xef, 0xb0, 0x00, 0x00, 0x00, 0x00, 0xff, 0x90, 0x00, 0x00, 0x00, 0x00, 0xff, 0x80, 0x00,
    0x00, 0x00, 0x00, 0xff, 0x80, 0x00, 0x00, 0x00, 0x00, 0xff, 0x80, 0x00, 0x00, 0x00, 0x00, 0xff,
    0x80, 0x00, 0x00, 0x00, 0x00, 0xff, 0x80, 0x00, 0x00, 0x00, 0x00, 0xff, 0x80, 0x00, 0x00, 0x00,
    0x02, 0xff, 0x70, 0x00, 0x00, 0x00, 0x07, 0xff, 0x40, 0x00, 0x00, 0x03, 0x8f, 0xfd, 0x00, 0x00,
    0x00, 0x0d, 0xff, 0xf3, 0x00, 0x00, 0x00, 0x0d, 0xd9, 0x20, 0x00, 0x00, 0x00, 0x00, 0x00, 0x01,
    0x8d, 0xfe, 0xa3, 0x00, 0x00, 0x00, 0x7f, 0xe0, 0x00, 0x00, 0x00, 0x00, 0x1d, 0xff, 0xff, 0xff,
    0xa1, 0x00, 0x00, 0xbf, 0xc0, 0x00, 0x00, 0x00, 0x00, 0xaf, 0xfa, 0x68, 0xef, 0xff, 0x71, 0x07,
    0xff, 0x70, 0x00, 0x00, 0x00, 0x00, 0xff, 0x80, 0x00, 0x08, 0xff, 0xff, 0xff, 0xfd, 0x00, 0x00,
    0x00, 0x00, 0x03, 0xff, 0x20, 0x00, 0x00, 0x2a, 0xff, 0xff, 0xc1, 0x00, 0x00, 0x00, 0x00, 0x01,
    0x55, 0x00, 0x00, 0x00, 0x00, 0x14, 0x52, 0x00, 0x00, 0x00, 0x00, 0x00, 0x00, 0x00, 0x00, 0x00,
    0x00, 0x00, 0x00, 0x00, 0x00, 0x00, 0x00, 0x00, 0x00, 0x00, 0x00, 0x00, 0x00, 0x00, 0x00, 0x00,
    0x00, 0x00, 0x00, 0x00, 0x00, 0x00, 0x00, 0x00, 0x00, 0x00, 0x00, 0x00, 0x00, 0x00, 0x00, 0x00,
    0x00, 0x00, 0x00, 0x00, 0x00, 0x00, 0x00, 0x00, 0x00, 0x00, 0x00, 0x00, 0x00, 0x00, 0x00, 0x00,
    0x00, 0x00, 0x00, 0x00, 0x00, 0x00, 0x00, 0x00, 0x00, 0x00, 0x00, 0x00, 0x00, 0x00, 0x00, 0x00,
    0x00, 0x00, 0x00, 0x00, 0x00, 0x00, 0x00, 0x00, 0x00, 0x00, 0x00, 0x00, 0x00, 0x00, 0x00, 0x00,
    0x00, 0x00, 0x00, 0x00, 0x00, 0x00,
};

/*------------------
 * GLYPH DESCRIPTION
 *-----------------*/
static const lv_font_fmt_txt_glyph_dsc_t glyph_dsc[] = {
    {.bitmap_index = 0, .adv_w = 0, .box_w = 0, .box_h = 0, .ofs_x = 0, .ofs_y = 0}, /* dummy */
    {.bitmap_index = 0, .adv_w = 160, .box_w = 0, .box_h = 0, .ofs_x = 0, .ofs_y = 0}, /* ' ' */
    {.bitmap_index = 0, .adv_w = 160, .box_w = 10, .box_h = 26, .ofs_x = 0, .ofs_y = 0}, /* '!' */
    {.bitmap_index = 130, .adv_w = 224, .box_w = 14, .box_h = 26, .ofs_x = 0, .ofs_y = 0}, /* '"' */
    {.bitmap_index = 312, .adv_w = 336, .box_w = 21, .box_h = 26, .ofs_x = 0, .ofs_y = 0}, /* '#' */
    {.bitmap_index = 598, .adv_w = 304, .box_w = 19, .box_h = 33, .ofs_x = 0, .ofs_y = -4}, /* '$' */
    {.bitmap_index = 928, .adv_w = 464, .box_w = 29, .box_h = 26, .ofs_x = 0, .ofs_y = 0}, /* '%' */
    {.bitmap_index = 1318, .adv_w = 464, .box_w = 29, .box_h = 26, .ofs_x = 0, .ofs_y = 0}, /* '&' */
    {.bitmap_index = 1708, .adv_w = 128, .box_w = 8, .box_h = 26, .ofs_x = 0, .ofs_y = 0}, /* ''' */
    {.bitmap_index = 1812, .adv_w = 176, .box_w = 11, .box_h = 32, .ofs_x = 0, .ofs_y = -6}, /* '(' */
    {.bitmap_index = 2004, .adv_w = 176, .box_w = 11, .box_h = 32, .ofs_x = 0, .ofs_y = -6}, /* ')' */
    {.bitmap_index = 2196, .adv_w = 240, .box_w = 15, .box_h = 26, .ofs_x = 0, .ofs_y = 0}, /* '*' */
    {.bitmap_index = 2404, .adv_w = 400, .box_w = 25, .box_h = 19, .ofs_x = 0, .ofs_y = 0}, /* '+' */
    {.bitmap_index = 2651, .adv_w = 128, .box_w = 8, .box_h = 9, .ofs_x = 0, .ofs_y = -5}, /* ',' */
    {.bitmap_index = 2687, .adv_w = 224, .box_w = 14, .box_h = 11, .ofs_x = 0, .ofs_y = 0}, /* '-' */
    {.bitmap_index = 2764, .adv_w = 128, .box_w = 8, .box_h = 4, .ofs_x = 0, .ofs_y = 0}, /* '.' */
    {.bitmap_index = 2780, .adv_w = 224, .box_w = 16, .box_h = 30, .ofs_x = -1, .ofs_y = -4}, /* '/' */
    {.bitmap_index = 3020, .adv_w = 304, .box_w = 19, .box_h = 26, .ofs_x = 0, .ofs_y = 0}, /* '0' */
    {.bitmap_index = 3280, .adv_w = 304, .box_w = 19, .box_h = 26, .ofs_x = 0, .ofs_y = 0}, /* '1' */
    {.bitmap_index = 3540, .adv_w = 304, .box_w = 19, .box_h = 26, .ofs_x = 0, .ofs_y = 0}, /* '2' */
    {.bitmap_index = 3800, .adv_w = 304, .box_w = 19, .box_h = 26, .ofs_x = 0, .ofs_y = 0}, /* '3' */
    {.bitmap_index = 4060, .adv_w = 304, .box_w = 19, .box_h = 26, .ofs_x = 0, .ofs_y = 0}, /* '4' */
    {.bitmap_index = 4320, .adv_w = 304, .box_w = 19, .box_h = 26, .ofs_x = 0, .ofs_y = 0}, /* '5' */
    {.bitmap_index = 4580, .adv_w = 304, .box_w = 19, .box_h = 26, .ofs_x = 0, .ofs_y = 0}, /* '6' */
    {.bitmap_index = 4840, .adv_w = 304, .box_w = 19, .box_h = 26, .ofs_x = 0, .ofs_y = 0}, /* '7' */
    {.bitmap_index = 5100, .adv_w = 304, .box_w = 19, .box_h = 26, .ofs_x = 0, .ofs_y = 0}, /* '8' */
    {.bitmap_index = 5360, .adv_w = 304, .box_w = 19, .box_h = 26, .ofs_x = 0, .ofs_y = 0}, /* '9' */
    {.bitmap_index = 5620, .adv_w = 128, .box_w = 8, .box_h = 18, .ofs_x = 0, .ofs_y = 0}, /* ':' */
    {.bitmap_index = 5692, .adv_w = 128, .box_w = 8, .box_h = 23, .ofs_x = 0, .ofs_y = -5}, /* ';' */
    {.bitmap_index = 5784, .adv_w = 400, .box_w = 25, .box_h = 19, .ofs_x = 0, .ofs_y = 0}, /* '<' */
    {.bitmap_index = 6031, .adv_w = 400, .box_w = 25, .box_h = 15, .ofs_x = 0, .ofs_y = 0}, /* '=' */
    {.bitmap_index = 6226, .adv_w = 400, .box_w = 25, .box_h = 19, .ofs_x = 0, .ofs_y = 0}, /* '>' */
    {.bitmap_index = 6473, .adv_w = 256, .box_w = 16, .box_h = 26, .ofs_x = 0, .ofs_y = 0}, /* '?' */
    {.bitmap_index = 6681, .adv_w = 544, .box_w = 34, .box_h = 29, .ofs_x = 0, .ofs_y = -3}, /* '@' */
    {.bitmap_index = 7174, .adv_w = 368, .box_w = 23, .box_h = 26, .ofs_x = 0, .ofs_y = 0}, /* 'A' */
    {.bitmap_index = 7486, .adv_w = 336, .box_w = 21, .box_h = 26, .ofs_x = 0, .ofs_y = 0}, /* 'B' */
    {.bitmap_index = 7772, .adv_w = 352, .box_w = 22, .box_h = 26, .ofs_x = 0, .ofs_y = 0}, /* 'C' */
    {.bitmap_index = 8058, .adv_w = 400, .box_w = 25, .box_h = 26, .ofs_x = 0, .ofs_y = 0}, /* 'D' */
    {.bitmap_index = 8396, .adv_w = 288, .box_w = 18, .box_h = 26, .ofs_x = 0, .ofs_y = 0}, /* 'E' */
    {.bitmap_index = 8630, .adv_w = 288, .box_w = 18, .box_h = 26, .ofs_x = 0, .ofs_y = 0}, /* 'F' */
    {.bitmap_index = 8864, .adv_w = 400, .box_w = 25, .box_h = 26, .ofs_x = 0, .ofs_y = 0}, /* 'G' */
    {.bitmap_index = 9202, .adv_w = 416, .box_w = 26, .box_h = 26, .ofs_x = 0, .ofs_y = 0}, /* 'H' */
    {.bitmap_index = 9540, .adv_w = 160, .box_w = 10, .box_h = 26, .ofs_x = 0, .ofs_y = 0}, /* 'I' */
    {.bitmap_index = 9670, .adv_w = 208, .box_w = 13, .box_h = 26, .ofs_x = 0, .ofs_y = 0}, /* 'J' */
    {.bitmap_index = 9852, .adv_w = 336, .box_w = 21, .box_h = 26, .ofs_x = 0, .ofs_y = 0}, /* 'K' */
    {.bitmap_index = 10138, .adv_w = 272, .box_w = 17, .box_h = 26, .ofs_x = 0, .ofs_y = 0}, /* 'L' */
    {.bitmap_index = 10372, .adv_w = 512, .box_w = 32, .box_h = 26, .ofs_x = 0, .ofs_y = 0}, /* 'M' */
    {.bitmap_index = 10788, .adv_w = 432, .box_w = 27, .box_h = 26, .ofs_x = 0, .ofs_y = 0}, /* 'N' */
    {.bitmap_index = 11152, .adv_w = 432, .box_w = 27, .box_h = 26, .ofs_x = 0, .ofs_y = 0}, /* 'O' */
    {.bitmap_index = 11516, .adv_w = 320, .box_w = 20, .box_h = 26, .ofs_x = 0, .ofs_y = 0}, /* 'P' */
    {.bitmap_index = 11776, .adv_w = 432, .box_w = 28, .box_h = 29, .ofs_x = 0, .ofs_y = -3}, /* 'Q' */
    {.bitmap_index = 12182, .adv_w = 352, .box_w = 22, .box_h = 26, .ofs_x = 0, .ofs_y = 0}, /* 'R' */
    {.bitmap_index = 12468, .adv_w = 304, .box_w = 19, .box_h = 26, .ofs_x = 0, .ofs_y = 0}, /* 'S' */
    {.bitmap_index = 12728, .adv_w = 304, .box_w = 19, .box_h = 26, .ofs_x = 0, .ofs_y = 0}, /* 'T' */
    {.bitmap_index = 12988, .adv_w = 400, .box_w = 25, .box_h = 26, .ofs_x = 0, .ofs_y = 0}, /* 'U' */
    {.bitmap_index = 13326, .adv_w = 352, .box_w = 23, .box_h = 26, .ofs_x = 0, .ofs_y = 0}, /* 'V' */
    {.bitmap_index = 13638, .adv_w = 544, .box_w = 34, .box_h = 26, .ofs_x = 0, .ofs_y = 0}, /* 'W' */
    {.bitmap_index = 14080, .adv_w = 336, .box_w = 21, .box_h = 26, .ofs_x = 0, .ofs_y = 0}, /* 'X' */
    {.bitmap_index = 14366, .adv_w = 320, .box_w = 20, .box_h = 26, .ofs_x = 0, .ofs_y = 0}, /* 'Y' */
    {.bitmap_index = 14626, .adv_w = 336, .box_w = 21, .box_h = 26, .ofs_x = 0, .ofs_y = 0}, /* 'Z' */
    {.bitmap_index = 14912, .adv_w = 176, .box_w = 11, .box_h = 32, .ofs_x = 0, .ofs_y = -6}, /* '[' */
    {.bitmap_index = 15104, .adv_w = 224, .box_w = 16, .box_h = 30, .ofs_x = -1, .ofs_y = -4}, /* '\' */
    {.bitmap_index = 15344, .adv_w = 176, .box_w = 11, .box_h = 32, .ofs_x = 0, .ofs_y = -6}, /* ']' */
    {.bitmap_index = 15536, .adv_w = 400, .box_w = 25, .box_h = 26, .ofs_x = 0, .ofs_y = 0}, /* '^' */
    {.bitmap_index = 15874, .adv_w = 240, .box_w = 15, .box_h = 5, .ofs_x = 0, .ofs_y = -5}, /* '_' */
    {.bitmap_index = 15914, .adv_w = 160, .box_w = 10, .box_h = 27, .ofs_x = 0, .ofs_y = 0}, /* '`' */
    {.bitmap_index = 16049, .adv_w = 288, .box_w = 18, .box_h = 18, .ofs_x = 0, .ofs_y = 0}, /* 'a' */
    {.bitmap_index = 16211, .adv_w = 336, .box_w = 21, .box_h = 27, .ofs_x = 0, .ofs_y = 0}, /* 'b' */
    {.bitmap_index = 16508, .adv_w = 272, .box_w = 17, .box_h = 18, .ofs_x = 0, .ofs_y = 0}, /* 'c' */
    {.bitmap_index = 16670, .adv_w = 336, .box_w = 21, .box_h = 27, .ofs_x = 0, .ofs_y = 0}, /* 'd' */
    {.bitmap_index = 16967, .adv_w = 304, .box_w = 19, .box_h = 18, .ofs_x = 0, .ofs_y = 0}, /* 'e' */
    {.bitmap_index = 17147, .adv_w = 176, .box_w = 12, .box_h = 27, .ofs_x = 0, .ofs_y = 0}, /* 'f' */
    {.bitmap_index = 17309, .adv_w = 336, .box_w = 21, .box_h = 26, .ofs_x = 0, .ofs_y = -8}, /* 'g' */
    {.bitmap_index = 17595, .adv_w = 320, .box_w = 20, .box_h = 27, .ofs_x = 0, .ofs_y = 0}, /* 'h' */
    {.bitmap_index = 17865, .adv_w = 144, .box_w = 9, .box_h = 27, .ofs_x = 0, .ofs_y = 0}, /* 'i' */
    {.bitmap_index = 18000, .adv_w = 144, .box_w = 13, .box_h = 35, .ofs_x = -4, .ofs_y = -8}, /* 'j' */
    {.bitmap_index = 18245, .adv_w = 288, .box_w = 18, .box_h = 27, .ofs_x = 0, .ofs_y = 0}, /* 'k' */
    {.bitmap_index = 18488, .adv_w = 144, .box_w = 9, .box_h = 27, .ofs_x = 0, .ofs_y = 0}, /* 'l' */
    {.bitmap_index = 18623, .adv_w = 496, .box_w = 31, .box_h = 18, .ofs_x = 0, .ofs_y = 0}, /* 'm' */
    {.bitmap_index = 18911, .adv_w = 320, .box_w = 20, .box_h = 18, .ofs_x = 0, .ofs_y = 0}, /* 'n' */
    {.bitmap_index = 19091, .adv_w = 336, .box_w = 21, .box_h = 18, .ofs_x = 0, .ofs_y = 0}, /* 'o' */
    {.bitmap_index = 19289, .adv_w = 336, .box_w = 21, .box_h = 26, .ofs_x = 0, .ofs_y = -8}, /* 'p' */
    {.bitmap_index = 19575, .adv_w = 336, .box_w = 21, .box_h = 26, .ofs_x = 0, .ofs_y = -8}, /* 'q' */
    {.bitmap_index = 19861, .adv_w = 208, .box_w = 13, .box_h = 18, .ofs_x = 0, .ofs_y = 0}, /* 'r' */
    {.bitmap_index = 19987, .adv_w = 240, .box_w = 15, .box_h = 18, .ofs_x = 0, .ofs_y = 0}, /* 's' */
    {.bitmap_index = 20131, .adv_w = 192, .box_w = 12, .box_h = 23, .ofs_x = 0, .ofs_y = 0}, /* 't' */
    {.bitmap_index = 20269, .adv_w = 320, .box_w = 20, .box_h = 18, .ofs_x = 0, .ofs_y = 0}, /* 'u' */
    {.bitmap_index = 20449, .adv_w = 272, .box_w = 18, .box_h = 18, .ofs_x = 0, .ofs_y = 0}, /* 'v' */
    {.bitmap_index = 20611, .adv_w = 416, .box_w = 26, .box_h = 18, .ofs_x = 0, .ofs_y = 0}, /* 'w' */
    {.bitmap_index = 20845, .adv_w = 272, .box_w = 17, .box_h = 18, .ofs_x = 0, .ofs_y = 0}, /* 'x' */
    {.bitmap_index = 21007, .adv_w = 272, .box_w = 18, .box_h = 26, .ofs_x = 0, .ofs_y = -8}, /* 'y' */
    {.bitmap_index = 21241, .adv_w = 256, .box_w = 16, .box_h = 18, .ofs_x = 0, .ofs_y = 0}, /* 'z' */
    {.bitmap_index = 21385, .adv_w = 176, .box_w = 11, .box_h = 32, .ofs_x = 0, .ofs_y = -6}, /* '{' */
    {.bitmap_index = 21577, .adv_w = 144, .box_w = 9, .box_h = 36, .ofs_x = 0, .ofs_y = -8}, /* '|' */
    {.bitmap_index = 21757, .adv_w = 176, .box_w = 11, .box_h = 32, .ofs_x = 0, .ofs_y = -6}, /* '}' */
    {.bitmap_index = 21949, .adv_w = 400, .box_w = 25, .box_h = 13, .ofs_x = 0, .ofs_y = 0}, /* '~' */
};

/*------------------
 * UNICODE MAP
 *-----------------*/
static const lv_font_fmt_txt_cmap_t cmaps[] = {
    {
        .range_start = 32,
        .range_length = 95,
        .glyph_id_start = 1,
        .unicode_list = NULL,
        .glyph_id_ofs_list = NULL,
        .list_length = 0,
        .type = LV_FONT_FMT_TXT_CMAP_FORMAT0_TINY
    }
};

/*------------------
 * FONT DESCRIPTION
 *-----------------*/
static const lv_font_fmt_txt_dsc_t font_dsc = {
    .glyph_bitmap = glyph_bitmap,
    .glyph_dsc = glyph_dsc,
    .cmaps = cmaps,
    .kern_dsc = NULL,
    .kern_scale = 0,
    .cmap_num = 1,
    .bpp = 4,
    .kern_classes = 0,
    .bitmap_format = 0,
    .stride = 1,
};

/*------------------
 *  PUBLIC FONT
 *-----------------*/
const lv_font_t ui_font_segoe_36 = {
    .get_glyph_dsc = lv_font_get_glyph_dsc_fmt_txt,
    .get_glyph_bitmap = lv_font_get_bitmap_fmt_txt,
    .line_height = 49,
    .base_line = 10,
    .subpx = LV_FONT_SUBPX_NONE,
    .underline_position = -4,
    .underline_thickness = 2,
    .dsc = &font_dsc
};
