#include "lvgl.h"

/*------------------
 * BITMAPS
 *-----------------*/
static const uint8_t glyph_bitmap[] = {
    0x00, 0x00, 0xff, 0xf5, 0x00, 0x00, 0x00, 0x00, 0xff, 0xf4, 0x00, 0x00, 0x00, 0x00, 0xff, 0xf4,
    0x00, 0x00, 0x00, 0x00, 0xff, 0xf4, 0x00, 0x00, 0x00, 0x00, 0xff, 0xf3, 0x00, 0x00, 0x00, 0x00,
    0xff, 0xf3, 0x00, 0x00, 0x00, 0x00, 0xef, 0xf3, 0x00, 0x00, 0x00, 0x00, 0xef, 0xf2, 0x00, 0x00,
    0x00, 0x00, 0xef, 0xf2, 0x00, 0x00, 0x00, 0x00, 0xdf, 0xf2, 0x00, 0x00, 0x00, 0x00, 0xdf, 0xf2,
    0x00, 0x00, 0x00, 0x00, 0xdf, 0xf1, 0x00, 0x00, 0x00, 0x00, 0xdf, 0xf1, 0x00, 0x00, 0x00, 0x00,
    0xcf, 0xf1, 0x00, 0x00, 0x00, 0x00, 0xcf, 0xf0, 0x00, 0x00, 0x00, 0x00, 0xcf, 0xf0, 0x00, 0x00,
    0x00, 0x00, 0xcf, 0xf0, 0x00, 0x00, 0x00, 0x00, 0xbf, 0xf0, 0x00, 0x00, 0x00, 0x00, 0xbf, 0xf0,
    0x00, 0x00, 0x00, 0x00, 0xbf, 0xf0, 0x00, 0x00, 0x00, 0x00, 0x00, 0x00, 0x00, 0x00, 0x00, 0x00,
    0x00, 0x00, 0x00, 0x00, 0x00, 0x00, 0x00, 0x00, 0x00, 0x00, 0x00, 0x00, 0x00, 0x00, 0x00, 0x00,
    0x00, 0x00, 0x9f, 0xc2, 0x00, 0x00, 0x00, 0x05, 0xff, 0xfb, 0x00, 0x00, 0x00, 0x05, 0xff, 0xfb,
    0x00, 0x00, 0x00, 0x00, 0xaf, 0xc2, 0x00, 0x00, 0x00, 0x0d, 0xff, 0x00, 0x05, 0xff, 0x80, 0x00,
    0x00, 0x0d, 0xff, 0x00, 0x05, 0xff, 0x80, 0x00, 0x00, 0x0d, 0xff, 0x00, 0x05, 0xff, 0x80, 0x00,
    0x00, 0x0d, 0xff, 0x00, 0x05, 0xff, 0x80, 0x00, 0x00, 0x0d, 0xff, 0x00, 0x05, 0xff, 0x80, 0x00,
    0x00, 0x0d, 0xff, 0x00, 0x05, 0xff, 0x80, 0x00, 0x00, 0x0d, 0xff, 0x00, 0x05, 0xff, 0x80, 0x00,
    0x00, 0x0d, 0xff, 0x00, 0x05, 0xff, 0x80, 0x00, 0x00, 0x0d, 0xff, 0x00, 0x05, 0xff, 0x80, 0x00,
    0x00, 0x00, 0x00, 0x00, 0x00, 0x00, 0x00, 0x00, 0x00, 0x00, 0x00, 0x00, 0x00, 0x00, 0x00, 0x00,
    0x00, 0x00, 0x00, 0x00, 0x00, 0x00, 0x00, 0x00, 0x00, 0x00, 0x00, 0x00, 0x00, 0x00, 0x00, 0x00,
    0x00, 0x00, 0x00, 0x00, 0x00, 0x00, 0x00, 0x00, 0x00, 0x00, 0x00, 0x00, 0x00, 0x00, 0x00, 0x00,
    0x00, 0x00, 0x00, 0x00, 0x00, 0x00, 0x00, 0x00, 0x00, 0x00, 0x00, 0x00, 0x00, 0x00, 0x00, 0x00,
    0x00, 0x00, 0x00, 0x00, 0x00, 0x00, 0x00, 0x00, 0x00, 0x00, 0x00, 0x00, 0x00, 0x00, 0x00, 0x00,
    0x00, 0x00, 0x00, 0x00, 0x00, 0x00, 0x00, 0x00, 0x00, 0x00, 0x00, 0x00, 0x00, 0x00, 0x00, 0x00,
    0x00, 0x00, 0x00, 0x00, 0x00, 0x00, 0x00, 0x00, 0x00, 0x00, 0x00, 0x00, 0x00, 0x00, 0x00, 0x00,
    0x00, 0x00, 0x00, 0x00, 0x00, 0x00, 0x00, 0x00, 0x00, 0x00, 0x00, 0x00, 0x00, 0x00, 0x00, 0x00,
    0x00, 0x00, 0x00, 0x00, 0x00, 0x00, 0x00, 0x00, 0x00, 0x00, 0x00, 0x00, 0x00, 0x00, 0x00, 0x00,
    0x00, 0x00, 0x00, 0x00, 0x00, 0x00, 0x00, 0x00, 0x00, 0x00, 0x00, 0x00, 0x0a, 0xfd, 0x00, 0x00,
    0x3f, 0xf2, 0x00, 0x00, 0x00, 0x00, 0x00, 0x00, 0x0d, 0xf9, 0x00, 0x00, 0x7f, 0xf0, 0x00, 0x00,
    0x00, 0x00, 0x00, 0x00, 0x1f, 0xf6, 0x00, 0x00, 0xaf, 0xc0, 0x00, 0x00, 0x00, 0x00, 0x00, 0x00,
    0x4f, 0xf3, 0x00, 0x00, 0xdf, 0x80, 0x00, 0x00, 0x00, 0x00, 0x00, 0x00, 0x7f, 0xf0, 0x00, 0x01,
    0xff, 0x50, 0x00, 0x00, 0x00, 0x00, 0x00, 0x00, 0xaf, 0xc0, 0x00, 0x04, 0xff, 0x20, 0x00, 0x00,
    0x00, 0x00, 0x00, 0x00, 0xef, 0x90, 0x00, 0x07, 0xff, 0x00, 0x00, 0x00, 0x00, 0x00, 0x00, 0x01,
    0xff, 0x60, 0x00, 0x0b, 0xfb, 0x00, 0x00, 0x00, 0x00, 0xbf, 0xff, 0xff, 0xff, 0xff, 0xff, 0xff,
    0xff, 0xff, 0xff, 0xa0, 0x00, 0xef, 0xff, 0xff, 0xff, 0xff, 0xff, 0xff, 0xff, 0xff, 0xff, 0x70,
    0x00, 0x11, 0x11, 0x1b, 0xfc, 0x11, 0x11, 0x5f, 0xf3, 0x11, 0x11, 0x00, 0x00, 0x00, 0x00, 0x0e,
    0xf9, 0x00, 0x00, 0x7f, 0xe0, 0x00, 0x00, 0x00, 0x00, 0x00, 0x00, 0x1f, 0xf5, 0x00, 0x00, 0xbf,
    0xb0, 0x00, 0x00, 0x00, 0x00, 0x00, 0x00, 0x4f, 0xf2, 0x00, 0x00, 0xef, 0x80, 0x00, 0x00, 0x00,
    0x00, 0x00, 0x00, 0x7f, 0xe0, 0x00, 0x02, 0xff, 0x40, 0x00, 0x00, 0x00, 0x01, 0x11, 0x11, 0xbf,
    0xb1, 0x11, 0x16, 0xff, 0x21, 0x11, 0x10, 0x00, 0x1f, 0xff, 0xff, 0xff, 0xff, 0xff, 0xff, 0xff,
    0xff, 0xff, 0xf5, 0x00, 0x4f, 0xff, 0xff, 0xff, 0xff, 0xff, 0xff, 0xff, 0xff, 0xff, 0xf1, 0x00,
    0x00, 0x00, 0x05, 0xff, 0x10, 0x00, 0x0f, 0xf7, 0x00, 0x00, 0x00, 0x00, 0x00, 0x00, 0x08, 0xfe,
    0x00, 0x00, 0x3f, 0xf4, 0x00, 0x00, 0x00, 0x00, 0x00, 0x00, 0x0c, 0xfb, 0x00, 0x00, 0x7f, 0xf0,
    0x00, 0x00, 0x00, 0x00, 0x00, 0x00, 0x0f, 0xf7, 0x00, 0x00, 0xaf, 0xd0, 0x00, 0x00, 0x00, 0x00,
    0x00, 0x00, 0x2f, 0xf4, 0x00, 0x00, 0xdf, 0x90, 0x00, 0x00, 0x00, 0x00, 0x00, 0x00, 0x5f, 0xf1,
    0x00, 0x01, 0xff, 0x60, 0x00, 0x00, 0x00, 0x00, 0x00, 0x00, 0x9f, 0xd0, 0x00, 0x04, 0xff, 0x30,
    0x00, 0x00, 0x00, 0x00, 0x00, 0x00, 0xcf, 0xa0, 0x00, 0x07, 0xff, 0x00, 0x00, 0x00, 0x00, 0x00,
    0x00, 0x00, 0x00, 0x00, 0x00, 0x00, 0x00, 0x00, 0x00, 0x00, 0x00, 0x00, 0x00, 0x00, 0x00, 0x00,
    0x00, 0x00, 0x00, 0x00, 0x00, 0x00, 0x00, 0x00, 0x00, 0x00, 0x00, 0x00, 0x00, 0xff, 0x00, 0x00,
    0x00, 0x00, 0x00, 0x00, 0x00, 0x00, 0x00, 0x00, 0xff, 0x00, 0x00, 0x00, 0x00, 0x00, 0x00, 0x00,
    0x00, 0x00, 0x00, 0xff, 0x00, 0x00, 0x00, 0x00, 0x00, 0x00, 0x00, 0x00, 0x02, 0x9c, 0xff, 0xfe,
    0xca, 0x50, 0x00, 0x00, 0x00, 0x00, 0x00, 0x9f, 0xff, 0xff, 0xff, 0xff, 0xf5, 0x00, 0x00, 0x00,
    0x00, 0x0c, 0xff, 0xff, 0xff, 0xcd, 0xff, 0xf5, 0x00, 0x00, 0x00, 0x00, 0xaf, 0xff, 0x70, 0xff,
    0x00, 0x04, 0x94, 0x00, 0x00, 0x00, 0x03, 0xff, 0xf5, 0x00, 0xff, 0x00, 0x00, 0x00, 0x00, 0x00,
    0x00, 0x08, 0xff, 0xc0, 0x00, 0xff, 0x00, 0x00, 0x00, 0x00, 0x00, 0x00, 0x0c, 0xff, 0x80, 0x00,
    0xff, 0x00, 0x00, 0x00, 0x00, 0x00, 0x00, 0x0c, 0xff, 0x80, 0x00, 0xff, 0x00, 0x00, 0x00, 0x00,
    0x00, 0x00, 0x0b, 0xff, 0xa0, 0x00, 0xff, 0x00, 0x00, 0x00, 0x00, 0x00, 0x00, 0x08, 0xff, 0xf2,
    0x00, 0xff, 0x00, 0x00, 0x00, 0x00, 0x00, 0x00, 0x02, 0xff, 0xfd, 0x20, 0xff, 0x00, 0x00, 0x00,
    0x00, 0x00, 0x00, 0x00, 0x8f, 0xff, 0xf6, 0xff, 0x00, 0x00, 0x00, 0x00, 0x00, 0x00, 0x00, 0x09,
    0xff, 0xff, 0xff, 0x00, 0x00, 0x00, 0x00, 0x00, 0x00, 0x00, 0x00, 0x5e, 0xff, 0xff, 0xc4, 0x00,
    0x00, 0x00, 0x00, 0x00, 0x00, 0x00, 0x01, 0x8f, 0xff, 0xff, 0xb1, 0x00, 0x00, 0x00, 0x00, 0x00,
    0x00, 0x00, 0x01, 0xff, 0xff, 0xff, 0x50, 0x00, 0x00, 0x00, 0x00, 0x00, 0x00, 0x00, 0xff, 0xaf,
    0xff, 0xf5, 0x00, 0x00, 0x00, 0x00, 0x00, 0x00, 0x00, 0xff, 0x04, 0xff, 0xff, 0x20, 0x00, 0x00,
    0x00, 0x00, 0x00, 0x00, 0xff, 0x00, 0x3f, 0xff, 0x90, 0x00, 0x00, 0x00, 0x00, 0x00, 0x00, 0xff,
    0x00, 0x09, 0xff, 0xe0, 0x00, 0x00, 0x00, 0x00, 0x00, 0x00, 0xff, 0x00, 0x04, 0xff, 0xf0, 0x00,
    0x00, 0x00, 0x00, 0x00, 0x00, 0xff, 0x00, 0x04, 0xff, 0xf0, 0x00, 0x00, 0x00, 0x00, 0x00, 0x00,
    0xff, 0x00, 0x07, 0xff, 0xd0, 0x00, 0x00, 0x08, 0x30, 0x00, 0x00, 0xff, 0x00, 0x2f, 0xff, 0x80,
    0x00, 0x00, 0x0c, 0xfb, 0x51, 0x00, 0xff, 0x16, 0xef, 0xfe, 0x10, 0x00, 0x00, 0x0c, 0xff, 0xff,
    0xdc, 0xff, 0xff, 0xff, 0xe2, 0x00, 0x00, 0x00, 0x06, 0xef, 0xff, 0xff, 0xff, 0xff, 0xfa, 0x10,
    0x00, 0x00, 0x00, 0x00, 0x05, 0xac, 0xef, 0xff, 0xb8, 0x20, 0x00, 0x00, 0x00, 0x00, 0x00, 0x00,
    0x00, 0x00, 0xff, 0x00, 0x00, 0x00, 0x00, 0x00, 0x00, 0x00, 0x00, 0x00, 0x00, 0xff, 0x00, 0x00,
    0x00, 0x00, 0x00, 0x00, 0x00, 0x00, 0x00, 0x00, 0xff, 0x00, 0x00, 0x00, 0x00, 0x00, 0x00, 0x00,
    0x00, 0x00, 0x00, 0xff, 0x00, 0x00, 0x00, 0x00, 0x00, 0x00, 0x00, 0x07, 0xce, 0xfe, 0xa4, 0x00,
    0x00, 0x00, 0x00, 0x00, 0x07, 0xff, 0x50, 0x00, 0x00, 0x00, 0x00, 0x03, 0xef, 0xff, 0xff, 0xff,
    0x90, 0x00, 0x00, 0x00, 0x00, 0x2f, 0xfa, 0x00, 0x00, 0x00, 0x00, 0x00, 0x1e, 0xff, 0x83, 0x36,
    0xef, 0xf6, 0x00, 0x00, 0x00, 0x00, 0xcf, 0xe1, 0x00, 0x00, 0x00, 0x00, 0x00, 0xaf, 0xf4, 0x00,
    0x00, 0x1e, 0xfe, 0x00, 0x00, 0x00, 0x06, 0xff, 0x60, 0x00, 0x00, 0x00, 0x00, 0x00, 0xff, 0xa0,
    0x00, 0x00, 0x06, 0xff, 0x40, 0x00, 0x00, 0x1f, 0xfb, 0x00, 0x00, 0x00, 0x00, 0x00, 0x04, 0xff,
    0x50, 0x00, 0x00, 0x02, 0xff, 0x70, 0x00, 0x00, 0xbf, 0xf2, 0x00, 0x00, 0x00, 0x00, 0x00, 0x06,
    0xff, 0x30, 0x00, 0x00, 0x00, 0xff, 0x80, 0x00, 0x05, 0xff, 0x70, 0x00, 0x00, 0x00, 0x00, 0x00,
    0x06, 0xff, 0x20, 0x00, 0x00, 0x00, 0xff, 0x80, 0x00, 0x1e, 0xfc, 0x00, 0x00, 0x00, 0x00, 0x00,
    0x00, 0x05, 0xff, 0x40, 0x00, 0x00, 0x02, 0xff, 0x60, 0x00, 0xaf, 0xf3, 0x00, 0x00, 0x00, 0x00,
    0x00, 0x00, 0x02, 0xff, 0x90, 0x00, 0x00, 0x07, 0xff, 0x20, 0x04, 0xff, 0x80, 0x00, 0x00, 0x00,
    0x00, 0x00, 0x00, 0x00, 0xcf, 0xf3, 0x00, 0x00, 0x2e, 0xfc, 0x00, 0x0d, 0xfd, 0x00, 0x00, 0x00,
    0x00, 0x00, 0x00, 0x00, 0x00, 0x3f, 0xff, 0x73, 0x36, 0xef, 0xf2, 0x00, 0x8f, 0xf4, 0x00, 0x00,
    0x00, 0x00, 0x00, 0x00, 0x00, 0x00, 0x05, 0xff, 0xff, 0xff, 0xfe, 0x40, 0x03, 0xff, 0x90, 0x00,
    0x00, 0x00, 0x00, 0x00, 0x00, 0x00, 0x00, 0x00, 0x29, 0xdf, 0xfd, 0x81, 0x00, 0x0c, 0xfe, 0x10,
    0x00, 0x00, 0x00, 0x00, 0x00, 0x00, 0x00, 0x00, 0x00, 0x00, 0x00, 0x00, 0x00, 0x00, 0x7f, 0xf5,
    0x00, 0x02, 0x9d, 0xff, 0xd8, 0x10, 0x00, 0x00, 0x00, 0x00, 0x00, 0x00, 0x00, 0x00, 0x02, 0xff,
    0xb0, 0x00, 0x6f, 0xff, 0xff, 0xff, 0xf4, 0x00, 0x00, 0x00, 0x00, 0x00, 0x00, 0x00, 0x00, 0x0b,
    0xff, 0x10, 0x05, 0xff, 0xe6, 0x34, 0x9f, 0xff, 0x20, 0x00, 0x00, 0x00, 0x00, 0x00, 0x00, 0x00,
    0x6f, 0xf6, 0x00, 0x0e, 0xfd, 0x10, 0x00, 0x05, 0xff, 0x90, 0x00, 0x00, 0x00, 0x00, 0x00, 0x00,
    0x01, 0xef, 0xc0, 0x00, 0x5f, 0xf5, 0x00, 0x00, 0x00, 0xcf, 0xf0, 0x00, 0x00, 0x00, 0x00, 0x00,
    0x00, 0x0a, 0xff, 0x20, 0x00, 0x9f, 0xf0, 0x00, 0x00, 0x00, 0x7f, 0xf2, 0x00, 0x00, 0x00, 0x00,
    0x00, 0x00, 0x5f, 0xf7, 0x00, 0x00, 0xbf, 0xe0, 0x00, 0x00, 0x00, 0x5f, 0xf3, 0x00, 0x00, 0x00,
    0x00, 0x00, 0x00, 0xef, 0xd0, 0x00, 0x00, 0xbf, 0xd0, 0x00, 0x00, 0x00, 0x5f, 0xf3, 0x00, 0x00,
    0x00, 0x00, 0x00, 0x09, 0xff, 0x30, 0x00, 0x00, 0xaf, 0xf0, 0x00, 0x00, 0x00, 0x7f, 0xf1, 0x00,
    0x00, 0x00, 0x00, 0x00, 0x3f, 0xf8, 0x00, 0x00, 0x00, 0x7f, 0xf4, 0x00, 0x00, 0x00, 0xcf, 0xd0,
    0x00, 0x00, 0x00, 0x00, 0x00, 0xdf, 0xd0, 0x00, 0x00, 0x00, 0x1f, 0xfd, 0x00, 0x00, 0x06, 0xff,
    0x70, 0x00, 0x00, 0x00, 0x00, 0x08, 0xff, 0x40, 0x00, 0x00, 0x00, 0x08, 0xff, 0xd6, 0x34, 0x9f,
    0xfc, 0x00, 0x00, 0x00, 0x00, 0x00, 0x2f, 0xfa, 0x00, 0x00, 0x00, 0x00, 0x00, 0x9f, 0xff, 0xff,
    0xff, 0xc1, 0x00, 0x00, 0x00, 0x00, 0x00, 0xcf, 0xe1, 0x00, 0x00, 0x00, 0x00, 0x00, 0x04, 0xbe,
    0xfe, 0xb6, 0x00, 0x00, 0x00, 0x00, 0x00, 0x00, 0x00, 0x06, 0xbe, 0xff, 0xd9, 0x30, 0x00, 0x00,
    0x00, 0x00, 0x00, 0x00, 0x00, 0x00, 0x00, 0x00, 0x03, 0xef, 0xff, 0xff, 0xff, 0xfa, 0x00, 0x00,
    0x00, 0x00, 0x00, 0x00, 0x00, 0x00, 0x00, 0x00, 0x3f, 0xff, 0xfc, 0x9a, 0xef, 0xff, 0xa0, 0x00,
    0x00, 0x00, 0x00, 0x00, 0x00, 0x00, 0x00, 0x00, 0xcf, 0xfc, 0x20, 0x00, 0x08, 0xff, 0xf3, 0x00,
    0x00, 0x00, 0x00, 0x00, 0x00, 0x00, 0x00, 0x02, 0xff, 0xf1, 0x00, 0x00, 0x00, 0xaf, 0xf9, 0x00,
    0x00, 0x00, 0x00, 0x00, 0x00, 0x00, 0x00, 0x05, 0xff, 0xb0, 0x00, 0x00, 0x00, 0x5f, 0xfb, 0x00,
    0x00, 0x00, 0x00, 0x00, 0x00, 0x00, 0x00, 0x06, 0xff, 0xb0, 0x00, 0x00, 0x00, 0x5f, 0xfa, 0x00,
    0x00, 0x0e, 0xff, 0x20, 0x00, 0x00, 0x00, 0x04, 0xff, 0xd0, 0x00, 0x00, 0x00, 0x9f, 0xf7, 0x00,
    0x00, 0x0c, 0xff, 0x40, 0x00, 0x00, 0x00, 0x00, 0xef, 0xf5, 0x00, 0x00, 0x04, 0xff, 0xf1, 0x00,
    0x00, 0x0b, 0xff, 0x50, 0x00, 0x00, 0x00, 0x00, 0x7f, 0xfe, 0x30, 0x00, 0x7f, 0xff, 0x50, 0x00,
    0x00, 0x0b, 0xff, 0x40, 0x00, 0x00, 0x00, 0x00, 0x0a, 0xff, 0xf8, 0x8e, 0xff, 0xe4, 0x00, 0x00,
    0x00, 0x0c, 0xff, 0x30, 0x00, 0x00, 0x00, 0x00, 0x00, 0xaf, 0xff, 0xff, 0xe8, 0x10, 0x00, 0x00,
    0x00, 0x0e, 0xff, 0x10, 0x00, 0x00, 0x00, 0x00, 0x07, 0xef, 0xff, 0xff, 0xe6, 0x00, 0x00, 0x00,
    0x00, 0x1f, 0xfe, 0x00, 0x00, 0x00, 0x00, 0x03, 0xdf, 0xff, 0xc8, 0xef, 0xff, 0xd3, 0x00, 0x00,
    0x00, 0x5f, 0xfa, 0x00, 0x00, 0x00, 0x00, 0x4f, 0xff, 0xc3, 0x00, 0x06, 0xef, 0xff, 0x50, 0x00,
    0x00, 0x9f, 0xf5, 0x00, 0x00, 0x00, 0x02, 0xff, 0xf8, 0x00, 0x00, 0x00, 0x1b, 0xff, 0xf5, 0x00,
    0x00, 0xff, 0xf0, 0x00, 0x00, 0x00, 0x0c, 0xff, 0xa0, 0x00, 0x00, 0x00, 0x00, 0x9f, 0xff, 0x40,
    0x06, 0xff, 0x80, 0x00, 0x00, 0x00, 0x3f, 0xff, 0x10, 0x00, 0x00, 0x00, 0x00, 0x0a, 0xff, 0xe1,
    0x0e, 0xff, 0x10, 0x00, 0x00, 0x00, 0x7f, 0xfc, 0x00, 0x00, 0x00, 0x00, 0x00, 0x00, 0xcf, 0xfc,
    0x8f, 0xfa, 0x00, 0x00, 0x00, 0x00, 0x9f, 0xfa, 0x00, 0x00, 0x00, 0x00, 0x00, 0x00, 0x1e, 0xff,
    0xff, 0xf1, 0x00, 0x00, 0x00, 0x00, 0xaf, 0xfa, 0x00, 0x00, 0x00, 0x00, 0x00, 0x00, 0x05, 0xff,
    0xff, 0x60, 0x00, 0x00, 0x00, 0x00, 0x8f, 0xfc, 0x00, 0x00, 0x00, 0x00, 0x00, 0x00, 0x00, 0xdf,
    0xff, 0x00, 0x00, 0x00, 0x00, 0x00, 0x5f, 0xff, 0x30, 0x00, 0x00, 0x00, 0x00, 0x00, 0x0b, 0xff,
    0xff, 0x90, 0x00, 0x00, 0x00, 0x00, 0x0e, 0xff, 0xd1, 0x00, 0x00, 0x00, 0x00, 0x04, 0xdf, 0xff,
    0xff, 0xf8, 0x00, 0x00, 0x00, 0x00, 0x06, 0xff, 0xfe, 0x71, 0x00, 0x00, 0x16, 0xcf, 0xff, 0xe2,
    0x8f, 0xff, 0xb3, 0x01, 0x41, 0x00, 0x00, 0x8f, 0xff, 0xff, 0xec, 0xde, 0xff, 0xff, 0xfb, 0x10,
    0x0b, 0xff, 0xff, 0xff, 0xf3, 0x00, 0x00, 0x05, 0xef, 0xff, 0xff, 0xff, 0xff, 0xfd, 0x40, 0x00,
    0x00, 0xaf, 0xff, 0xff, 0xf3, 0x00, 0x00, 0x00, 0x05, 0x9c, 0xef, 0xfe, 0xc8, 0x20, 0x00, 0x00,
    0x00, 0x04, 0xcf, 0xfe, 0xa1, 0x00, 0x0d, 0xff, 0x00, 0x00, 0x00, 0x0d, 0xff, 0x00, 0x00, 0x00,
    0x0d, 0xff, 0x00, 0x00, 0x00, 0x0d, 0xff, 0x00, 0x00, 0x00, 0x0d, 0xff, 0x00, 0x00, 0x00, 0x0d,
    0xff, 0x00, 0x00, 0x00, 0x0d, 0xff, 0x00, 0x00, 0x00, 0x0d, 0xff, 0x00, 0x00, 0x00, 0x0d, 0xff,
    0x00, 0x00, 0x00, 0x00, 0x00, 0x00, 0x00, 0x00, 0x00, 0x00, 0x00, 0x00, 0x00, 0x00, 0x00, 0x00,
    0x00, 0x00, 0x00, 0x00, 0x00, 0x00, 0x00, 0x00, 0x00, 0x00, 0x00, 0x00, 0x00, 0x00, 0x00, 0x00,
    0x00, 0x00, 0x00, 0x00, 0x00, 0x00, 0x00, 0x00, 0x00, 0x00, 0x00, 0x00, 0x00, 0x00, 0x00, 0x00,
    0x00, 0x00, 0x00, 0x00, 0x00, 0x00, 0x00, 0x00, 0x00, 0x00, 0x00, 0x00, 0x00, 0x00, 0x00, 0x00,
    0x00, 0x00, 0x00, 0x00, 0x00, 0x00, 0x00, 0x00, 0x00, 0x00, 0x00, 0x00, 0x00, 0x00, 0x00, 0x00,
    0x00, 0x00, 0x00, 0x00, 0x00, 0x00, 0x00, 0x00, 0x00, 0x00, 0x00, 0x00, 0x00, 0x00, 0x00, 0x00,
    0x00, 0x00, 0x00, 0x00, 0x00, 0x9f, 0xf4, 0x00, 0x00, 0x00, 0x05, 0xff, 0x80, 0x00, 0x00, 0x00,
    0x1f, 0xfd, 0x00, 0x00, 0x00, 0x00, 0xbf, 0xf3, 0x00, 0x00, 0x00, 0x04, 0xff, 0xa0, 0x00, 0x00,
    0x00, 0x0c, 0xff, 0x20, 0x00, 0x00, 0x00, 0x3f, 0xfa, 0x00, 0x00, 0x00, 0x00, 0x9f, 0xf4, 0x00,
    0x00, 0x00, 0x00, 0xef, 0xe0, 0x00, 0x00, 0x00, 0x04, 0xff, 0x90, 0x00, 0x00, 0x00, 0x08, 0xff,
    0x50, 0x00, 0x00, 0x00, 0x0b, 0xff, 0x10, 0x00, 0x00, 0x00, 0x0e, 0xfe, 0x00, 0x00, 0x00, 0x00,
    0x0f, 0xfc, 0x00, 0x00, 0x00, 0x00, 0x2f, 0xfa, 0x00, 0x00, 0x00, 0x00, 0x3f, 0xf9, 0x00, 0x00,
    0x00, 0x00, 0x3f, 0xf9, 0x00, 0x00, 0x00, 0x00, 0x4f, 0xf9, 0x00, 0x00, 0x00, 0x00, 0x3f, 0xf9,
    0x00, 0x00, 0x00, 0x00, 0x2f, 0xfa, 0x00, 0x00, 0x00, 0x00, 0x1f, 0xfc, 0x00, 0x00, 0x00, 0x00,
    0x0f, 0xfe, 0x00, 0x00, 0x00, 0x00, 0x0c, 0xff, 0x10, 0x00, 0x00, 0x00, 0x09, 0xff, 0x40, 0x00,
    0x00, 0x00, 0x05, 0xff, 0x80, 0x00, 0x00, 0x00, 0x00, 0xff, 0xd0, 0x00, 0x00, 0x00, 0x00, 0xaf,
    0xf3, 0x00, 0x00, 0x00, 0x00, 0x4f, 0xf9, 0x00, 0x00, 0x00, 0x00, 0x0d, 0xff, 0x10, 0x00, 0x00,
    0x00, 0x05, 0xff, 0x90, 0x00, 0x00, 0x00, 0x00, 0xcf, 0xf2, 0x00, 0x00, 0x00, 0x00, 0x2f, 0xfc,
    0x00, 0x00, 0x00, 0x00, 0x06, 0xff, 0x70, 0x00, 0x00, 0x00, 0x00, 0x9f, 0xf4, 0x3f, 0xfb, 0x00,
    0x00, 0x00, 0x00, 0x06, 0xff, 0x80, 0x00, 0x00, 0x00, 0x00, 0xbf, 0xf3, 0x00, 0x00, 0x00, 0x00,
    0x2f, 0xfd, 0x00, 0x00, 0x00, 0x00, 0x08, 0xff, 0x60, 0x00, 0x00, 0x00, 0x01, 0xff, 0xe0, 0x00,
    0x00, 0x00, 0x00, 0x9f, 0xf5, 0x00, 0x00, 0x00, 0x00, 0x2f, 0xfc, 0x00, 0x00, 0x00, 0x00, 0x0c,
    0xff, 0x10, 0x00, 0x00, 0x00, 0x07, 0xff, 0x60, 0x00, 0x00, 0x00, 0x03, 0xff, 0xa0, 0x00, 0x00,
    0x00, 0x00, 0xff, 0xd0, 0x00, 0x00, 0x00, 0x00, 0xcf, 0xf0, 0x00, 0x00, 0x00, 0x00, 0xaf, 0xf2,
    0x00, 0x00, 0x00, 0x00, 0x9f, 0xf4, 0x00, 0x00, 0x00, 0x00, 0x8f, 0xf5, 0x00, 0x00, 0x00, 0x00,
    0x7f, 0xf6, 0x00, 0x00, 0x00, 0x00, 0x7f, 0xf6, 0x00, 0x00, 0x00, 0x00, 0x7f, 0xf5, 0x00, 0x00,
    0x00, 0x00, 0x8f, 0xf5, 0x00, 0x00, 0x00, 0x00, 0xaf, 0xf3, 0x00, 0x00, 0x00, 0x00, 0xcf, 0xf1,
    0x00, 0x00, 0x00, 0x00, 0xff, 0xe0, 0x00, 0x00, 0x00, 0x03, 0xff, 0xb0, 0x00, 0x00, 0x00, 0x07,
    0xff, 0x70, 0x00, 0x00, 0x00, 0x0c, 0xff, 0x20, 0x00, 0x00, 0x00, 0x1f, 0xfd, 0x00, 0x00, 0x00,
    0x00, 0x8f, 0xf6, 0x00, 0x00, 0x00, 0x00, 0xef, 0xe0, 0x00, 0x00, 0x00, 0x07, 0xff, 0x70, 0x00,
    0x00, 0x00, 0x1f, 0xfd, 0x00, 0x00, 0x00, 0x00, 0xaf, 0xf4, 0x00, 0x00, 0x00, 0x05, 0xff, 0x80,
    0x00, 0x00, 0x00, 0x2f, 0xfb, 0x00, 0x00, 0x00, 0x00, 0x00, 0x00, 0x00, 0x0e, 0xfb, 0x00, 0x00,
    0x00, 0x00, 0x00, 0x00, 0x00, 0x0d, 0xf9, 0x00, 0x00, 0x00, 0x00, 0x00, 0x00, 0x00, 0x0c, 0xf8,
    0x00, 0x00, 0x00, 0x00, 0x00, 0x00, 0x00, 0x0b, 0xf7, 0x00, 0x00, 0x00, 0x00, 0x00, 0xb9, 0x30,
    0x0a, 0xf6, 0x00, 0x4a, 0x80, 0x00, 0x02, 0xff, 0xfc, 0x69, 0xf7, 0x8e, 0xff, 0xe0, 0x00, 0x03,
    0xad, 0xff, 0xff, 0xff, 0xff, 0xfc, 0x91, 0x00, 0x00, 0x00, 0x03, 0x9f, 0xff, 0x62, 0x00, 0x00,
    0x00, 0x00, 0x00, 0x01, 0xdf, 0xaf, 0xb0, 0x00, 0x00, 0x00, 0x00, 0x00, 0x0c, 0xfa, 0x0d, 0xf8,
    0x00, 0x00, 0x00, 0x00, 0x00, 0x9f, 0xf1, 0x04, 0xff, 0x50, 0x00, 0x00, 0x00, 0x06, 0xff, 0x70,
    0x00, 0xbf, 0xf3, 0x00, 0x00, 0x00, 0x03, 0xdd, 0x00, 0x00, 0x2f, 0xb2, 0x00, 0x00, 0x00, 0x00,
    0x02, 0x00, 0x00, 0x03, 0x00, 0x00, 0x00, 0x00, 0x00, 0x00, 0x00, 0x00, 0x00, 0x00, 0x00, 0x00,
    0x00, 0x00, 0x00, 0x00, 0x00, 0x00, 0x00, 0x00, 0x00, 0x00, 0x00, 0x00, 0x00, 0x00, 0x00, 0x00,
    0x00, 0x00, 0x00, 0x00, 0x00, 0x00, 0x00, 0x00, 0x00, 0x00, 0x00, 0x00, 0x00, 0x00, 0x00, 0x00,
    0x00, 0x00, 0x00, 0x00, 0x00, 0x00, 0x00, 0x00, 0x00, 0x00, 0x00, 0x00, 0x00, 0x00, 0x00, 0x00,
    0x00, 0x00, 0x00, 0x00, 0x00, 0x00, 0x00, 0x00, 0x00, 0x00, 0x00, 0x00, 0x00, 0x00, 0x00, 0x00,
    0x00, 0x00, 0x00, 0x00, 0x00, 0x00, 0x00, 0x00, 0x00, 0x00, 0x00, 0x00, 0x00, 0x00, 0x00, 0x00,
    0x00, 0x00, 0x00, 0x00, 0x00, 0x00, 0x00, 0x00, 0x00, 0x00, 0x00, 0x00, 0x00, 0x00, 0x00, 0x00,
    0x00, 0x00, 0x00, 0x00, 0x00, 0x00, 0x00, 0x00, 0x00, 0x00, 0x00, 0x00, 0x00, 0x00, 0x00, 0x00,
    0x00, 0x00, 0x00, 0x00, 0x00, 0x00, 0x00, 0x00, 0x00, 0x00, 0x00, 0x9f, 0xf0, 0x00, 0x00, 0x00,
    0x00, 0x00, 0x00, 0x00, 0x00, 0x00, 0x00, 0x00, 0x00, 0x9f, 0xf0, 0x00, 0x00, 0x00, 0x00, 0x00,
    0x00, 0x00, 0x00, 0x00, 0x00, 0x00, 0x00, 0x9f, 0xf0, 0x00, 0x00, 0x00, 0x00, 0x00, 0x00, 0x00,
    0x00, 0x00, 0x00, 0x00, 0x00, 0x9f, 0xf0, 0x00, 0x00, 0x00, 0x00, 0x00, 0x00, 0x00, 0x00, 0x00,
    0x00, 0x00, 0x00, 0x9f, 0xf0, 0x00, 0x00, 0x00, 0x00, 0x00, 0x00, 0x00, 0x00, 0x00, 0x00, 0x00,
    0x00, 0x9f, 0xf0, 0x00, 0x00, 0x00, 0x00, 0x00, 0x00, 0x00, 0x00, 0x00, 0x00, 0x00, 0x00, 0x9f,
    0xf0, 0x00, 0x00, 0x00, 0x00, 0x00, 0x00, 0x00, 0x00, 0x00, 0x00, 0x00, 0x00, 0x9f, 0xf0, 0x00,
    0x00, 0x00, 0x00, 0x00, 0x00, 0x00, 0x00, 0x7f, 0xff, 0xff, 0xff, 0xff, 0xff, 0xff, 0xff, 0xff,
    0xe0, 0x00, 0x00, 0x00, 0x00, 0x7f, 0xff, 0xff, 0xff, 0xff, 0xff, 0xff, 0xff, 0xff, 0xe0, 0x00,
    0x00, 0x00, 0x00, 0x4a, 0xaa, 0xaa, 0xaa, 0xdf, 0xfa, 0xaa, 0xaa, 0xaa, 0x80, 0x00, 0x00, 0x00,
    0x00, 0x00, 0x00, 0x00, 0x00, 0x9f, 0xf0, 0x00, 0x00, 0x00, 0x00, 0x00, 0x00, 0x00, 0x00, 0x00,
    0x00, 0x00, 0x00, 0x9f, 0xf0, 0x00, 0x00, 0x00, 0x00, 0x00, 0x00, 0x00, 0x00, 0x00, 0x00, 0x00,
    0x00, 0x9f, 0xf0, 0x00, 0x00, 0x00, 0x00, 0x00, 0x00, 0x00, 0x00, 0x00, 0x00, 0x00, 0x00, 0x9f,
    0xf0, 0x00, 0x00, 0x00, 0x00, 0x00, 0x00, 0x00, 0x00, 0x00, 0x00, 0x00, 0x00, 0x9f, 0xf0, 0x00,
    0x00, 0x00, 0x00, 0x00, 0x00, 0x00, 0x00, 0x00, 0x00, 0x00, 0x00, 0x9f, 0xf0, 0x00, 0x00, 0x00,
    0x00, 0x00, 0x00, 0x00, 0x00, 0x00, 0x00, 0x00, 0x00, 0x9f, 0xf0, 0x00, 0x00, 0x00, 0x00, 0x00,
    0x00, 0x00, 0x00, 0x00, 0x00, 0x00, 0x00, 0x5a, 0xa0, 0x00, 0x00, 0x00, 0x00, 0x00, 0x00, 0x00,
    0x00, 0x00, 0x00, 0x00, 0x00, 0x00, 0x00, 0x00, 0x00, 0x00, 0x00, 0x00, 0x00, 0x00, 0x00, 0x00,
    0x00, 0x00, 0x00, 0x00, 0x00, 0x00, 0x00, 0x00, 0x00, 0x00, 0x00, 0x00, 0x1f, 0xff, 0x00, 0x00,
    0x00, 0x4f, 0xfb, 0x00, 0x00, 0x00, 0x8f, 0xf6, 0x00, 0x00, 0x00, 0xcf, 0xf1, 0x00, 0x00, 0x00,
    0xff, 0xc0, 0x00, 0x00, 0x03, 0xff, 0x70, 0x00, 0x00, 0x07, 0xff, 0x20, 0x00, 0x00, 0x0a, 0xfd,
    0x00, 0x00, 0x00, 0x0e, 0xf8, 0x00, 0x00, 0x00, 0x1f, 0xf3, 0x00, 0x00, 0x00, 0x00, 0x3f, 0xff,
    0xff, 0xff, 0xff, 0xf7, 0x00, 0x00, 0x3f, 0xff, 0xff, 0xff, 0xff, 0xf7, 0x00, 0x00, 0x18, 0x88,
    0x88, 0x88, 0x88, 0x83, 0x00, 0x00, 0x00, 0x00, 0x00, 0x00, 0x00, 0x00, 0x00, 0x00, 0x00, 0x00,
    0x00, 0x00, 0x00, 0x00, 0x00, 0x00, 0x00, 0x00, 0x00, 0x00, 0x00, 0x00, 0x00, 0x00, 0x00, 0x00,
    0x00, 0x00, 0x00, 0x00, 0x00, 0x00, 0x00, 0x00, 0x00, 0x00, 0x00, 0x00, 0x00, 0x00, 0x00, 0x00,
    0x00, 0x00, 0x00, 0x00, 0x00, 0x00, 0x00, 0x00, 0x00, 0x00, 0x00, 0x00, 0x00, 0x00, 0x00, 0x00,
    0x00, 0x00, 0x00, 0x00, 0x00, 0x00, 0x00, 0x00, 0x00, 0x00, 0x00, 0x00, 0x00, 0x00, 0x2c, 0xfa,
    0x00, 0x00, 0x00, 0xbf, 0xff, 0x70, 0x00, 0x00, 0xbf, 0xff, 0x70, 0x00, 0x00, 0x2c, 0xfa, 0x00,
    0x00, 0x00, 0x00, 0x00, 0x00, 0x00, 0x00, 0x05, 0xff, 0xa0, 0x00, 0x00, 0x00, 0x00, 0x00, 0x00,
    0x0c, 0xff, 0x40, 0x00, 0x00, 0x00, 0x00, 0x00, 0x00, 0x2f, 0xfd, 0x00, 0x00, 0x00, 0x00, 0x00,
    0x00, 0x00, 0x9f, 0xf7, 0x00, 0x00, 0x00, 0x00, 0x00, 0x00, 0x00, 0xff, 0xf1, 0x00, 0x00, 0x00,
    0x00, 0x00, 0x00, 0x06, 0xff, 0xa0, 0x00, 0x00, 0x00, 0x00, 0x00, 0x00, 0x0c, 0xff, 0x30, 0x00,
    0x00, 0x00, 0x00, 0x00, 0x00, 0x3f, 0xfd, 0x00, 0x00, 0x00, 0x00, 0x00, 0x00, 0x00, 0x9f, 0xf6,
    0x00, 0x00, 0x00, 0x00, 0x00, 0x00, 0x00, 0xff, 0xf0, 0x00, 0x00, 0x00, 0x00, 0x00, 0x00, 0x06,
    0xff, 0x90, 0x00, 0x00, 0x00, 0x00, 0x00, 0x00, 0x0d, 0xff, 0x30, 0x00, 0x00, 0x00, 0x00, 0x00,
    0x00, 0x3f, 0xfc, 0x00, 0x00, 0x00, 0x00, 0x00, 0x00, 0x00, 0xaf, 0xf6, 0x00, 0x00, 0x00, 0x00,
    0x00, 0x00, 0x01, 0xff, 0xe0, 0x00, 0x00, 0x00, 0x00, 0x00, 0x00, 0x07, 0xff, 0x90, 0x00, 0x00,
    0x00, 0x00, 0x00, 0x00, 0x0d, 0xff, 0x20, 0x00, 0x00, 0x00, 0x00, 0x00, 0x00, 0x4f, 0xfb, 0x00,
    0x00, 0x00, 0x00, 0x00, 0x00, 0x00, 0xaf, 0xf5, 0x00, 0x00, 0x00, 0x00, 0x00, 0x00, 0x01, 0xff,
    0xe0, 0x00, 0x00, 0x00, 0x00, 0x00, 0x00, 0x07, 0xff, 0x80, 0x00, 0x00, 0x00, 0x00, 0x00, 0x00,
    0x0d, 0xff, 0x20, 0x00, 0x00, 0x00, 0x00, 0x00, 0x00, 0x4f, 0xfb, 0x00, 0x00, 0x00, 0x00, 0x00,
    0x00, 0x00, 0xbf, 0xf4, 0x00, 0x00, 0x00, 0x00, 0x00, 0x00, 0x01, 0xff, 0xe0, 0x00, 0x00, 0x00,
    0x00, 0x00, 0x00, 0x08, 0xff, 0x70, 0x00, 0x00, 0x00, 0x00, 0x00, 0x00, 0x0e, 0xff, 0x10, 0x00,
    0x00, 0x00, 0x00, 0x00, 0x00, 0x5f, 0xfa, 0x00, 0x00, 0x00, 0x00, 0x00, 0x00, 0x00, 0xbf, 0xf4,
    0x00, 0x00, 0x00, 0x00, 0x00, 0x00, 0x02, 0xff, 0xd0, 0x00, 0x00, 0x00, 0x00, 0x00, 0x00, 0x08,
    0xff, 0x70, 0x00, 0x00, 0x00, 0x00, 0x00, 0x00, 0x0e, 0xff, 0x10, 0x00, 0x00, 0x00, 0x00, 0x00,
    0x00, 0x5f, 0xfa, 0x00, 0x00, 0x00, 0x00, 0x00, 0x00, 0x00, 0x00, 0x00, 0x00, 0x03, 0x9d, 0xef,
    0xda, 0x40, 0x00, 0x00, 0x00, 0x00, 0x00, 0x00, 0xaf, 0xff, 0xff, 0xff, 0xfb, 0x10, 0x00, 0x00,
    0x00, 0x00, 0x0d, 0xff, 0xfe, 0xcc, 0xff, 0xff, 0xd1, 0x00, 0x00, 0x00, 0x00, 0xbf, 0xff, 0x60,
    0x00, 0x08, 0xff, 0xfb, 0x00, 0x00, 0x00, 0x04, 0xff, 0xf4, 0x00, 0x00, 0x00, 0x8f, 0xff, 0x30,
    0x00, 0x00, 0x0c, 0xff, 0x90, 0x00, 0x00, 0x00, 0x0d, 0xff, 0xa0, 0x00, 0x00, 0x2f, 0xff, 0x20,
    0x00, 0x00, 0x00, 0x06, 0xff, 0xf0, 0x00, 0x00, 0x7f, 0xfc, 0x00, 0x00, 0x00, 0x00, 0x01, 0xff,
    0xf4, 0x00, 0x00, 0xbf, 0xf8, 0x00, 0x00, 0x00, 0x00, 0x00, 0xdf, 0xf7, 0x00, 0x00, 0xef, 0xf5,
    0x00, 0x00, 0x00, 0x00, 0x00, 0xaf, 0xf9, 0x00, 0x00, 0xff, 0xf3, 0x00, 0x00, 0x00, 0x00, 0x00,
    0x9f, 0xfc, 0x00, 0x02, 0xff, 0xf1, 0x00, 0x00, 0x00, 0x00, 0x00, 0x7f, 0xfd, 0x00, 0x03, 0xff,
    0xf0, 0x00, 0x00, 0x00, 0x00, 0x00, 0x6f, 0xfd, 0x00, 0x04, 0xff, 0xf0, 0x00, 0x00, 0x00, 0x00,
    0x00, 0x6f, 0xfe, 0x00, 0x04, 0xff, 0xf0, 0x00, 0x00, 0x00, 0x00, 0x00, 0x5f, 0xfe, 0x00, 0x04,
    0xff, 0xf0, 0x00, 0x00, 0x00, 0x00, 0x00, 0x6f, 0xfd, 0x00, 0x03, 0xff, 0xf0, 0x00, 0x00, 0x00,
    0x00, 0x00, 0x7f, 0xfc, 0x00, 0x02, 0xff, 0xf2, 0x00, 0x00, 0x00, 0x00, 0x00, 0x8f, 0xfb, 0x00,
    0x00, 0xff, 0xf4, 0x00, 0x00, 0x00, 0x00, 0x00, 0xaf, 0xf8, 0x00, 0x00, 0xdf, 0xf6, 0x00, 0x00,
    0x00, 0x00, 0x00, 0xdf, 0xf5, 0x00, 0x00, 0xaf, 0xfa, 0x00, 0x00, 0x00, 0x00, 0x01, 0xff, 0xf1,
    0x00, 0x00, 0x5f, 0xff, 0x00, 0x00, 0x00, 0x00, 0x06, 0xff, 0xc0, 0x00, 0x00, 0x0f, 0xff, 0x70,
    0x00, 0x00, 0x00, 0x0d, 0xff, 0x60, 0x00, 0x00, 0x08, 0xff, 0xf2, 0x00, 0x00, 0x00, 0x8f, 0xfd,
    0x00, 0x00, 0x00, 0x01, 0xef, 0xfe, 0x50, 0x00, 0x18, 0xff, 0xf4, 0x00, 0x00, 0x00, 0x00, 0x3f,
    0xff, 0xfe, 0xcd, 0xff, 0xff, 0x70, 0x00, 0x00, 0x00, 0x00, 0x03, 0xdf, 0xff, 0xff, 0xff, 0xf5,
    0x00, 0x00, 0x00, 0x00, 0x00, 0x00, 0x06, 0xbe, 0xfe, 0xc7, 0x10, 0x00, 0x00, 0x00, 0x00, 0x00,
    0x00, 0x00, 0x00, 0x00, 0xaf, 0x20, 0x00, 0x00, 0x00, 0x00, 0x00, 0x00, 0x00, 0x00, 0x3d, 0xff,
    0x20, 0x00, 0x00, 0x00, 0x00, 0x00, 0x00, 0x00, 0x08, 0xff, 0xff, 0x20, 0x00, 0x00, 0x00, 0x00,
    0x00, 0x00, 0x07, 0xef, 0xff, 0xff, 0x20, 0x00, 0x00, 0x00, 0x00, 0x00, 0x3a, 0xff, 0xff, 0xff,
    0xff, 0x20, 0x00, 0x00, 0x00, 0x00, 0x00, 0x8f, 0xff, 0xfb, 0x2f, 0xff, 0x20, 0x00, 0x00, 0x00,
    0x00, 0x00, 0x8f, 0xfd, 0x50, 0x1f, 0xff, 0x20, 0x00, 0x00, 0x00, 0x00, 0x00, 0x7a, 0x40, 0x00,
    0x1f, 0xff, 0x20, 0x00, 0x00, 0x00, 0x00, 0x00, 0x00, 0x00, 0x00, 0x1f, 0xff, 0x20, 0x00, 0x00,
    0x00, 0x00, 0x00, 0x00, 0x00, 0x00, 0x1f, 0xff, 0x20, 0x00, 0x00, 0x00, 0x00, 0x00, 0x00, 0x00,
    0x00, 0x1f, 0xff, 0x20, 0x00, 0x00, 0x00, 0x00, 0x00, 0x00, 0x00, 0x00, 0x1f, 0xff, 0x20, 0x00,
    0x00, 0x00, 0x00, 0x00, 0x00, 0x00, 0x00, 0x1f, 0xff, 0x20, 0x00, 0x00, 0x00, 0x00, 0x00, 0x00,
    0x00, 0x00, 0x1f, 0xff, 0x20, 0x00, 0x00, 0x00, 0x00, 0x00, 0x00, 0x00, 0x00, 0x1f, 0xff, 0x20,
    0x00, 0x00, 0x00, 0x00, 0x00, 0x00, 0x00, 0x00, 0x1f, 0xff, 0x20, 0x00, 0x00, 0x00, 0x00, 0x00,
    0x00, 0x00, 0x00, 0x1f, 0xff, 0x20, 0x00, 0x00, 0x00, 0x00, 0x00, 0x00, 0x00, 0x00, 0x1f, 0xff,
    0x20, 0x00, 0x00, 0x00, 0x00, 0x00, 0x00, 0x00, 0x00, 0x1f, 0xff, 0x20, 0x00, 0x00, 0x00, 0x00,
    0x00, 0x00, 0x00, 0x00, 0x1f, 0xff, 0x20, 0x00, 0x00, 0x00, 0x00, 0x00, 0x00, 0x00, 0x00, 0x1f,
    0xff, 0x20, 0x00, 0x00, 0x00, 0x00, 0x00, 0x00, 0x00, 0x00, 0x1f, 0xff, 0x20, 0x00, 0x00, 0x00,
    0x00, 0x00, 0x00, 0x00, 0x00, 0x1f, 0xff, 0x20, 0x00, 0x00, 0x00, 0x00, 0x00, 0x00, 0x00, 0x00,
    0x1f, 0xff, 0x20, 0x00, 0x00, 0x00, 0x00, 0x00, 0x00, 0x00, 0x00, 0x1f, 0xff, 0x20, 0x00, 0x00,
    0x00, 0x00, 0x00, 0x00, 0x00, 0x00, 0x1f, 0xff, 0x20, 0x00, 0x00, 0x00, 0x00, 0x00, 0x00, 0x00,
    0x00, 0x1f, 0xff, 0x20, 0x00, 0x00, 0x00, 0x00, 0x00, 0x00, 0x00, 0x00, 0x1f, 0xff, 0x20, 0x00,
    0x00, 0x00, 0x00, 0x00, 0x00, 0x6a, 0xde, 0xfe, 0xb7, 0x10, 0x00, 0x00, 0x00, 0x00, 0x00, 0x5e,
    0xff, 0xff, 0xff, 0xff, 0xf7, 0x00, 0x00, 0x00, 0x00, 0x08, 0xff, 0xff, 0xec, 0xce, 0xff, 0xff,
    0x80, 0x00, 0x00, 0x00, 0x0c, 0xff, 0x93, 0x00, 0x00, 0x4d, 0xff, 0xf4, 0x00, 0x00, 0x00, 0x0c,
    0xc2, 0x00, 0x00, 0x00, 0x01, 0xdf, 0xfc, 0x00, 0x00, 0x00, 0x08, 0x00, 0x00, 0x00, 0x00, 0x00,
    0x5f, 0xff, 0x10, 0x00, 0x00, 0x00, 0x00, 0x00, 0x00, 0x00, 0x00, 0x0f, 0xff, 0x40, 0x00, 0x00,
    0x00, 0x00, 0x00, 0x00, 0x00, 0x00, 0x0f, 0xff, 0x50, 0x00, 0x00, 0x00, 0x00, 0x00, 0x00, 0x00,
    0x00, 0x0f, 0xff, 0x40, 0x00, 0x00, 0x00, 0x00, 0x00, 0x00, 0x00, 0x00, 0x2f, 0xff, 0x20, 0x00,
    0x00, 0x00, 0x00, 0x00, 0x00, 0x00, 0x00, 0x6f, 0xfe, 0x00, 0x00, 0x00, 0x00, 0x00, 0x00, 0x00,
    0x00, 0x00, 0xef, 0xf8, 0x00, 0x00, 0x00, 0x00, 0x00, 0x00, 0x00, 0x00, 0x09, 0xff, 0xe1, 0x00,
    0x00, 0x00, 0x00, 0x00, 0x00, 0x00, 0x00, 0x7f, 0xff, 0x40, 0x00, 0x00, 0x00, 0x00, 0x00, 0x00,
    0x00, 0x09, 0xff, 0xf7, 0x00, 0x00, 0x00, 0x00, 0x00, 0x00, 0x00, 0x01, 0xcf, 0xff, 0x60, 0x00,
    0x00, 0x00, 0x00, 0x00, 0x00, 0x00, 0x4e, 0xff, 0xe3, 0x00, 0x00, 0x00, 0x00, 0x00, 0x00, 0x00,
    0x08, 0xff, 0xfb, 0x10, 0x00, 0x00, 0x00, 0x00, 0x00, 0x00, 0x00, 0xbf, 0xff, 0x60, 0x00, 0x00,
    0x00, 0x00, 0x00, 0x00, 0x00, 0x1c, 0xff, 0xd2, 0x00, 0x00, 0x00, 0x00, 0x00, 0x00, 0x00, 0x00,
    0xcf, 0xfc, 0x10, 0x00, 0x00, 0x00, 0x00, 0x00, 0x00, 0x00, 0x08, 0xff, 0xc0, 0x00, 0x00, 0x00,
    0x00, 0x00, 0x00, 0x00, 0x00, 0x1f, 0xff, 0x20, 0x00, 0x00, 0x00, 0x00, 0x00, 0x00, 0x00, 0x00,
    0x7f, 0xfb, 0x00, 0x00, 0x00, 0x00, 0x00, 0x00, 0x00, 0x00, 0x00, 0xaf, 0xf8, 0x00, 0x00, 0x00,
    0x00, 0x00, 0x00, 0x00, 0x00, 0x00, 0xcf, 0xfe, 0xee, 0xee, 0xee, 0xee, 0xee, 0xee, 0xe5, 0x00,
    0x00, 0xdf, 0xff, 0xff, 0xff, 0xff, 0xff, 0xff, 0xff, 0xf6, 0x00, 0x00, 0xef, 0xff, 0xff, 0xff,
    0xff, 0xff, 0xff, 0xff, 0xf6, 0x00, 0x00, 0x00, 0x04, 0x9c, 0xef, 0xfd, 0xa5, 0x00, 0x00, 0x00,
    0x00, 0x00, 0x03, 0xdf, 0xff, 0xff, 0xff, 0xff, 0xd3, 0x00, 0x00, 0x00, 0x00, 0x08, 0xff, 0xfe,
    0xcb, 0xdf, 0xff, 0xff, 0x30, 0x00, 0x00, 0x00, 0x08, 0xfa, 0x30, 0x00, 0x01, 0x8f, 0xff, 0xd0,
    0x00, 0x00, 0x00, 0x06, 0x30, 0x00, 0x00, 0x00, 0x07, 0xff, 0xf4, 0x00, 0x00, 0x00, 0x00, 0x00,
    0x00, 0x00, 0x00, 0x00, 0xef, 0xf8, 0x00, 0x00, 0x00, 0x00, 0x00, 0x00, 0x00, 0x00, 0x00, 0xbf,
    0xf9, 0x00, 0x00, 0x00, 0x00, 0x00, 0x00, 0x00, 0x00, 0x00, 0xbf, 0xf8, 0x00, 0x00, 0x00, 0x00,
    0x00, 0x00, 0x00, 0x00, 0x00, 0xdf, 0xf4, 0x00, 0x00, 0x00, 0x00, 0x00, 0x00, 0x00, 0x00, 0x04,
    0xff, 0xe0, 0x00, 0x00, 0x00, 0x00, 0x00, 0x00, 0x00, 0x00, 0x3e, 0xff, 0x50, 0x00, 0x00, 0x00,
    0x00, 0x00, 0x00, 0x02, 0x5a, 0xff, 0xf6, 0x00, 0x00, 0x00, 0x00, 0x00, 0x0c, 0xff, 0xff, 0xff,
    0xf9, 0x20, 0x00, 0x00, 0x00, 0x00, 0x00, 0x0c, 0xff, 0xff, 0xff, 0xb7, 0x20, 0x00, 0x00, 0x00,
    0x00, 0x00, 0x09, 0xbb, 0xcd, 0xff, 0xff, 0xf9, 0x00, 0x00, 0x00, 0x00, 0x00, 0x00, 0x00, 0x00,
    0x03, 0x9f, 0xff, 0xd1, 0x00, 0x00, 0x00, 0x00, 0x00, 0x00, 0x00, 0x00, 0x03, 0xef, 0xfa, 0x00,
    0x00, 0x00, 0x00, 0x00, 0x00, 0x00, 0x00, 0x00, 0x5f, 0xff, 0x20, 0x00, 0x00, 0x00, 0x00, 0x00,
    0x00, 0x00, 0x00, 0x0e, 0xff, 0x70, 0x00, 0x00, 0x00, 0x00, 0x00, 0x00, 0x00, 0x00, 0x0b, 0xff,
    0x90, 0x00, 0x00, 0x00, 0x00, 0x00, 0x00, 0x00, 0x00, 0x0b, 0xff, 0x80, 0x00, 0x00, 0x00, 0x00,
    0x00, 0x00, 0x00, 0x00, 0x0e, 0xff, 0x60, 0x00, 0x00, 0x00, 0x00, 0x00, 0x00, 0x00, 0x00, 0x5f,
    0xff, 0x10, 0x00, 0x00, 0x74, 0x00, 0x00, 0x00, 0x00, 0x02, 0xef, 0xfa, 0x00, 0x00, 0x00, 0x9f,
    0xb4, 0x00, 0x00, 0x01, 0x7f, 0xff, 0xe1, 0x00, 0x00, 0x00, 0x9f, 0xff, 0xfd, 0xcc, 0xef, 0xff,
    0xfe, 0x20, 0x00, 0x00, 0x00, 0x5f, 0xff, 0xff, 0xff, 0xff, 0xff, 0xa1, 0x00, 0x00, 0x00, 0x00,
    0x01, 0x6a, 0xdf, 0xff, 0xeb, 0x71, 0x00, 0x00, 0x00, 0x00, 0x00, 0x00, 0x00, 0x00, 0x00, 0x00,
    0x1f, 0xff, 0x90, 0x00, 0x00, 0x00, 0x00, 0x00, 0x00, 0x00, 0x00, 0x9f, 0xff, 0x90, 0x00, 0x00,
    0x00, 0x00, 0x00, 0x00, 0x00, 0x02, 0xff, 0xff, 0x90, 0x00, 0x00, 0x00, 0x00, 0x00, 0x00, 0x00,
    0x0a, 0xff, 0xff, 0x90, 0x00, 0x00, 0x00, 0x00, 0x00, 0x00, 0x00, 0x4f, 0xff, 0xff, 0x90, 0x00,
    0x00, 0x00, 0x00, 0x00, 0x00, 0x00, 0xdf, 0xe9, 0xff, 0x90, 0x00, 0x00, 0x00, 0x00, 0x00, 0x00,
    0x08, 0xff, 0x59, 0xff, 0x90, 0x00, 0x00, 0x00, 0x00, 0x00, 0x00, 0x4f, 0xfb, 0x09, 0xff, 0x90,
    0x00, 0x00, 0x00, 0x00, 0x00, 0x00, 0xef, 0xf1, 0x09, 0xff, 0x90, 0x00, 0x00, 0x00, 0x00, 0x00,
    0x0a, 0xff, 0x60, 0x09, 0xff, 0x90, 0x00, 0x00, 0x00, 0x00, 0x00, 0x6f, 0xfb, 0x00, 0x09, 0xff,
    0x90, 0x00, 0x00, 0x00, 0x00, 0x03, 0xff, 0xe1, 0x00, 0x09, 0xff, 0x90, 0x00, 0x00, 0x00, 0x00,
    0x1e, 0xff, 0x40, 0x00, 0x09, 0xff, 0x90, 0x00, 0x00, 0x00, 0x00, 0xbf, 0xf8, 0x00, 0x00, 0x09,
    0xff, 0x90, 0x00, 0x00, 0x00, 0x08, 0xff, 0xb0, 0x00, 0x00, 0x09, 0xff, 0x90, 0x00, 0x00, 0x00,
    0x6f, 0xfe, 0x10, 0x00, 0x00, 0x09, 0xff, 0x90, 0x00, 0x00, 0x04, 0xff, 0xf2, 0x00, 0x00, 0x00,
    0x09, 0xff, 0x90, 0x00, 0x00, 0x3f, 0xff, 0x40, 0x00, 0x00, 0x00, 0x09, 0xff, 0x90, 0x00, 0x00,
    0xbf, 0xff, 0xff, 0xff, 0xff, 0xff, 0xff, 0xff, 0xff, 0xff, 0x30, 0xbf, 0xff, 0xff, 0xff, 0xff,
    0xff, 0xff, 0xff, 0xff, 0xff, 0x30, 0xaf, 0xff, 0xff, 0xff, 0xff, 0xff, 0xff, 0xff, 0xff, 0xff,
    0x30, 0x00, 0x00, 0x00, 0x00, 0x00, 0x00, 0x09, 0xff, 0x90, 0x00, 0x00, 0x00, 0x00, 0x00, 0x00,
    0x00, 0x00, 0x09, 0xff, 0x90, 0x00, 0x00, 0x00, 0x00, 0x00, 0x00, 0x00, 0x00, 0x09, 0xff, 0x90,
    0x00, 0x00, 0x00, 0x00, 0x00, 0x00, 0x00, 0x00, 0x09, 0xff, 0x90, 0x00, 0x00, 0x00, 0x00, 0x00,
    0x00, 0x00, 0x00, 0x09, 0xff, 0x90, 0x00, 0x00, 0x00, 0x00, 0x00, 0x00, 0x00, 0x00, 0x09, 0xff,
    0x90, 0x00, 0x00, 0x00, 0x00, 0x00, 0x00, 0x00, 0x00, 0x09, 0xff, 0x90, 0x00, 0x00, 0x00, 0x00,
    0x5f, 0xff, 0xff, 0xff, 0xff, 0xff, 0xfa, 0x00, 0x00, 0x00, 0x00, 0x6f, 0xff, 0xff, 0xff, 0xff,
    0xff, 0xfa, 0x00, 0x00, 0x00, 0x00, 0x7f, 0xff, 0xee, 0xee, 0xee, 0xee, 0xe9, 0x00, 0x00, 0x00,
    0x00, 0x8f, 0xf6, 0x00, 0x00, 0x00, 0x00, 0x00, 0x00, 0x00, 0x00, 0x00, 0x9f, 0xf5, 0x00, 0x00,
    0x00, 0x00, 0x00, 0x00, 0x00, 0x00, 0x00, 0xbf, 0xf4, 0x00, 0x00, 0x00, 0x00, 0x00, 0x00, 0x00,
    0x00, 0x00, 0xcf, 0xf3, 0x00, 0x00, 0x00, 0x00, 0x00, 0x00, 0x00, 0x00, 0x00, 0xdf, 0xf2, 0x00,
    0x00, 0x00, 0x00, 0x00, 0x00, 0x00, 0x00, 0x00, 0xef, 0xf1, 0x00, 0x00, 0x00, 0x00, 0x00, 0x00,
    0x00, 0x00, 0x00, 0xff, 0xf0, 0x00, 0x00, 0x00, 0x00, 0x00, 0x00, 0x00, 0x00, 0x00, 0xff, 0xe0,
    0x00, 0x00, 0x00, 0x00, 0x00, 0x00, 0x00, 0x00, 0x01, 0xff, 0xfe, 0xff, 0xed, 0xa6, 0x00, 0x00,
    0x00, 0x00, 0x00, 0x02, 0xff, 0xff, 0xff, 0xff, 0xff, 0xe7, 0x00, 0x00, 0x00, 0x00, 0x03, 0xfe,
    0xdd, 0xcd, 0xff, 0xff, 0xff, 0xa0, 0x00, 0x00, 0x00, 0x00, 0x00, 0x00, 0x00, 0x02, 0x8f, 0xff,
    0xf8, 0x00, 0x00, 0x00, 0x00, 0x00, 0x00, 0x00, 0x00, 0x02, 0xef, 0xff, 0x20, 0x00, 0x00, 0x00,
    0x00, 0x00, 0x00, 0x00, 0x00, 0x2f, 0xff, 0x70, 0x00, 0x00, 0x00, 0x00, 0x00, 0x00, 0x00, 0x00,
    0x0a, 0xff, 0xc0, 0x00, 0x00, 0x00, 0x00, 0x00, 0x00, 0x00, 0x00, 0x07, 0xff, 0xd0, 0x00, 0x00,
    0x00, 0x00, 0x00, 0x00, 0x00, 0x00, 0x06, 0xff, 0xe0, 0x00, 0x00, 0x00, 0x00, 0x00, 0x00, 0x00,
    0x00, 0x07, 0xff, 0xc0, 0x00, 0x00, 0x00, 0x00, 0x00, 0x00, 0x00, 0x00, 0x0b, 0xff, 0x90, 0x00,
    0x00, 0x00, 0x00, 0x00, 0x00, 0x00, 0x00, 0x3f, 0xff, 0x40, 0x00, 0x00, 0x09, 0x20, 0x00, 0x00,
    0x00, 0x02, 0xef, 0xfd, 0x00, 0x00, 0x00, 0x0c, 0xf9, 0x20, 0x00, 0x01, 0x7f, 0xff, 0xf3, 0x00,
    0x00, 0x00, 0x0c, 0xff, 0xfe, 0xcc, 0xdf, 0xff, 0xff, 0x40, 0x00, 0x00, 0x00, 0x0b, 0xff, 0xff,
    0xff, 0xff, 0xff, 0xb2, 0x00, 0x00, 0x00, 0x00, 0x00, 0x5a, 0xde, 0xff, 0xec, 0x83, 0x00, 0x00,
    0x00, 0x00, 0x00, 0x00, 0x00, 0x00, 0x02, 0x8c, 0xef, 0xfe, 0xb7, 0x00, 0x00, 0x00, 0x00, 0x00,
    0x00, 0x9f, 0xff, 0xff, 0xff, 0xff, 0x40, 0x00, 0x00, 0x00, 0x00, 0x2d, 0xff, 0xff, 0xdb, 0xce,
    0xff, 0x40, 0x00, 0x00, 0x00, 0x01, 0xef, 0xff, 0x71, 0x00, 0x00, 0x39, 0x30, 0x00, 0x00, 0x00,
    0x0d, 0xff, 0xd2, 0x00, 0x00, 0x00, 0x00, 0x00, 0x00, 0x00, 0x00, 0x6f, 0xfe, 0x20, 0x00, 0x00,
    0x00, 0x00, 0x00, 0x00, 0x00, 0x00, 0xef, 0xf5, 0x00, 0x00, 0x00, 0x00, 0x00, 0x00, 0x00, 0x00,
    0x06, 0xff, 0xc0, 0x00, 0x00, 0x00, 0x00, 0x00, 0x00, 0x00, 0x00, 0x0c, 0xff, 0x60, 0x00, 0x00,
    0x00, 0x00, 0x00, 0x00, 0x00, 0x00, 0x1f, 0xff, 0x10, 0x00, 0x00, 0x00, 0x00, 0x00, 0x00, 0x00,
    0x00, 0x4f, 0xfd, 0x00, 0x00, 0x00, 0x00, 0x00, 0x00, 0x00, 0x00, 0x00, 0x7f, 0xfa, 0x00, 0x4a,
    0xdf, 0xfd, 0x94, 0x00, 0x00, 0x00, 0x00, 0xaf, 0xf9, 0x1b, 0xff, 0xff, 0xff, 0xff, 0xb1, 0x00,
    0x00, 0x00, 0xbf, 0xf8, 0xcf, 0xff, 0xcb, 0xdf, 0xff, 0xfd, 0x10, 0x00, 0x00, 0xcf, 0xff, 0xff,
    0x60, 0x00, 0x02, 0xaf, 0xff, 0xb0, 0x00, 0x00, 0xdf, 0xff, 0xe2, 0x00, 0x00, 0x00, 0x09, 0xff,
    0xf3, 0x00, 0x00, 0xcf, 0xff, 0x50, 0x00, 0x00, 0x00, 0x00, 0xef, 0xf9, 0x00, 0x00, 0xbf, 0xfe,
    0x00, 0x00, 0x00, 0x00, 0x00, 0x9f, 0xfd, 0x00, 0x00, 0xaf, 0xfb, 0x00, 0x00, 0x00, 0x00, 0x00,
    0x6f, 0xfe, 0x00, 0x00, 0x7f, 0xfb, 0x00, 0x00, 0x00, 0x00, 0x00, 0x5f, 0xfe, 0x00, 0x00, 0x4f,
    0xfd, 0x00, 0x00, 0x00, 0x00, 0x00, 0x6f, 0xfd, 0x00, 0x00, 0x0f, 0xff, 0x20, 0x00, 0x00, 0x00,
    0x00, 0x9f, 0xfa, 0x00, 0x00, 0x0a, 0xff, 0xa0, 0x00, 0x00, 0x00, 0x01, 0xff, 0xf5, 0x00, 0x00,
    0x02, 0xff, 0xf5, 0x00, 0x00, 0x00, 0x0a, 0xff, 0xd0, 0x00, 0x00, 0x00, 0x8f, 0xff, 0x81, 0x00,
    0x02, 0xbf, 0xff, 0x40, 0x00, 0x00, 0x00, 0x0b, 0xff, 0xff, 0xdc, 0xef, 0xff, 0xf7, 0x00, 0x00,
    0x00, 0x00, 0x00, 0x9f, 0xff, 0xff, 0xff, 0xfe, 0x40, 0x00, 0x00, 0x00, 0x00, 0x00, 0x02, 0x8d,
    0xef, 0xeb, 0x60, 0x00, 0x00, 0x00, 0x01, 0xff, 0xff, 0xff, 0xff, 0xff, 0xff, 0xff, 0xff, 0xfb,
    0x00, 0x01, 0xff, 0xff, 0xff, 0xff, 0xff, 0xff, 0xff, 0xff, 0xfb, 0x00, 0x01, 0xee, 0xee, 0xee,
    0xee, 0xee, 0xee, 0xee, 0xff, 0xf5, 0x00, 0x00, 0x00, 0x00, 0x00, 0x00, 0x00, 0x00, 0x06, 0xff,
    0xc0, 0x00, 0x00, 0x00, 0x00, 0x00, 0x00, 0x00, 0x00, 0x0e, 0xff, 0x40, 0x00, 0x00, 0x00, 0x00,
    0x00, 0x00, 0x00, 0x00, 0x7f, 0xfb, 0x00, 0x00, 0x00, 0x00, 0x00, 0x00, 0x00, 0x00, 0x01, 0xff,
    0xf3, 0x00, 0x00, 0x00, 0x00, 0x00, 0x00, 0x00, 0x00, 0x08, 0xff, 0xb0, 0x00, 0x00, 0x00, 0x00,
    0x00, 0x00, 0x00, 0x00, 0x1f, 0xff, 0x30, 0x00, 0x00, 0x00, 0x00, 0x00, 0x00, 0x00, 0x00, 0x8f,
    0xfb, 0x00, 0x00, 0x00, 0x00, 0x00, 0x00, 0x00, 0x00, 0x01, 0xff, 0xf3, 0x00, 0x00, 0x00, 0x00,
    0x00, 0x00, 0x00, 0x00, 0x07, 0xff, 0xc0, 0x00, 0x00, 0x00, 0x00, 0x00, 0x00, 0x00, 0x00, 0x0e,
    0xff, 0x50, 0x00, 0x00, 0x00, 0x00, 0x00, 0x00, 0x00, 0x00, 0x5f, 0xfe, 0x00, 0x00, 0x00, 0x00,
    0x00, 0x00, 0x00, 0x00, 0x00, 0xcf, 0xf7, 0x00, 0x00, 0x00, 0x00, 0x00, 0x00, 0x00, 0x00, 0x02,
    0xff, 0xf1, 0x00, 0x00, 0x00, 0x00, 0x00, 0x00, 0x00, 0x00, 0x09, 0xff, 0xb0, 0x00, 0x00, 0x00,
    0x00, 0x00, 0x00, 0x00, 0x00, 0x0f, 0xff, 0x40, 0x00, 0x00, 0x00, 0x00, 0x00, 0x00, 0x00, 0x00,
    0x5f, 0xff, 0x00, 0x00, 0x00, 0x00, 0x00, 0x00, 0x00, 0x00, 0x00, 0xaf, 0xfa, 0x00, 0x00, 0x00,
    0x00, 0x00, 0x00, 0x00, 0x00, 0x00, 0xff, 0xf5, 0x00, 0x00, 0x00, 0x00, 0x00, 0x00, 0x00, 0x00,
    0x05, 0xff, 0xf0, 0x00, 0x00, 0x00, 0x00, 0x00, 0x00, 0x00, 0x00, 0x0a, 0xff, 0xb0, 0x00, 0x00,
    0x00, 0x00, 0x00, 0x00, 0x00, 0x00, 0x0e, 0xff, 0x70, 0x00, 0x00, 0x00, 0x00, 0x00, 0x00, 0x00,
    0x00, 0x2f, 0xff, 0x30, 0x00, 0x00, 0x00, 0x00, 0x00, 0x00, 0x00, 0x00, 0x6f, 0xff, 0x00, 0x00,
    0x00, 0x00, 0x00, 0x00, 0x00, 0x00, 0x00, 0x9f, 0xfd, 0x00, 0x00, 0x00, 0x00, 0x00, 0x00, 0x00,
    0x00, 0x00, 0xcf, 0xfa, 0x00, 0x00, 0x00, 0x00, 0x00, 0x00, 0x00, 0x00, 0x00, 0x05, 0xae, 0xff,
    0xd9, 0x30, 0x00, 0x00, 0x00, 0x00, 0x00, 0x03, 0xdf, 0xff, 0xff, 0xff, 0xfa, 0x10, 0x00, 0x00,
    0x00, 0x00, 0x4f, 0xff, 0xfe, 0xbc, 0xff, 0xff, 0xd1, 0x00, 0x00, 0x00, 0x01, 0xef, 0xfe, 0x50,
    0x00, 0x08, 0xff, 0xfa, 0x00, 0x00, 0x00, 0x08, 0xff, 0xf3, 0x00, 0x00, 0x00, 0x7f, 0xff, 0x30,
    0x00, 0x00, 0x0d, 0xff, 0x90, 0x00, 0x00, 0x00, 0x0d, 0xff, 0x80, 0x00, 0x00, 0x0f, 0xff, 0x50,
    0x00, 0x00, 0x00, 0x09, 0xff, 0xa0, 0x00, 0x00, 0x0f, 0xff, 0x40, 0x00, 0x00, 0x00, 0x08, 0xff,
    0xa0, 0x00, 0x00, 0x0d, 0xff, 0x60, 0x00, 0x00, 0x00, 0x0a, 0xff, 0x80, 0x00, 0x00, 0x08, 0xff,
    0xc0, 0x00, 0x00, 0x00, 0x2f, 0xff, 0x30, 0x00, 0x00, 0x01, 0xef, 0xf7, 0x00, 0x00, 0x00, 0xcf,
    0xfa, 0x00, 0x00, 0x00, 0x00, 0x3f, 0xff, 0xa3, 0x01, 0x5d, 0xff, 0xc0, 0x00, 0x00, 0x00, 0x00,
    0x03, 0xdf, 0xff, 0xff, 0xff, 0xfa, 0x10, 0x00, 0x00, 0x00, 0x00, 0x02, 0xaf, 0xff, 0xff, 0xff,
    0xf7, 0x00, 0x00, 0x00, 0x00, 0x00, 0x6f, 0xff, 0xfc, 0xaa, 0xdf, 0xff, 0xd2, 0x00, 0x00, 0x00,
    0x06, 0xff, 0xf9, 0x10, 0x00, 0x03, 0xcf, 0xfe, 0x20, 0x00, 0x00, 0x2f, 0xff, 0x80, 0x00, 0x00,
    0x00, 0x0c, 0xff, 0xc0, 0x00, 0x00, 0xaf, 0xfc, 0x00, 0x00, 0x00, 0x00, 0x02, 0xff, 0xf5, 0x00,
    0x00, 0xff, 0xf6, 0x00, 0x00, 0x00, 0x00, 0x00, 0xbf, 0xfa, 0x00, 0x02, 0xff, 0xf4, 0x00, 0x00,
    0x00, 0x00, 0x00, 0x8f, 0xfd, 0x00, 0x03, 0xff, 0xf4, 0x00, 0x00, 0x00, 0x00, 0x00, 0x8f, 0xfe,
    0x00, 0x01, 0xff, 0xf7, 0x00, 0x00, 0x00, 0x00, 0x00, 0xcf, 0xfc, 0x00, 0x00, 0xdf, 0xfd, 0x00,
    0x00, 0x00, 0x00, 0x02, 0xff, 0xf8, 0x00, 0x00, 0x7f, 0xff, 0x80, 0x00, 0x00, 0x00, 0x1d, 0xff,
    0xf2, 0x00, 0x00, 0x0d, 0xff, 0xfb, 0x30, 0x00, 0x06, 0xef, 0xff, 0x80, 0x00, 0x00, 0x01, 0xdf,
    0xff, 0xff, 0xde, 0xff, 0xff, 0xfa, 0x00, 0x00, 0x00, 0x00, 0x1a, 0xff, 0xff, 0xff, 0xff, 0xff,
    0x70, 0x00, 0x00, 0x00, 0x00, 0x00, 0x28, 0xce, 0xff, 0xea, 0x60, 0x00, 0x00, 0x00, 0x00, 0x00,
    0x00, 0x06, 0xbe, 0xfe, 0xd8, 0x20, 0x00, 0x00, 0x00, 0x00, 0x00, 0x05, 0xef, 0xff, 0xff, 0xff,
    0xf8, 0x00, 0x00, 0x00, 0x00, 0x00, 0x7f, 0xff, 0xfd, 0xbd, 0xff, 0xff, 0xa0, 0x00, 0x00, 0x00,
    0x05, 0xff, 0xfb, 0x20, 0x00, 0x2b, 0xff, 0xf7, 0x00, 0x00, 0x00, 0x0e, 0xff, 0xa0, 0x00, 0x00,
    0x00, 0xaf, 0xff, 0x10, 0x00, 0x00, 0x7f, 0xfe, 0x10, 0x00, 0x00, 0x00, 0x0e, 0xff, 0x70, 0x00,
    0x00, 0xcf, 0xf8, 0x00, 0x00, 0x00, 0x00, 0x07, 0xff, 0xc0, 0x00, 0x00, 0xff, 0xf4, 0x00, 0x00,
    0x00, 0x00, 0x02, 0xff, 0xf1, 0x00, 0x01, 0xff, 0xf2, 0x00, 0x00, 0x00, 0x00, 0x00, 0xff, 0xf4,
    0x00, 0x02, 0xff, 0xf2, 0x00, 0x00, 0x00, 0x00, 0x00, 0xdf, 0xf6, 0x00, 0x00, 0xff, 0xf4, 0x00,
    0x00, 0x00, 0x00, 0x00, 0xef, 0xf8, 0x00, 0x00, 0xef, 0xf8, 0x00, 0x00, 0x00, 0x00, 0x02, 0xff,
    0xf9, 0x00, 0x00, 0xaf, 0xfe, 0x10, 0x00, 0x00, 0x00, 0x09, 0xff, 0xf9, 0x00, 0x00, 0x3f, 0xff,
    0xb0, 0x00, 0x00, 0x00, 0x5f, 0xff, 0xf8, 0x00, 0x00, 0x0a, 0xff, 0xfc, 0x40, 0x00, 0x29, 0xff,
    0xdf, 0xf7, 0x00, 0x00, 0x00, 0xdf, 0xff, 0xff, 0xee, 0xff, 0xf8, 0xbf, 0xf6, 0x00, 0x00, 0x00,
    0x0a, 0xff, 0xff, 0xff, 0xff, 0x90, 0xbf, 0xf4, 0x00, 0x00, 0x00, 0x00, 0x39, 0xdf, 0xfd, 0x93,
    0x00, 0xef, 0xf1, 0x00, 0x00, 0x00, 0x00, 0x00, 0x00, 0x00, 0x00, 0x01, 0xff, 0xe0, 0x00, 0x00,
    0x00, 0x00, 0x00, 0x00, 0x00, 0x00, 0x05, 0xff, 0xa0, 0x00, 0x00, 0x00, 0x00, 0x00, 0x00, 0x00,
    0x00, 0x0b, 0xff, 0x50, 0x00, 0x00, 0x00, 0x00, 0x00, 0x00, 0x00, 0x00, 0x3f, 0xfe, 0x00, 0x00,
    0x00, 0x00, 0x00, 0x00, 0x00, 0x00, 0x00, 0xcf, 0xf6, 0x00, 0x00, 0x00, 0x00, 0x00, 0x00, 0x00,
    0x00, 0x0b, 0xff, 0xd0, 0x00, 0x00, 0x00, 0x08, 0x72, 0x00, 0x00, 0x16, 0xef, 0xfe, 0x20, 0x00,
    0x00, 0x00, 0x0a, 0xff, 0xec, 0xcd, 0xff, 0xff, 0xe3, 0x00, 0x00, 0x00, 0x00, 0x0a, 0xff, 0xff,
    0xff, 0xff, 0xfa, 0x10, 0x00, 0x00, 0x00, 0x00, 0x01, 0x6b, 0xde, 0xfe, 0xc8, 0x20, 0x00, 0x00,
    0x00, 0x00, 0x00, 0x2c, 0xfa, 0x00, 0x00, 0x00, 0xbf, 0xff, 0x70, 0x00, 0x00, 0xbf, 0xff, 0x70,
    0x00, 0x00, 0x2c, 0xfa, 0x00, 0x00, 0x00, 0x00, 0x00, 0x00, 0x00, 0x00, 0x00, 0x00, 0x00, 0x00,
    0x00, 0x00, 0x00, 0x00, 0x00, 0x00, 0x00, 0x00, 0x00, 0x00, 0x00, 0x00, 0x00, 0x00, 0x00, 0x00,
    0x00, 0x00, 0x00, 0x00, 0x00, 0x00, 0x00, 0x00, 0x00, 0x00, 0x00, 0x00, 0x00, 0x00, 0x00, 0x00,
    0x00, 0x00, 0x00, 0x00, 0x00, 0x00, 0x00, 0x00, 0x00, 0x00, 0x00, 0x00, 0x00, 0x00, 0x00, 0x00,
    0x00, 0x00, 0x00, 0x2c, 0xfa, 0x00, 0x00, 0x00, 0xbf, 0xff, 0x70, 0x00, 0x00, 0xbf, 0xff, 0x70,
    0x00, 0x00, 0x2c, 0xfa, 0x00, 0x00, 0x00, 0x2c, 0xfb, 0x00, 0x00, 0x00, 0xaf, 0xff, 0x70, 0x00,
    0x00, 0xaf, 0xff, 0x70, 0x00, 0x00, 0x1c, 0xfa, 0x00, 0x00, 0x00, 0x00, 0x00, 0x00, 0x00, 0x00,
    0x00, 0x00, 0x00, 0x00, 0x00, 0x00, 0x00, 0x00, 0x00, 0x00, 0x00, 0x00, 0x00, 0x00, 0x00, 0x00,
    0x00, 0x00, 0x00, 0x00, 0x00, 0x00, 0x00, 0x00, 0x00, 0x00, 0x00, 0x00, 0x00, 0x00, 0x00, 0x00,
    0x00, 0x00, 0x00, 0x00, 0x00, 0x00, 0x00, 0x00, 0x00, 0x00, 0x00, 0x00, 0x00, 0x00, 0x00, 0x00,
    0x00, 0x00, 0x00, 0x00, 0x00, 0x00, 0x00, 0x1f, 0xff, 0x00, 0x00, 0x00, 0x4f, 0xfb, 0x00, 0x00,
    0x00, 0x8f, 0xf6, 0x00, 0x00, 0x00, 0xcf, 0xf1, 0x00, 0x00, 0x00, 0xff, 0xc0, 0x00, 0x00, 0x03,
    0xff, 0x70, 0x00, 0x00, 0x07, 0xff, 0x20, 0x00, 0x00, 0x0a, 0xfd, 0x00, 0x00, 0x00, 0x0e, 0xf8,
    0x00, 0x00, 0x00, 0x1f, 0xf3, 0x00, 0x00, 0x00, 0x00, 0x00, 0x00, 0x00, 0x00, 0x00, 0x00, 0x00,
    0x00, 0x00, 0x2a, 0x10, 0x00, 0x00, 0x00, 0x00, 0x00, 0x00, 0x00, 0x00, 0x00, 0x00, 0x00, 0x08,
    0xff, 0x10, 0x00, 0x00, 0x00, 0x00, 0x00, 0x00, 0x00, 0x00, 0x00, 0x00, 0x06, 0xef, 0xff, 0x10,
    0x00, 0x00, 0x00, 0x00, 0x00, 0x00, 0x00, 0x00, 0x00, 0x04, 0xdf, 0xff, 0xc4, 0x00, 0x00, 0x00,
    0x00, 0x00, 0x00, 0x00, 0x00, 0x00, 0x02, 0xbf, 0xff, 0xe5, 0x00, 0x00, 0x00, 0x00, 0x00, 0x00,
    0x00, 0x00, 0x00, 0x01, 0x9f, 0xff, 0xf7, 0x00, 0x00, 0x00, 0x00, 0x00, 0x00, 0x00, 0x00, 0x00,
    0x00, 0x7f, 0xff, 0xf9, 0x10, 0x00, 0x00, 0x00, 0x00, 0x00, 0x00, 0x00, 0x00, 0x00, 0x6e, 0xff,
    0xfb, 0x20, 0x00, 0x00, 0x00, 0x00, 0x00, 0x00, 0x00, 0x00, 0x00, 0x4c, 0xff, 0xfc, 0x40, 0x00,
    0x00, 0x00, 0x00, 0x00, 0x00, 0x00, 0x00, 0x00, 0x08, 0xff, 0xfe, 0x50, 0x00, 0x00, 0x00, 0x00,
    0x00, 0x00, 0x00, 0x00, 0x00, 0x00, 0x08, 0xff, 0xff, 0x91, 0x00, 0x00, 0x00, 0x00, 0x00, 0x00,
    0x00, 0x00, 0x00, 0x00, 0x00, 0x2a, 0xff, 0xff, 0x92, 0x00, 0x00, 0x00, 0x00, 0x00, 0x00, 0x00,
    0x00, 0x00, 0x00, 0x00, 0x2a, 0xff, 0xff, 0xa2, 0x00, 0x00, 0x00, 0x00, 0x00, 0x00, 0x00, 0x00,
    0x00, 0x00, 0x00, 0x2a, 0xff, 0xff, 0xa2, 0x00, 0x00, 0x00, 0x00, 0x00, 0x00, 0x00, 0x00, 0x00,
    0x00, 0x00, 0x2a, 0xff, 0xff, 0xa3, 0x00, 0x00, 0x00, 0x00, 0x00, 0x00, 0x00, 0x00, 0x00, 0x00,
    0x00, 0x2a, 0xff, 0xff, 0xb3, 0x00, 0x00, 0x00, 0x00, 0x00, 0x00, 0x00, 0x00, 0x00, 0x00, 0x00,
    0x2a, 0xff, 0xff, 0x10, 0x00, 0x00, 0x00, 0x00, 0x00, 0x00, 0x00, 0x00, 0x00, 0x00, 0x00, 0x3b,
    0xff, 0x10, 0x00, 0x00, 0x00, 0x00, 0x00, 0x00, 0x00, 0x00, 0x00, 0x00, 0x00, 0x00, 0x3b, 0x10,
    0x00, 0x00, 0x00, 0x00, 0x00, 0x00, 0x00, 0x00, 0x00, 0x00, 0x00, 0x00, 0x00, 0x00, 0x00, 0x00,
    0x00, 0x00, 0x00, 0x00, 0x00, 0x00, 0x00, 0x00, 0x00, 0x00, 0x00, 0x00, 0x00, 0x00, 0x00, 0x00,
    0x7f, 0xff, 0xff, 0xff, 0xff, 0xff, 0xff, 0xff, 0xff, 0xe0, 0x00, 0x00, 0x00, 0x00, 0x7f, 0xff,
    0xff, 0xff, 0xff, 0xff, 0xff, 0xff, 0xff, 0xe0, 0x00, 0x00, 0x00, 0x00, 0x49, 0x99, 0x99, 0x99,
    0x99, 0x99, 0x99, 0x99, 0x99, 0x80, 0x00, 0x00, 0x00, 0x00, 0x00, 0x00, 0x00, 0x00, 0x00, 0x00,
    0x00, 0x00, 0x00, 0x00, 0x00, 0x00, 0x00, 0x00, 0x00, 0x00, 0x00, 0x00, 0x00, 0x00, 0x00, 0x00,
    0x00, 0x00, 0x00, 0x00, 0x00, 0x00, 0x00, 0x00, 0x00, 0x00, 0x00, 0x00, 0x00, 0x00, 0x00, 0x00,
    0x00, 0x00, 0x00, 0x00, 0x00, 0x00, 0x00, 0x00, 0x00, 0x00, 0x00, 0x00, 0x00, 0x00, 0x00, 0x00,
    0x00, 0x00, 0x00, 0x00, 0x00, 0x00, 0x00, 0x00, 0x00, 0x00, 0x00, 0x00, 0x00, 0x00, 0x00, 0x00,
    0x7f, 0xff, 0xff, 0xff, 0xff, 0xff, 0xff, 0xff, 0xff, 0xe0, 0x00, 0x00, 0x00, 0x00, 0x7f, 0xff,
    0xff, 0xff, 0xff, 0xff, 0xff, 0xff, 0xff, 0xe0, 0x00, 0x00, 0x00, 0x00, 0x49, 0x99, 0x99, 0x99,
    0x99, 0x99, 0x99, 0x99, 0x99, 0x80, 0x00, 0x00, 0x00, 0x00, 0x00, 0x00, 0x00, 0x00, 0x00, 0x00,
    0x00, 0x00, 0x00, 0x00, 0x00, 0x00, 0x00, 0x00, 0x00, 0x00, 0x00, 0x00, 0x00, 0x00, 0x00, 0x00,
    0x00, 0x00, 0x00, 0x00, 0x00, 0x00, 0x00, 0x00, 0x00, 0x00, 0x00, 0x00, 0x00, 0x00, 0x00, 0x00,
    0x00, 0x00, 0x00, 0x00, 0x00, 0x00, 0x00, 0x00, 0x00, 0x00, 0x00, 0x00, 0x00, 0x00, 0x00, 0x00,
    0x00, 0x00, 0x00, 0x00, 0x00, 0x00, 0x00, 0x00, 0x00, 0x00, 0x00, 0x00, 0x00, 0x00, 0x00, 0x00,
    0x00, 0x00, 0x00, 0x00, 0x00, 0x00, 0x00, 0x00, 0x00, 0x00, 0x00, 0x00, 0x00, 0x00, 0x08, 0x50,
    0x00, 0x00, 0x00, 0x00, 0x00, 0x00, 0x00, 0x00, 0x00, 0x00, 0x00, 0x00, 0x0b, 0xfc, 0x30, 0x00,
    0x00, 0x00, 0x00, 0x00, 0x00, 0x00, 0x00, 0x00, 0x00, 0x00, 0x0a, 0xff, 0xfa, 0x10, 0x00, 0x00,
    0x00, 0x00, 0x00, 0x00, 0x00, 0x00, 0x00, 0x00, 0x01, 0x9f, 0xff, 0xf8, 0x00, 0x00, 0x00, 0x00,
    0x00, 0x00, 0x00, 0x00, 0x00, 0x00, 0x00, 0x02, 0xaf, 0xff, 0xe6, 0x00, 0x00, 0x00, 0x00, 0x00,
    0x00, 0x00, 0x00, 0x00, 0x00, 0x00, 0x03, 0xcf, 0xff, 0xd4, 0x00, 0x00, 0x00, 0x00, 0x00, 0x00,
    0x00, 0x00, 0x00, 0x00, 0x00, 0x05, 0xdf, 0xff, 0xb2, 0x00, 0x00, 0x00, 0x00, 0x00, 0x00, 0x00,
    0x00, 0x00, 0x00, 0x00, 0x07, 0xef, 0xff, 0x91, 0x00, 0x00, 0x00, 0x00, 0x00, 0x00, 0x00, 0x00,
    0x00, 0x00, 0x00, 0x18, 0xff, 0xff, 0x70, 0x00, 0x00, 0x00, 0x00, 0x00, 0x00, 0x00, 0x00, 0x00,
    0x00, 0x00, 0x2a, 0xff, 0xfe, 0x10, 0x00, 0x00, 0x00, 0x00, 0x00, 0x00, 0x00, 0x00, 0x00, 0x00,
    0x5c, 0xff, 0xfd, 0x10, 0x00, 0x00, 0x00, 0x00, 0x00, 0x00, 0x00, 0x00, 0x00, 0x5d, 0xff, 0xfd,
    0x50, 0x00, 0x00, 0x00, 0x00, 0x00, 0x00, 0x00, 0x00, 0x00, 0x6d, 0xff, 0xfd, 0x60, 0x00, 0x00,
    0x00, 0x00, 0x00, 0x00, 0x00, 0x00, 0x00, 0x6e, 0xff, 0xfd, 0x60, 0x00, 0x00, 0x00, 0x00, 0x00,
    0x00, 0x00, 0x00, 0x00, 0x7e, 0xff, 0xfd, 0x60, 0x00, 0x00, 0x00, 0x00, 0x00, 0x00, 0x00, 0x00,
    0x00, 0x7e, 0xff, 0xfd, 0x60, 0x00, 0x00, 0x00, 0x00, 0x00, 0x00, 0x00, 0x00, 0x00, 0x0a, 0xff,
    0xfe, 0x60, 0x00, 0x00, 0x00, 0x00, 0x00, 0x00, 0x00, 0x00, 0x00, 0x00, 0x0b, 0xfe, 0x60, 0x00,
    0x00, 0x00, 0x00, 0x00, 0x00, 0x00, 0x00, 0x00, 0x00, 0x00, 0x09, 0x60, 0x00, 0x00, 0x00, 0x00,
    0x00, 0x00, 0x00, 0x00, 0x00, 0x00, 0x00, 0x00, 0x00, 0x00, 0x00, 0x00, 0x00, 0x00, 0x00, 0x00,
    0x00, 0x00, 0x00, 0x00, 0x00, 0x00, 0x00, 0x00, 0x00, 0x00, 0x00, 0x00, 0x00, 0x00, 0x00, 0x00,
    0x00, 0x00, 0x00, 0x00, 0x17, 0xbe, 0xff, 0xd9, 0x30, 0x00, 0x00, 0x00, 0x08, 0xff, 0xff, 0xff,
    0xff, 0xfb, 0x00, 0x00, 0x00, 0x6f, 0xff, 0xfd, 0xce, 0xff, 0xff, 0xc0, 0x00, 0x00, 0x7f, 0xe5,
    0x00, 0x00, 0x3b, 0xff, 0xf6, 0x00, 0x00, 0x7b, 0x00, 0x00, 0x00, 0x00, 0xcf, 0xfc, 0x00, 0x00,
    0x30, 0x00, 0x00, 0x00, 0x00, 0x5f, 0xfe, 0x00, 0x00, 0x00, 0x00, 0x00, 0x00, 0x00, 0x3f, 0xfe,
    0x00, 0x00, 0x00, 0x00, 0x00, 0x00, 0x00, 0x5f, 0xfb, 0x00, 0x00, 0x00, 0x00, 0x00, 0x00, 0x00,
    0xcf, 0xf6, 0x00, 0x00, 0x00, 0x00, 0x00, 0x00, 0x08, 0xff, 0xd0, 0x00, 0x00, 0x00, 0x00, 0x00,
    0x00, 0x6f, 0xfe, 0x20, 0x00, 0x00, 0x00, 0x00, 0x00, 0x07, 0xff, 0xf3, 0x00, 0x00, 0x00, 0x00,
    0x00, 0x00, 0x7f, 0xfe, 0x30, 0x00, 0x00, 0x00, 0x00, 0x00, 0x05, 0xff, 0xe2, 0x00, 0x00, 0x00,
    0x00, 0x00, 0x00, 0x1f, 0xff, 0x30, 0x00, 0x00, 0x00, 0x00, 0x00, 0x00, 0x9f, 0xf8, 0x00, 0x00,
    0x00, 0x00, 0x00, 0x00, 0x00, 0xdf, 0xf2, 0x00, 0x00, 0x00, 0x00, 0x00, 0x00, 0x00, 0xef, 0xf1,
    0x00, 0x00, 0x00, 0x00, 0x00, 0x00, 0x00, 0xcf, 0xf3, 0x00, 0x00, 0x00, 0x00, 0x00, 0x00, 0x00,
    0x9f, 0xf8, 0x00, 0x00, 0x00, 0x00, 0x00, 0x00, 0x00, 0x00, 0x00, 0x00, 0x00, 0x00, 0x00, 0x00,
    0x00, 0x00, 0x00, 0x00, 0x00, 0x00, 0x00, 0x00, 0x00, 0x00, 0x00, 0x00, 0x00, 0x00, 0x00, 0x00,
    0x00, 0x00, 0x00, 0x00, 0x00, 0x00, 0x00, 0x00, 0x00, 0x00, 0x00, 0x00, 0x00, 0x2c, 0xf9, 0x00,
    0x00, 0x00, 0x00, 0x00, 0x00, 0x00, 0xbf, 0xff, 0x50, 0x00, 0x00, 0x00, 0x00, 0x00, 0x00, 0xbf,
    0xff, 0x50, 0x00, 0x00, 0x00, 0x00, 0x00, 0x00, 0x2c, 0xf9, 0x00, 0x00, 0x00, 0x00, 0x00, 0x00,
    0x00, 0x00, 0x00, 0x00, 0x00, 0x48, 0xbe, 0xff, 0xed, 0xc8, 0x40, 0x00, 0x00, 0x00, 0x00, 0x00,
    0x00, 0x00, 0x00, 0x00, 0x00, 0x00, 0x01, 0x8e, 0xff, 0xff, 0xff, 0xff, 0xff, 0xff, 0x92, 0x00,
    0x00, 0x00, 0x00, 0x00, 0x00, 0x00, 0x00, 0x00, 0x00, 0x6f, 0xff, 0xfc, 0x85, 0x44, 0x56, 0x8c,
    0xff, 0xff, 0x90, 0x00, 0x00, 0x00, 0x00, 0x00, 0x00, 0x00, 0x00, 0x0b, 0xff, 0xf8, 0x10, 0x00,
    0x00, 0x00, 0x00, 0x07, 0xef, 0xfc, 0x20, 0x00, 0x00, 0x00, 0x00, 0x00, 0x00, 0x01, 0xcf, 0xfc,
    0x20, 0x00, 0x00, 0x00, 0x00, 0x00, 0x00, 0x09, 0xff, 0xe2, 0x00, 0x00, 0x00, 0x00, 0x00, 0x00,
    0x0c, 0xff, 0xa0, 0x00, 0x00, 0x00, 0x00, 0x00, 0x00, 0x00, 0x00, 0x6f, 0xfe, 0x10, 0x00, 0x00,
    0x00, 0x00, 0x00, 0x9f, 0xfa, 0x00, 0x00, 0x00, 0x00, 0x00, 0x00, 0x00, 0x00, 0x00, 0x07, 0xff,
    0xb0, 0x00, 0x00, 0x00, 0x00, 0x03, 0xff, 0xd0, 0x00, 0x00, 0x00, 0x00, 0x00, 0x00, 0x00, 0x00,
    0x00, 0x00, 0xbf, 0xf5, 0x00, 0x00, 0x00, 0x00, 0x0c, 0xff, 0x20, 0x00, 0x00, 0x01, 0x7c, 0xef,
    0xd6, 0x08, 0xfe, 0x00, 0x00, 0x2f, 0xfc, 0x00, 0x00, 0x00, 0x00, 0x4f, 0xfa, 0x00, 0x00, 0x00,
    0x5e, 0xff, 0xff, 0xff, 0x9a, 0xfc, 0x00, 0x00, 0x0a, 0xff, 0x20, 0x00, 0x00, 0x00, 0xaf, 0xf2,
    0x00, 0x00, 0x05, 0xff, 0xfa, 0x55, 0x7e, 0xfe, 0xfb, 0x00, 0x00, 0x05, 0xff, 0x70, 0x00, 0x00,
    0x00, 0xff, 0xc0, 0x00, 0x00, 0x2f, 0xff, 0x30, 0x00, 0x01, 0xef, 0xf9, 0x00, 0x00, 0x01, 0xff,
    0xa0, 0x00, 0x00, 0x03, 0xff, 0x80, 0x00, 0x00, 0xbf, 0xf5, 0x00, 0x00, 0x00, 0x7f, 0xf8, 0x00,
    0x00, 0x00, 0xef, 0xc0, 0x00, 0x00, 0x06, 0xff, 0x40, 0x00, 0x02, 0xff, 0xc0, 0x00, 0x00, 0x00,
    0x5f, 0xf7, 0x00, 0x00, 0x00, 0xdf, 0xe0, 0x00, 0x00, 0x08, 0xff, 0x20, 0x00, 0x07, 0xff, 0x50,
    0x00, 0x00, 0x00, 0x3f, 0xf5, 0x00, 0x00, 0x00, 0xcf, 0xe0, 0x00, 0x00, 0x09, 0xff, 0x10, 0x00,
    0x0a, 0xff, 0x10, 0x00, 0x00, 0x00, 0x4f, 0xf4, 0x00, 0x00, 0x00, 0xdf, 0xd0, 0x00, 0x00, 0x0a,
    0xff, 0x00, 0x00, 0x0c, 0xfe, 0x00, 0x00, 0x00, 0x00, 0x6f, 0xf2, 0x00, 0x00, 0x00, 0xef, 0xc0,
    0x00, 0x00, 0x09, 0xff, 0x10, 0x00, 0x0e, 0xfd, 0x00, 0x00, 0x00, 0x00, 0x8f, 0xf1, 0x00, 0x00,
    0x01, 0xff, 0x90, 0x00, 0x00, 0x08, 0xff, 0x30, 0x00, 0x0d, 0xfe, 0x00, 0x00, 0x00, 0x00, 0xdf,
    0xf0, 0x00, 0x00, 0x05, 0xff, 0x50, 0x00, 0x00, 0x06, 0xff, 0x50, 0x00, 0x0c, 0xff, 0x00, 0x00,
    0x00, 0x03, 0xff, 0xf0, 0x00, 0x00, 0x0b, 0xff, 0x00, 0x00, 0x00, 0x03, 0xff, 0x90, 0x00, 0x09,
    0xff, 0x50, 0x00, 0x00, 0x0b, 0xef, 0xf2, 0x00, 0x00, 0x3f, 0xf8, 0x00, 0x00, 0x00, 0x00, 0xff,
    0xd0, 0x00, 0x03, 0xff, 0xd1, 0x00, 0x00, 0x8f, 0x6f, 0xf8, 0x00, 0x02, 0xef, 0xe0, 0x00, 0x00,
    0x00, 0x00, 0xaf, 0xf4, 0x00, 0x00, 0xaf, 0xfd, 0x74, 0x6c, 0xfb, 0x0e, 0xff, 0x74, 0x7e, 0xff,
    0x30, 0x00, 0x00, 0x00, 0x00, 0x3f, 0xfc, 0x00, 0x00, 0x1c, 0xff, 0xff, 0xff, 0xd1, 0x07, 0xff,
    0xff, 0xff, 0xe3, 0x00, 0x00, 0x00, 0x00, 0x00, 0x0b, 0xff, 0x60, 0x00, 0x00, 0x6c, 0xff, 0xd7,
    0x00, 0x00, 0x6c, 0xff, 0xc7, 0x10, 0x00, 0x00, 0x00, 0x00, 0x00, 0x02, 0xff, 0xf3, 0x00, 0x00,
    0x00, 0x00, 0x00, 0x00, 0x00, 0x00, 0x00, 0x00, 0x00, 0x00, 0x00, 0x00, 0x00, 0x00, 0x00, 0x6f,
    0xfe, 0x30, 0x00, 0x00, 0x00, 0x00, 0x00, 0x00, 0x00, 0x00, 0x00, 0x00, 0x00, 0x00, 0x00, 0x00,
    0x00, 0x00, 0x07, 0xff, 0xf6, 0x00, 0x00, 0x00, 0x00, 0x00, 0x00, 0x00, 0x01, 0x00, 0x00, 0x00,
    0x00, 0x00, 0x00, 0x00, 0x00, 0x00, 0x6f, 0xff, 0xd5, 0x00, 0x00, 0x00, 0x00, 0x00, 0x04, 0xb9,
    0x00, 0x00, 0x00, 0x00, 0x00, 0x00, 0x00, 0x00, 0x00, 0x03, 0xdf, 0xff, 0xfb, 0x86, 0x54, 0x56,
    0x8b, 0xff, 0xf9, 0x00, 0x00, 0x00, 0x00, 0x00, 0x00, 0x00, 0x00, 0x00, 0x00, 0x06, 0xdf, 0xff,
    0xff, 0xff, 0xff, 0xff, 0xff, 0xd4, 0x00, 0x00, 0x00, 0x00, 0x00, 0x00, 0x00, 0x00, 0x00, 0x00,
    0x00, 0x02, 0x7a, 0xde, 0xff, 0xfe, 0xca, 0x62, 0x00, 0x00, 0x00, 0x00, 0x00, 0x00, 0x00, 0x00,
    0x00, 0x00, 0x00, 0x0f, 0xff, 0xc0, 0x00, 0x00, 0x00, 0x00, 0x00, 0x00, 0x00, 0x00, 0x00, 0x00,
    0x6f, 0xff, 0xf2, 0x00, 0x00, 0x00, 0x00, 0x00, 0x00, 0x00, 0x00, 0x00, 0x00, 0xcf, 0xff, 0xf8,
    0x00, 0x00, 0x00, 0x00, 0x00, 0x00, 0x00, 0x00, 0x00, 0x02, 0xff, 0xbf, 0xfe, 0x00, 0x00, 0x00,
    0x00, 0x00, 0x00, 0x00, 0x00, 0x00, 0x08, 0xff, 0x7d, 0xff, 0x40, 0x00, 0x00, 0x00, 0x00, 0x00,
    0x00, 0x00, 0x00, 0x0e, 0xff, 0x18, 0xff, 0xb0, 0x00, 0x00, 0x00, 0x00, 0x00, 0x00, 0x00, 0x00,
    0x4f, 0xfc, 0x02, 0xff, 0xf1, 0x00, 0x00, 0x00, 0x00, 0x00, 0x00, 0x00, 0x00, 0xbf, 0xf6, 0x00,
    0xcf, 0xf7, 0x00, 0x00, 0x00, 0x00, 0x00, 0x00, 0x00, 0x01, 0xff, 0xf1, 0x00, 0x6f, 0xfd, 0x00,
    0x00, 0x00, 0x00, 0x00, 0x00, 0x00, 0x07, 0xff, 0xa0, 0x00, 0x1f, 0xff, 0x30, 0x00, 0x00, 0x00,
    0x00, 0x00, 0x00, 0x0d, 0xff, 0x40, 0x00, 0x0b, 0xff, 0x90, 0x00, 0x00, 0x00, 0x00, 0x00, 0x00,
    0x3f, 0xfe, 0x00, 0x00, 0x05, 0xff, 0xf0, 0x00, 0x00, 0x00, 0x00, 0x00, 0x00, 0x9f, 0xf9, 0x00,
    0x00, 0x00, 0xef, 0xf6, 0x00, 0x00, 0x00, 0x00, 0x00, 0x00, 0xff, 0xf3, 0x00, 0x00, 0x00, 0x9f,
    0xfc, 0x00, 0x00, 0x00, 0x00, 0x00, 0x06, 0xff, 0xd0, 0x00, 0x00, 0x00, 0x3f, 0xff, 0x20, 0x00,
    0x00, 0x00, 0x00, 0x0c, 0xff, 0x80, 0x00, 0x00, 0x00, 0x0d, 0xff, 0x80, 0x00, 0x00, 0x00, 0x00,
    0x2f, 0xff, 0x20, 0x00, 0x00, 0x00, 0x08, 0xff, 0xe0, 0x00, 0x00, 0x00, 0x00, 0x8f, 0xff, 0xff,
    0xff, 0xff, 0xff, 0xff, 0xff, 0xf5, 0x00, 0x00, 0x00, 0x00, 0xef, 0xff, 0xff, 0xff, 0xff, 0xff,
    0xff, 0xff, 0xfb, 0x00, 0x00, 0x00, 0x04, 0xff, 0xff, 0xff, 0xff, 0xff, 0xff, 0xff, 0xff, 0xff,
    0x10, 0x00, 0x00, 0x0a, 0xff, 0xa0, 0x00, 0x00, 0x00, 0x00, 0x00, 0x1f, 0xff, 0x70, 0x00, 0x00,
    0x1f, 0xff, 0x50, 0x00, 0x00, 0x00, 0x00, 0x00, 0x0a, 0xff, 0xd0, 0x00, 0x00, 0x7f, 0xff, 0x00,
    0x00, 0x00, 0x00, 0x00, 0x00, 0x05, 0xff, 0xf3, 0x00, 0x00, 0xdf, 0xfa, 0x00, 0x00, 0x00, 0x00,
    0x00, 0x00, 0x00, 0xef, 0xfa, 0x00, 0x03, 0xff, 0xf4, 0x00, 0x00, 0x00, 0x00, 0x00, 0x00, 0x00,
    0x9f, 0xff, 0x00, 0x09, 0xff, 0xe0, 0x00, 0x00, 0x00, 0x00, 0x00, 0x00, 0x00, 0x3f, 0xff, 0x60,
    0x0f, 0xff, 0x90, 0x00, 0x00, 0x00, 0x00, 0x00, 0x00, 0x00, 0x0d, 0xff, 0xc0, 0x5f, 0xff, 0x40,
    0x00, 0x00, 0x00, 0x00, 0x00, 0x00, 0x00, 0x07, 0xff, 0xf2, 0x00, 0x05, 0xff, 0xff, 0xff, 0xff,
    0xfd, 0xa4, 0x00, 0x00, 0x00, 0x00, 0x00, 0x05, 0xff, 0xff, 0xff, 0xff, 0xff, 0xff, 0xc2, 0x00,
    0x00, 0x00, 0x00, 0x05, 0xff, 0xff, 0xff, 0xff, 0xff, 0xff, 0xfe, 0x20, 0x00, 0x00, 0x00, 0x05,
    0xff, 0xf0, 0x00, 0x00, 0x25, 0xdf, 0xff, 0xc0, 0x00, 0x00, 0x00, 0x05, 0xff, 0xf0, 0x00, 0x00,
    0x00, 0x0b, 0xff, 0xf3, 0x00, 0x00, 0x00, 0x05, 0xff, 0xf0, 0x00, 0x00, 0x00, 0x02, 0xff, 0xf7,
    0x00, 0x00, 0x00, 0x05, 0xff, 0xf0, 0x00, 0x00, 0x00, 0x00, 0xff, 0xf8, 0x00, 0x00, 0x00, 0x05,
    0xff, 0xf0, 0x00, 0x00, 0x00, 0x00, 0xff, 0xf7, 0x00, 0x00, 0x00, 0x05, 0xff, 0xf0, 0x00, 0x00,
    0x00, 0x01, 0xff, 0xf3, 0x00, 0x00, 0x00, 0x05, 0xff, 0xf0, 0x00, 0x00, 0x00, 0x08, 0xff, 0xd0,
    0x00, 0x00, 0x00, 0x05, 0xff, 0xf0, 0x00, 0x00, 0x00, 0x4f, 0xff, 0x40, 0x00, 0x00, 0x00, 0x05,
    0xff, 0xf0, 0x00, 0x01, 0x4a, 0xff, 0xf5, 0x00, 0x00, 0x00, 0x00, 0x05, 0xff, 0xff, 0xff, 0xff,
    0xff, 0xfb, 0x20, 0x00, 0x00, 0x00, 0x00, 0x05, 0xff, 0xff, 0xff, 0xff, 0xff, 0xfb, 0x71, 0x00,
    0x00, 0x00, 0x00, 0x05, 0xff, 0xff, 0xff, 0xff, 0xff, 0xff, 0xff, 0x50, 0x00, 0x00, 0x00, 0x05,
    0xff, 0xf0, 0x00, 0x00, 0x13, 0x8f, 0xff, 0xf6, 0x00, 0x00, 0x00, 0x05, 0xff, 0xf0, 0x00, 0x00,
    0x00, 0x01, 0xcf, 0xff, 0x10, 0x00, 0x00, 0x05, 0xff, 0xf0, 0x00, 0x00, 0x00, 0x00, 0x2f, 0xff,
    0x80, 0x00, 0x00, 0x05, 0xff, 0xf0, 0x00, 0x00, 0x00, 0x00, 0x0b, 0xff, 0xc0, 0x00, 0x00, 0x05,
    0xff, 0xf0, 0x00, 0x00, 0x00, 0x00, 0x08, 0xff, 0xe0, 0x00, 0x00, 0x05, 0xff, 0xf0, 0x00, 0x00,
    0x00, 0x00, 0x09, 0xff, 0xd0, 0x00, 0x00, 0x05, 0xff, 0xf0, 0x00, 0x00, 0x00, 0x00, 0x0c, 0xff,
    0xc0, 0x00, 0x00, 0x05, 0xff, 0xf0, 0x00, 0x00, 0x00, 0x00, 0x2f, 0xff, 0x70, 0x00, 0x00, 0x05,
    0xff, 0xf0, 0x00, 0x00, 0x00, 0x01, 0xdf, 0xff, 0x20, 0x00, 0x00, 0x05, 0xff, 0xf0, 0x00, 0x00,
    0x03, 0x8f, 0xff, 0xf7, 0x00, 0x00, 0x00, 0x05, 0xff, 0xff, 0xff, 0xff, 0xff, 0xff, 0xff, 0x90,
    0x00, 0x00, 0x00, 0x05, 0xff, 0xff, 0xff, 0xff, 0xff, 0xff, 0xe6, 0x00, 0x00, 0x00, 0x00, 0x05,
    0xff, 0xff, 0xff, 0xff, 0xfd, 0xa6, 0x00, 0x00, 0x00, 0x00, 0x00, 0x00, 0x00, 0x00, 0x00, 0x04,
    0x8c, 0xdf, 0xfe, 0xda, 0x61, 0x00, 0x00, 0x00, 0x00, 0x00, 0x00, 0x07, 0xff, 0xff, 0xff, 0xff,
    0xff, 0xff, 0x70, 0x00, 0x00, 0x00, 0x00, 0x04, 0xef, 0xff, 0xff, 0xff, 0xff, 0xff, 0xff, 0xb0,
    0x00, 0x00, 0x00, 0x00, 0x7f, 0xff, 0xfd, 0x84, 0x10, 0x01, 0x37, 0xdf, 0xb0, 0x00, 0x00, 0x00,
    0x08, 0xff, 0xfe, 0x60, 0x00, 0x00, 0x00, 0x00, 0x04, 0x90, 0x00, 0x00, 0x00, 0x5f, 0xff, 0xd2,
    0x00, 0x00, 0x00, 0x00, 0x00, 0x00, 0x00, 0x00, 0x00, 0x01, 0xff, 0xfd, 0x10, 0x00, 0x00, 0x00,
    0x00, 0x00, 0x00, 0x00, 0x00, 0x00, 0x09, 0xff, 0xf3, 0x00, 0x00, 0x00, 0x00, 0x00, 0x00, 0x00,
    0x00, 0x00, 0x00, 0x1f, 0xff, 0x90, 0x00, 0x00, 0x00, 0x00, 0x00, 0x00, 0x00, 0x00, 0x00, 0x00,
    0x6f, 0xff, 0x20, 0x00, 0x00, 0x00, 0x00, 0x00, 0x00, 0x00, 0x00, 0x00, 0x00, 0xaf, 0xfd, 0x00,
    0x00, 0x00, 0x00, 0x00, 0x00, 0x00, 0x00, 0x00, 0x00, 0x00, 0xef, 0xf8, 0x00, 0x00, 0x00, 0x00,
    0x00, 0x00, 0x00, 0x00, 0x00, 0x00, 0x00, 0xff, 0xf6, 0x00, 0x00, 0x00, 0x00, 0x00, 0x00, 0x00,
    0x00, 0x00, 0x00, 0x01, 0xff, 0xf5, 0x00, 0x00, 0x00, 0x00, 0x00, 0x00, 0x00, 0x00, 0x00, 0x00,
    0x02, 0xff, 0xf4, 0x00, 0x00, 0x00, 0x00, 0x00, 0x00, 0x00, 0x00, 0x00, 0x00, 0x01, 0xff, 0xf5,
    0x00, 0x00, 0x00, 0x00, 0x00, 0x00, 0x00, 0x00, 0x00, 0x00, 0x00, 0xff, 0xf7, 0x00, 0x00, 0x00,
    0x00, 0x00, 0x00, 0x00, 0x00, 0x00, 0x00, 0x00, 0xef, 0xfa, 0x00, 0x00, 0x00, 0x00, 0x00, 0x00,
    0x00, 0x00, 0x00, 0x00, 0x00, 0xaf, 0xfe, 0x00, 0x00, 0x00, 0x00, 0x00, 0x00, 0x00, 0x00, 0x00,
    0x00, 0x00, 0x6f, 0xff, 0x50, 0x00, 0x00, 0x00, 0x00, 0x00, 0x00, 0x00, 0x00, 0x00, 0x00, 0x1f,
    0xff, 0xd0, 0x00, 0x00, 0x00, 0x00, 0x00, 0x00, 0x00, 0x00, 0x00, 0x00, 0x08, 0xff, 0xf9, 0x00,
    0x00, 0x00, 0x00, 0x00, 0x00, 0x00, 0x00, 0x00, 0x00, 0x01, 0xef, 0xff, 0x80, 0x00, 0x00, 0x00,
    0x00, 0x00, 0x00, 0x00, 0x00, 0x00, 0x00, 0x3f, 0xff, 0xfa, 0x20, 0x00, 0x00, 0x00, 0x00, 0x05,
    0x90, 0x00, 0x00, 0x00, 0x05, 0xff, 0xff, 0xfa, 0x51, 0x00, 0x01, 0x48, 0xdf, 0xb0, 0x00, 0x00,
    0x00, 0x00, 0x3e, 0xff, 0xff, 0xff, 0xff, 0xff, 0xff, 0xff, 0xb0, 0x00, 0x00, 0x00, 0x00, 0x00,
    0x7f, 0xff, 0xff, 0xff, 0xff, 0xff, 0xfc, 0x40, 0x00, 0x00, 0x00, 0x00, 0x00, 0x00, 0x59, 0xce,
    0xff, 0xed, 0xa7, 0x20, 0x00, 0x00, 0x00, 0x05, 0xff, 0xff, 0xff, 0xff, 0xed, 0xca, 0x73, 0x00,
    0x00, 0x00, 0x00, 0x00, 0x00, 0x05, 0xff, 0xff, 0xff, 0xff, 0xff, 0xff, 0xff, 0xe7, 0x10, 0x00,
    0x00, 0x00, 0x00, 0x05, 0xff, 0xff, 0xff, 0xff, 0xff, 0xff, 0xff, 0xff, 0xe4, 0x00, 0x00, 0x00,
    0x00, 0x05, 0xff, 0xf0, 0x00, 0x00, 0x01, 0x37, 0xbf, 0xff, 0xff, 0x80, 0x00, 0x00, 0x00, 0x05,
    0xff, 0xf0, 0x00, 0x00, 0x00, 0x00, 0x02, 0xaf, 0xff, 0xf6, 0x00, 0x00, 0x00, 0x05, 0xff, 0xf0,
    0x00, 0x00, 0x00, 0x00, 0x00, 0x05, 0xff, 0xff, 0x30, 0x00, 0x00, 0x05, 0xff, 0xf0, 0x00, 0x00,
    0x00, 0x00, 0x00, 0x00, 0x6f, 0xff, 0xb0, 0x00, 0x00, 0x05, 0xff, 0xf0, 0x00, 0x00, 0x00, 0x00,
    0x00, 0x00, 0x0a, 0xff, 0xf3, 0x00, 0x00, 0x05, 0xff, 0xf0, 0x00, 0x00, 0x00, 0x00, 0x00, 0x00,
    0x03, 0xff, 0xf7, 0x00, 0x00, 0x05, 0xff, 0xf0, 0x00, 0x00, 0x00, 0x00, 0x00, 0x00, 0x00, 0xdf,
    0xfb, 0x00, 0x00, 0x05, 0xff, 0xf0, 0x00, 0x00, 0x00, 0x00, 0x00, 0x00, 0x00, 0x9f, 0xff, 0x00,
    0x00, 0x05, 0xff, 0xf0, 0x00, 0x00, 0x00, 0x00, 0x00, 0x00, 0x00, 0x6f, 0xff, 0x00, 0x00, 0x05,
    0xff, 0xf0, 0x00, 0x00, 0x00, 0x00, 0x00, 0x00, 0x00, 0x4f, 0xff, 0x20, 0x00, 0x05, 0xff, 0xf0,
    0x00, 0x00, 0x00, 0x00, 0x00, 0x00, 0x00, 0x3f, 0xff, 0x30, 0x00, 0x05, 0xff, 0xf0, 0x00, 0x00,
    0x00, 0x00, 0x00, 0x00, 0x00, 0x4f, 0xff, 0x20, 0x00, 0x05, 0xff, 0xf0, 0x00, 0x00, 0x00, 0x00,
    0x00, 0x00, 0x00, 0x5f, 0xff, 0x10, 0x00, 0x05, 0xff, 0xf0, 0x00, 0x00, 0x00, 0x00, 0x00, 0x00,
    0x00, 0x7f, 0xff, 0x00, 0x00, 0x05, 0xff, 0xf0, 0x00, 0x00, 0x00, 0x00, 0x00, 0x00, 0x00, 0xbf,
    0xfc, 0x00, 0x00, 0x05, 0xff, 0xf0, 0x00, 0x00, 0x00, 0x00, 0x00, 0x00, 0x00, 0xff, 0xf8, 0x00,
    0x00, 0x05, 0xff, 0xf0, 0x00, 0x00, 0x00, 0x00, 0x00, 0x00, 0x07, 0xff, 0xf2, 0x00, 0x00, 0x05,
    0xff, 0xf0, 0x00, 0x00, 0x00, 0x00, 0x00, 0x00, 0x1e, 0xff, 0xb0, 0x00, 0x00, 0x05, 0xff, 0xf0,
    0x00, 0x00, 0x00, 0x00, 0x00, 0x00, 0xcf, 0xff, 0x20, 0x00, 0x00, 0x05, 0xff, 0xf0, 0x00, 0x00,
    0x00, 0x00, 0x00, 0x1b, 0xff, 0xf7, 0x00, 0x00, 0x00, 0x05, 0xff, 0xf0, 0x00, 0x00, 0x00, 0x00,
    0x06, 0xef, 0xff, 0xa0, 0x00, 0x00, 0x00, 0x05, 0xff, 0xf0, 0x00, 0x00, 0x12, 0x59, 0xef, 0xff,
    0xf8, 0x00, 0x00, 0x00, 0x00, 0x05, 0xff, 0xff, 0xff, 0xff, 0xff, 0xff, 0xff, 0xfe, 0x40, 0x00,
    0x00, 0x00, 0x00, 0x05, 0xff, 0xff, 0xff, 0xff, 0xff, 0xff, 0xfe, 0x70, 0x00, 0x00, 0x00, 0x00,
    0x00, 0x05, 0xff, 0xff, 0xff, 0xff, 0xed, 0xb7, 0x30, 0x00, 0x00, 0x00, 0x00, 0x00, 0x00, 0x05,
    0xff, 0xff, 0xff, 0xff, 0xff, 0xff, 0xfe, 0x00, 0x00, 0x05, 0xff, 0xff, 0xff, 0xff, 0xff, 0xff,
    0xfe, 0x00, 0x00, 0x05, 0xff, 0xff, 0xff, 0xff, 0xff, 0xff, 0xfd, 0x00, 0x00, 0x05, 0xff, 0xf0,
    0x00, 0x00, 0x00, 0x00, 0x00, 0x00, 0x00, 0x05, 0xff, 0xf0, 0x00, 0x00, 0x00, 0x00, 0x00, 0x00,
    0x00, 0x05, 0xff, 0xf0, 0x00, 0x00, 0x00, 0x00, 0x00, 0x00, 0x00, 0x05, 0xff, 0xf0, 0x00, 0x00,
    0x00, 0x00, 0x00, 0x00, 0x00, 0x05, 0xff, 0xf0, 0x00, 0x00, 0x00, 0x00, 0x00, 0x00, 0x00, 0x05,
    0xff, 0xf0, 0x00, 0x00, 0x00, 0x00, 0x00, 0x00, 0x00, 0x05, 0xff, 0xf0, 0x00, 0x00, 0x00, 0x00,
    0x00, 0x00, 0x00, 0x05, 0xff, 0xf0, 0x00, 0x00, 0x00, 0x00, 0x00, 0x00, 0x00, 0x05, 0xff, 0xf0,
    0x00, 0x00, 0x00, 0x00, 0x00, 0x00, 0x00, 0x05, 0xff, 0xff, 0xff, 0xff, 0xff, 0xff, 0xf1, 0x00,
    0x00, 0x05, 0xff, 0xff, 0xff, 0xff, 0xff, 0xff, 0xf1, 0x00, 0x00, 0x05, 0xff, 0xff, 0xff, 0xff,
    0xff, 0xff, 0xf1, 0x00, 0x00, 0x05, 0xff, 0xf0, 0x00, 0x00, 0x00, 0x00, 0x00, 0x00, 0x00, 0x05,
    0xff, 0xf0, 0x00, 0x00, 0x00, 0x00, 0x00, 0x00, 0x00, 0x05, 0xff, 0xf0, 0x00, 0x00, 0x00, 0x00,
    0x00, 0x00, 0x00, 0x05, 0xff, 0xf0, 0x00, 0x00, 0x00, 0x00, 0x00, 0x00, 0x00, 0x05, 0xff, 0xf0,
    0x00, 0x00, 0x00, 0x00, 0x00, 0x00, 0x00, 0x05, 0xff, 0xf0, 0x00, 0x00, 0x00, 0x00, 0x00, 0x00,
    0x00, 0x05, 0xff, 0xf0, 0x00, 0x00, 0x00, 0x00, 0x00, 0x00, 0x00, 0x05, 0xff, 0xf0, 0x00, 0x00,
    0x00, 0x00, 0x00, 0x00, 0x00, 0x05, 0xff, 0xf0, 0x00, 0x00, 0x00, 0x00, 0x00, 0x00, 0x00, 0x05,
    0xff, 0xf0, 0x00, 0x00, 0x00, 0x00, 0x00, 0x00, 0x00, 0x05, 0xff, 0xff, 0xff, 0xff, 0xff, 0xff,
    0xff, 0x70, 0x00, 0x05, 0xff, 0xff, 0xff, 0xff, 0xff, 0xff, 0xff, 0x80, 0x00, 0x05, 0xff, 0xff,
    0xff, 0xff, 0xff, 0xff, 0xff, 0x80, 0x00, 0x05, 0xff, 0xff, 0xff, 0xff, 0xff, 0xff, 0xfe, 0x00,
    0x00, 0x05, 0xff, 0xff, 0xff, 0xff, 0xff, 0xff, 0xfe, 0x00, 0x00, 0x05, 0xff, 0xff, 0xff, 0xff,
    0xff, 0xff, 0xfd, 0x00, 0x00, 0x05, 0xff, 0xf0, 0x00, 0x00, 0x00, 0x00, 0x00, 0x00, 0x00, 0x05,
    0xff, 0xf0, 0x00, 0x00, 0x00, 0x00, 0x00, 0x00, 0x00, 0x05, 0xff, 0xf0, 0x00, 0x00, 0x00, 0x00,
    0x00, 0x00, 0x00, 0x05, 0xff, 0xf0, 0x00, 0x00, 0x00, 0x00, 0x00, 0x00, 0x00, 0x05, 0xff, 0xf0,
    0x00, 0x00, 0x00, 0x00, 0x00, 0x00, 0x00, 0x05, 0xff, 0xf0, 0x00, 0x00, 0x00, 0x00, 0x00, 0x00,
    0x00, 0x05, 0xff, 0xf0, 0x00, 0x00, 0x00, 0x00, 0x00, 0x00, 0x00, 0x05, 0xff, 0xf0, 0x00, 0x00,
    0x00, 0x00, 0x00, 0x00, 0x00, 0x05, 0xff, 0xf0, 0x00, 0x00, 0x00, 0x00, 0x00, 0x00, 0x00, 0x05,
    0xff, 0xf0, 0x00, 0x00, 0x00, 0x00, 0x00, 0x00, 0x00, 0x05, 0xff, 0xff, 0xff, 0xff, 0xff, 0xff,
    0xf1, 0x00, 0x00, 0x05, 0xff, 0xff, 0xff, 0xff, 0xff, 0xff, 0xf1, 0x00, 0x00, 0x05, 0xff, 0xff,
    0xff, 0xff, 0xff, 0xff, 0xf1, 0x00, 0x00, 0x05, 0xff, 0xf0, 0x00, 0x00, 0x00, 0x00, 0x00, 0x00,
    0x00, 0x05, 0xff, 0xf0, 0x00, 0x00, 0x00, 0x00, 0x00, 0x00, 0x00, 0x05, 0xff, 0xf0, 0x00, 0x00,
    0x00, 0x00, 0x00, 0x00, 0x00, 0x05, 0xff, 0xf0, 0x00, 0x00, 0x00, 0x00, 0x00, 0x00, 0x00, 0x05,
    0xff, 0xf0, 0x00, 0x00, 0x00, 0x00, 0x00, 0x00, 0x00, 0x05, 0xff, 0xf0, 0x00, 0x00, 0x00, 0x00,
    0x00, 0x00, 0x00, 0x05, 0xff, 0xf0, 0x00, 0x00, 0x00, 0x00, 0x00, 0x00, 0x00, 0x05, 0xff, 0xf0,
    0x00, 0x00, 0x00, 0x00, 0x00, 0x00, 0x00, 0x05, 0xff, 0xf0, 0x00, 0x00, 0x00, 0x00, 0x00, 0x00,
    0x00, 0x05, 0xff, 0xf0, 0x00, 0x00, 0x00, 0x00, 0x00, 0x00, 0x00, 0x05, 0xff, 0xf0, 0x00, 0x00,
    0x00, 0x00, 0x00, 0x00, 0x00, 0x05, 0xff, 0xf0, 0x00, 0x00, 0x00, 0x00, 0x00, 0x00, 0x00, 0x00,
    0x00, 0x00, 0x00, 0x03, 0x8b, 0xde, 0xff, 0xec, 0xa6, 0x20, 0x00, 0x00, 0x00, 0x00, 0x00, 0x00,
    0x06, 0xef, 0xff, 0xff, 0xff, 0xff, 0xff, 0xfc, 0x00, 0x00, 0x00, 0x00, 0x00, 0x03, 0xef, 0xff,
    0xff, 0xff, 0xff, 0xff, 0xff, 0xff, 0x00, 0x00, 0x00, 0x00, 0x00, 0x6f, 0xff, 0xfd, 0x83, 0x10,
    0x00, 0x25, 0x8d, 0xff, 0x00, 0x00, 0x00, 0x00, 0x07, 0xff, 0xfe, 0x60, 0x00, 0x00, 0x00, 0x00,
    0x00, 0x3b, 0x00, 0x00, 0x00, 0x00, 0x5f, 0xff, 0xd2, 0x00, 0x00, 0x00, 0x00, 0x00, 0x00, 0x00,
    0x00, 0x00, 0x00, 0x01, 0xff, 0xfd, 0x10, 0x00, 0x00, 0x00, 0x00, 0x00, 0x00, 0x00, 0x00, 0x00,
    0x00, 0x09, 0xff, 0xf3, 0x00, 0x00, 0x00, 0x00, 0x00, 0x00, 0x00, 0x00, 0x00, 0x00, 0x00, 0x1f,
    0xff, 0x90, 0x00, 0x00, 0x00, 0x00, 0x00, 0x00, 0x00, 0x00, 0x00, 0x00, 0x00, 0x6f, 0xff, 0x10,
    0x00, 0x00, 0x00, 0x00, 0x00, 0x00, 0x00, 0x00, 0x00, 0x00, 0x00, 0xbf, 0xfc, 0x00, 0x00, 0x00,
    0x00, 0x00, 0x00, 0x00, 0x00, 0x00, 0x00, 0x00, 0x00, 0xef, 0xf8, 0x00, 0x00, 0x00, 0x00, 0x00,
    0x00, 0x00, 0x00, 0x00, 0x00, 0x00, 0x00, 0xff, 0xf6, 0x00, 0x00, 0x00, 0x00, 0x00, 0x00, 0x00,
    0x00, 0x00, 0x00, 0x00, 0x01, 0xff, 0xf5, 0x00, 0x00, 0x00, 0x00, 0x0c, 0xff, 0xff, 0xff, 0xff,
    0x90, 0x00, 0x02, 0xff, 0xf4, 0x00, 0x00, 0x00, 0x00, 0x0c, 0xff, 0xff, 0xff, 0xff, 0x90, 0x00,
    0x01, 0xff, 0xf6, 0x00, 0x00, 0x00, 0x00, 0x0c, 0xff, 0xff, 0xff, 0xff, 0x90, 0x00, 0x00, 0xff,
    0xf7, 0x00, 0x00, 0x00, 0x00, 0x00, 0x00, 0x00, 0x0a, 0xff, 0x90, 0x00, 0x00, 0xdf, 0xfa, 0x00,
    0x00, 0x00, 0x00, 0x00, 0x00, 0x00, 0x0a, 0xff, 0x90, 0x00, 0x00, 0x9f, 0xfe, 0x00, 0x00, 0x00,
    0x00, 0x00, 0x00, 0x00, 0x0a, 0xff, 0x90, 0x00, 0x00, 0x5f, 0xff, 0x50, 0x00, 0x00, 0x00, 0x00,
    0x00, 0x00, 0x0a, 0xff, 0x90, 0x00, 0x00, 0x0e, 0xff, 0xd0, 0x00, 0x00, 0x00, 0x00, 0x00, 0x00,
    0x0a, 0xff, 0x90, 0x00, 0x00, 0x07, 0xff, 0xf9, 0x00, 0x00, 0x00, 0x00, 0x00, 0x00, 0x0a, 0xff,
    0x90, 0x00, 0x00, 0x00, 0xdf, 0xff, 0x70, 0x00, 0x00, 0x00, 0x00, 0x00, 0x0a, 0xff, 0x90, 0x00,
    0x00, 0x00, 0x2e, 0xff, 0xfa, 0x20, 0x00, 0x00, 0x00, 0x00, 0x0b, 0xff, 0x90, 0x00, 0x00, 0x00,
    0x03, 0xef, 0xff, 0xfa, 0x52, 0x00, 0x01, 0x48, 0xdf, 0xff, 0x90, 0x00, 0x00, 0x00, 0x00, 0x2d,
    0xff, 0xff, 0xff, 0xff, 0xff, 0xff, 0xff, 0xff, 0x70, 0x00, 0x00, 0x00, 0x00, 0x00, 0x6e, 0xff,
    0xff, 0xff, 0xff, 0xff, 0xff, 0x92, 0x00, 0x00, 0x00, 0x00, 0x00, 0x00, 0x00, 0x48, 0xcd, 0xff,
    0xed, 0xb8, 0x40, 0x00, 0x00, 0x00, 0x00, 0x05, 0xff, 0xf0, 0x00, 0x00, 0x00, 0x00, 0x00, 0x00,
    0x08, 0xff, 0xb0, 0x00, 0x00, 0x05, 0xff, 0xf0, 0x00, 0x00, 0x00, 0x00, 0x00, 0x00, 0x08, 0xff,
    0xb0, 0x00, 0x00, 0x05, 0xff, 0xf0, 0x00, 0x00, 0x00, 0x00, 0x00, 0x00, 0x08, 0xff, 0xb0, 0x00,
    0x00, 0x05, 0xff, 0xf0, 0x00, 0x00, 0x00, 0x00, 0x00, 0x00, 0x08, 0xff, 0xb0, 0x00, 0x00, 0x05,
    0xff, 0xf0, 0x00, 0x00, 0x00, 0x00, 0x00, 0x00, 0x08, 0xff, 0xb0, 0x00, 0x00, 0x05, 0xff, 0xf0,
    0x00, 0x00, 0x00, 0x00, 0x00, 0x00, 0x08, 0xff, 0xb0, 0x00, 0x00, 0x05, 0xff, 0xf0, 0x00, 0x00,
    0x00, 0x00, 0x00, 0x00, 0x08, 0xff, 0xb0, 0x00, 0x00, 0x05, 0xff, 0xf0, 0x00, 0x00, 0x00, 0x00,
    0x00, 0x00, 0x08, 0xff, 0xb0, 0x00, 0x00, 0x05, 0xff, 0xf0, 0x00, 0x00, 0x00, 0x00, 0x00, 0x00,
    0x08, 0xff, 0xb0, 0x00, 0x00, 0x05, 0xff, 0xf0, 0x00, 0x00, 0x00, 0x00, 0x00, 0x00, 0x08, 0xff,
    0xb0, 0x00, 0x00, 0x05, 0xff, 0xf0, 0x00, 0x00, 0x00, 0x00, 0x00, 0x00, 0x08, 0xff, 0xb0, 0x00,
    0x00, 0x05, 0xff, 0xf0, 0x00, 0x00, 0x00, 0x00, 0x00, 0x00, 0x08, 0xff, 0xb0, 0x00, 0x00, 0x05,
    0xff, 0xff, 0xff, 0xff, 0xff, 0xff, 0xff, 0xff, 0xff, 0xff, 0xb0, 0x00, 0x00, 0x05, 0xff, 0xff,
    0xff, 0xff, 0xff, 0xff, 0xff, 0xff, 0xff, 0xff, 0xb0, 0x00, 0x00, 0x05, 0xff, 0xff, 0xff, 0xff,
    0xff, 0xff, 0xff, 0xff, 0xff, 0xff, 0xb0, 0x00, 0x00, 0x05, 0xff, 0xf0, 0x00, 0x00, 0x00, 0x00,
    0x00, 0x00, 0x08, 0xff, 0xb0, 0x00, 0x00, 0x05, 0xff, 0xf0, 0x00, 0x00, 0x00, 0x00, 0x00, 0x00,
    0x08, 0xff, 0xb0, 0x00, 0x00, 0x05, 0xff, 0xf0, 0x00, 0x00, 0x00, 0x00, 0x00, 0x00, 0x08, 0xff,
    0xb0, 0x00, 0x00, 0x05, 0xff, 0xf0, 0x00, 0x00, 0x00, 0x00, 0x00, 0x00, 0x08, 0xff, 0xb0, 0x00,
    0x00, 0x05, 0xff, 0xf0, 0x00, 0x00, 0x00, 0x00, 0x00, 0x00, 0x08, 0xff, 0xb0, 0x00, 0x00, 0x05,
    0xff, 0xf0, 0x00, 0x00, 0x00, 0x00, 0x00, 0x00, 0x08, 0xff, 0xb0, 0x00, 0x00, 0x05, 0xff, 0xf0,
    0x00, 0x00, 0x00, 0x00, 0x00, 0x00, 0x08, 0xff, 0xb0, 0x00, 0x00, 0x05, 0xff, 0xf0, 0x00, 0x00,
    0x00, 0x00, 0x00, 0x00, 0x08, 0xff, 0xb0, 0x00, 0x00, 0x05, 0xff, 0xf0, 0x00, 0x00, 0x00, 0x00,
    0x00, 0x00, 0x08, 0xff, 0xb0, 0x00, 0x00, 0x05, 0xff, 0xf0, 0x00, 0x00, 0x00, 0x00, 0x00, 0x00,
    0x08, 0xff, 0xb0, 0x00, 0x00, 0x05, 0xff, 0xf0, 0x00, 0x00, 0x00, 0x00, 0x00, 0x00, 0x08, 0xff,
    0xb0, 0x00, 0x00, 0x05, 0xff, 0xf0, 0x00, 0x00, 0x00, 0x00, 0x00, 0x00, 0x08, 0xff, 0xb0, 0x00,
    0x00, 0x05, 0xff, 0xf0, 0x00, 0x00, 0x00, 0x00, 0x00, 0x00, 0x08, 0xff, 0xb0, 0x00, 0x00, 0x05,
    0xff, 0xf0, 0x00, 0x00, 0x00, 0x05, 0xff, 0xf0, 0x00, 0x00, 0x00, 0x05, 0xff, 0xf0, 0x00, 0x00,
    0x00, 0x05, 0xff, 0xf0, 0x00, 0x00, 0x00, 0x05, 0xff, 0xf0, 0x00, 0x00, 0x00, 0x05, 0xff, 0xf0,
    0x00, 0x00, 0x00, 0x05, 0xff, 0xf0, 0x00, 0x00, 0x00, 0x05, 0xff, 0xf0, 0x00, 0x00, 0x00, 0x05,
    0xff, 0xf0, 0x00, 0x00, 0x00, 0x05, 0xff, 0xf0, 0x00, 0x00, 0x00, 0x05, 0xff, 0xf0, 0x00, 0x00,
    0x00, 0x05, 0xff, 0xf0, 0x00, 0x00, 0x00, 0x05, 0xff, 0xf0, 0x00, 0x00, 0x00, 0x05, 0xff, 0xf0,
    0x00, 0x00, 0x00, 0x05, 0xff, 0xf0, 0x00, 0x00, 0x00, 0x05, 0xff, 0xf0, 0x00, 0x00, 0x00, 0x05,
    0xff, 0xf0, 0x00, 0x00, 0x00, 0x05, 0xff, 0xf0, 0x00, 0x00, 0x00, 0x05, 0xff, 0xf0, 0x00, 0x00,
    0x00, 0x05, 0xff, 0xf0, 0x00, 0x00, 0x00, 0x05, 0xff, 0xf0, 0x00, 0x00, 0x00, 0x05, 0xff, 0xf0,
    0x00, 0x00, 0x00, 0x05, 0xff, 0xf0, 0x00, 0x00, 0x00, 0x05, 0xff, 0xf0, 0x00, 0x00, 0x00, 0x05,
    0xff, 0xf0, 0x00, 0x00, 0x00, 0x05, 0xff, 0xf0, 0x00, 0x00, 0x00, 0x05, 0xff, 0xf0, 0x00, 0x00,
    0x00, 0x05, 0xff, 0xf0, 0x00, 0x00, 0x00, 0x00, 0x00, 0x07, 0xff, 0xd0, 0x00, 0x00, 0x00, 0x00,
    0x07, 0xff, 0xd0, 0x00, 0x00, 0x00, 0x00, 0x07, 0xff, 0xd0, 0x00, 0x00, 0x00, 0x00, 0x07, 0xff,
    0xd0, 0x00, 0x00, 0x00, 0x00, 0x07, 0xff, 0xd0, 0x00, 0x00, 0x00, 0x00, 0x07, 0xff, 0xd0, 0x00,
    0x00, 0x00, 0x00, 0x07, 0xff, 0xd0, 0x00, 0x00, 0x00, 0x00, 0x07, 0xff, 0xd0, 0x00, 0x00, 0x00,
    0x00, 0x07, 0xff, 0xd0, 0x00, 0x00, 0x00, 0x00, 0x07, 0xff, 0xd0, 0x00, 0x00, 0x00, 0x00, 0x07,
    0xff, 0xd0, 0x00, 0x00, 0x00, 0x00, 0x07, 0xff, 0xd0, 0x00, 0x00, 0x00, 0x00, 0x07, 0xff, 0xd0,
    0x00, 0x00, 0x00, 0x00, 0x07, 0xff, 0xd0, 0x00, 0x00, 0x00, 0x00, 0x07, 0xff, 0xd0, 0x00, 0x00,
    0x00, 0x00, 0x07, 0xff, 0xd0, 0x00, 0x00, 0x00, 0x00, 0x07, 0xff, 0xd0, 0x00, 0x00, 0x00, 0x00,
    0x07, 0xff, 0xd0, 0x00, 0x00, 0x00, 0x00, 0x07, 0xff, 0xc0, 0x00, 0x00, 0x00, 0x00, 0x08, 0xff,
    0xb0, 0x00, 0x00, 0x00, 0x00, 0x0a, 0xff, 0x90, 0x00, 0x00, 0x00, 0x00, 0x0e, 0xff, 0x60, 0x00,
    0x00, 0x00, 0x00, 0x3f, 0xff, 0x20, 0x00, 0x00, 0x00, 0x00, 0xcf, 0xfc, 0x00, 0x00, 0x74, 0x00,
    0x3b, 0xff, 0xf3, 0x00, 0x00, 0x9f, 0xff, 0xff, 0xff, 0x80, 0x00, 0x00, 0x9f, 0xff, 0xff, 0xf7,
    0x00, 0x00, 0x00, 0x5d, 0xff, 0xd9, 0x20, 0x00, 0x00, 0x00, 0x00, 0x05, 0xff, 0xf0, 0x00, 0x00,
    0x00, 0x00, 0x03, 0xff, 0xfd, 0x00, 0x00, 0x05, 0xff, 0xf0, 0x00, 0x00, 0x00, 0x00, 0x2e, 0xff,
    0xe1, 0x00, 0x00, 0x05, 0xff, 0xf0, 0x00, 0x00, 0x00, 0x00, 0xdf, 0xfe, 0x20, 0x00, 0x00, 0x05,
    0xff, 0xf0, 0x00, 0x00, 0x00, 0x0b, 0xff, 0xf3, 0x00, 0x00, 0x00, 0x05, 0xff, 0xf0, 0x00, 0x00,
    0x00, 0x9f, 0xff, 0x50, 0x00, 0x00, 0x00, 0x05, 0xff, 0xf0, 0x00, 0x00, 0x07, 0xff, 0xf6, 0x00,
    0x00, 0x00, 0x00, 0x05, 0xff, 0xf0, 0x00, 0x00, 0x5f, 0xff, 0x80, 0x00, 0x00, 0x00, 0x00, 0x05,
    0xff, 0xf0, 0x00, 0x03, 0xff, 0xf9, 0x00, 0x00, 0x00, 0x00, 0x00, 0x05, 0xff, 0xf0, 0x00, 0x2e,
    0xff, 0xb0, 0x00, 0x00, 0x00, 0x00, 0x00, 0x05, 0xff, 0xf0, 0x01, 0xdf, 0xfc, 0x00, 0x00, 0x00,
    0x00, 0x00, 0x00, 0x05, 0xff, 0xf0, 0x0b, 0xff, 0xd1, 0x00, 0x00, 0x00, 0x00, 0x00, 0x00, 0x05,
    0xff, 0xf0, 0x9f, 0xfe, 0x20, 0x00, 0x00, 0x00, 0x00, 0x00, 0x00, 0x05, 0xff, 0xf7, 0xff, 0xf3,
    0x00, 0x00, 0x00, 0x00, 0x00, 0x00, 0x00, 0x05, 0xff, 0xff, 0xff, 0x80, 0x00, 0x00, 0x00, 0x00,
    0x00, 0x00, 0x00, 0x05, 0xff, 0xfc, 0xff, 0xf4, 0x00, 0x00, 0x00, 0x00, 0x00, 0x00, 0x00, 0x05,
    0xff, 0xf1, 0xdf, 0xff, 0x20, 0x00, 0x00, 0x00, 0x00, 0x00, 0x00, 0x05, 0xff, 0xf0, 0x2f, 0xff,
    0xe1, 0x00, 0x00, 0x00, 0x00, 0x00, 0x00, 0x05, 0xff, 0xf0, 0x04, 0xff, 0xfd, 0x10, 0x00, 0x00,
    0x00, 0x00, 0x00, 0x05, 0xff, 0xf0, 0x00, 0x6f, 0xff, 0xc0, 0x00, 0x00, 0x00, 0x00, 0x00, 0x05,
    0xff, 0xf0, 0x00, 0x09, 0xff, 0xfa, 0x00, 0x00, 0x00, 0x00, 0x00, 0x05, 0xff, 0xf0, 0x00, 0x00,
    0xbf, 0xff, 0x80, 0x00, 0x00, 0x00, 0x00, 0x05, 0xff, 0xf0, 0x00, 0x00, 0x0d, 0xff, 0xf6, 0x00,
    0x00, 0x00, 0x00, 0x05, 0xff, 0xf0, 0x00, 0x00, 0x02, 0xef, 0xff, 0x50, 0x00, 0x00, 0x00, 0x05,
    0xff, 0xf0, 0x00, 0x00, 0x00, 0x3f, 0xff, 0xf3, 0x00, 0x00, 0x00, 0x05, 0xff, 0xf0, 0x00, 0x00,
    0x00, 0x05, 0xff, 0xfe, 0x20, 0x00, 0x00, 0x05, 0xff, 0xf0, 0x00, 0x00, 0x00, 0x00, 0x8f, 0xff,
    0xd1, 0x00, 0x00, 0x05, 0xff, 0xf0, 0x00, 0x00, 0x00, 0x00, 0x0a, 0xff, 0xfc, 0x00, 0x00, 0x05,
    0xff, 0xf0, 0x00, 0x00, 0x00, 0x00, 0x00, 0xcf, 0xff, 0xb0, 0x00, 0x05, 0xff, 0xf0, 0x00, 0x00,
    0x00, 0x00, 0x00, 0x00, 0x00, 0x05, 0xff, 0xf0, 0x00, 0x00, 0x00, 0x00, 0x00, 0x00, 0x00, 0x05,
    0xff, 0xf0, 0x00, 0x00, 0x00, 0x00, 0x00, 0x00, 0x00, 0x05, 0xff, 0xf0, 0x00, 0x00, 0x00, 0x00,
    0x00, 0x00, 0x00, 0x05, 0xff, 0xf0, 0x00, 0x00, 0x00, 0x00, 0x00, 0x00, 0x00, 0x05, 0xff, 0xf0,
    0x00, 0x00, 0x00, 0x00, 0x00, 0x00, 0x00, 0x05, 0xff, 0xf0, 0x00, 0x00, 0x00, 0x00, 0x00, 0x00,
    0x00, 0x05, 0xff, 0xf0, 0x00, 0x00, 0x00, 0x00, 0x00, 0x00, 0x00, 0x05, 0xff, 0xf0, 0x00, 0x00,
    0x00, 0x00, 0x00, 0x00, 0x00, 0x05, 0xff, 0xf0, 0x00, 0x00, 0x00, 0x00, 0x00, 0x00, 0x00, 0x05,
    0xff, 0xf0, 0x00, 0x00, 0x00, 0x00, 0x00, 0x00, 0x00, 0x05, 0xff, 0xf0, 0x00, 0x00, 0x00, 0x00,
    0x00, 0x00, 0x00, 0x05, 0xff, 0xf0, 0x00, 0x00, 0x00, 0x00, 0x00, 0x00, 0x00, 0x05, 0xff, 0xf0,
    0x00, 0x00, 0x00, 0x00, 0x00, 0x00, 0x00, 0x05, 0xff, 0xf0, 0x00, 0x00, 0x00, 0x00, 0x00, 0x00,
    0x00, 0x05, 0xff, 0xf0, 0x00, 0x00, 0x00, 0x00, 0x00, 0x00, 0x00, 0x05, 0xff, 0xf0, 0x00, 0x00,
    0x00, 0x00, 0x00, 0x00, 0x00, 0x05, 0xff, 0xf0, 0x00, 0x00, 0x00, 0x00, 0x00, 0x00, 0x00, 0x05,
    0xff, 0xf0, 0x00, 0x00, 0x00, 0x00, 0x00, 0x00, 0x00, 0x05, 0xff, 0xf0, 0x00, 0x00, 0x00, 0x00,
    0x00, 0x00, 0x00, 0x05, 0xff, 0xf0, 0x00, 0x00, 0x00, 0x00, 0x00, 0x00, 0x00, 0x05, 0xff, 0xf0,
    0x00, 0x00, 0x00, 0x00, 0x00, 0x00, 0x00, 0x05, 0xff, 0xf0, 0x00, 0x00, 0x00, 0x00, 0x00, 0x00,
    0x00, 0x05, 0xff, 0xf0, 0x00, 0x00, 0x00, 0x00, 0x00, 0x00, 0x00, 0x05, 0xff, 0xf0, 0x00, 0x00,
    0x00, 0x00, 0x00, 0x00, 0x00, 0x05, 0xff, 0xff, 0xff, 0xff, 0xff, 0xff, 0xff, 0x30, 0x00, 0x05,
    0xff, 0xff, 0xff, 0xff, 0xff, 0xff, 0xff, 0x30, 0x00, 0x05, 0xff, 0xff, 0xff, 0xff, 0xff, 0xff,
    0xff, 0x30, 0x00, 0x05, 0xff, 0xff, 0x30, 0x00, 0x00, 0x00, 0x00, 0x00, 0x00, 0x00, 0x00, 0x01,
    0xff, 0xff, 0x30, 0x00, 0x00, 0x05, 0xff, 0xff, 0xa0, 0x00, 0x00, 0x00, 0x00, 0x00, 0x00, 0x00,
    0x00, 0x08, 0xff, 0xff, 0x30, 0x00, 0x00, 0x05, 0xff, 0xff, 0xf2, 0x00, 0x00, 0x00, 0x00, 0x00,
    0x00, 0x00, 0x00, 0x0f, 0xff, 0xff, 0x30, 0x00, 0x00, 0x05, 0xff, 0xff, 0xf8, 0x00, 0x00, 0x00,
    0x00, 0x00, 0x00, 0x00, 0x00, 0x7f, 0xff, 0xff, 0x30, 0x00, 0x00, 0x05, 0xff, 0xcf, 0xff, 0x00,
    0x00, 0x00, 0x00, 0x00, 0x00, 0x00, 0x00, 0xef, 0xfd, 0xff, 0x30, 0x00, 0x00, 0x05, 0xff, 0xcc,
    0xff, 0x60, 0x00, 0x00, 0x00, 0x00, 0x00, 0x00, 0x05, 0xff, 0xae, 0xff, 0x30, 0x00, 0x00, 0x05,
    0xff, 0xd6, 0xff, 0xd0, 0x00, 0x00, 0x00, 0x00, 0x00, 0x00, 0x0c, 0xff, 0x4f, 0xff, 0x30, 0x00,
    0x00, 0x05, 0xff, 0xd0, 0xff, 0xf5, 0x00, 0x00, 0x00, 0x00, 0x00, 0x00, 0x4f, 0xfd, 0x0f, 0xff,
    0x30, 0x00, 0x00, 0x05, 0xff, 0xd0, 0x9f, 0xfc, 0x00, 0x00, 0x00, 0x00, 0x00, 0x00, 0xbf, 0xf6,
    0x0f, 0xff, 0x30, 0x00, 0x00, 0x05, 0xff, 0xd0, 0x2f, 0xff, 0x30, 0x00, 0x00, 0x00, 0x00, 0x02,
    0xff, 0xe0, 0x0f, 0xff, 0x30, 0x00, 0x00, 0x05, 0xff, 0xd0, 0x0a, 0xff, 0xa0, 0x00, 0x00, 0x00,
    0x00, 0x09, 0xff, 0x80, 0x0f, 0xff, 0x30, 0x00, 0x00, 0x05, 0xff, 0xd0, 0x03, 0xff, 0xf1, 0x00,
    0x00, 0x00, 0x00, 0x1f, 0xff, 0x10, 0x0f, 0xff, 0x30, 0x00, 0x00, 0x05, 0xff, 0xd0, 0x00, 0xcf,
    0xf8, 0x00, 0x00, 0x00, 0x00, 0x8f, 0xfa, 0x00, 0x0f, 0xff, 0x30, 0x00, 0x00, 0x05, 0xff, 0xd0,
    0x00, 0x5f, 0xfe, 0x00, 0x00, 0x00, 0x00, 0xef, 0xf3, 0x00, 0x0f, 0xff, 0x30, 0x00, 0x00, 0x05,
    0xff, 0xd0, 0x00, 0x0d, 0xff, 0x60, 0x00, 0x00, 0x06, 0xff, 0xb0, 0x00, 0x0f, 0xff, 0x30, 0x00,
    0x00, 0x05, 0xff, 0xd0, 0x00, 0x06, 0xff, 0xd0, 0x00, 0x00, 0x0d, 0xff, 0x40, 0x00, 0x0f, 0xff,
    0x30, 0x00, 0x00, 0x05, 0xff, 0xd0, 0x00, 0x00, 0xef, 0xf4, 0x00, 0x00, 0x5f, 0xfd, 0x00, 0x00,
    0x0f, 0xff, 0x30, 0x00, 0x00, 0x05, 0xff, 0xd0, 0x00, 0x00, 0x8f, 0xfb, 0x00, 0x00, 0xcf, 0xf6,
    0x00, 0x00, 0x0f, 0xff, 0x30, 0x00, 0x00, 0x05, 0xff, 0xd0, 0x00, 0x00, 0x1f, 0xff, 0x20, 0x03,
    0xff, 0xe0, 0x00, 0x00, 0x0f, 0xff, 0x30, 0x00, 0x00, 0x05, 0xff, 0xd0, 0x00, 0x00, 0x0a, 0xff,
    0x90, 0x0a, 0xff, 0x80, 0x00, 0x00, 0x0f, 0xff, 0x30, 0x00, 0x00, 0x05, 0xff, 0xd0, 0x00, 0x00,
    0x03, 0xff, 0xf1, 0x1f, 0xff, 0x10, 0x00, 0x00, 0x0f, 0xff, 0x30, 0x00, 0x00, 0x05, 0xff, 0xd0,
    0x00, 0x00, 0x00, 0xcf, 0xf6, 0x7f, 0xfa, 0x00, 0x00, 0x00, 0x0f, 0xff, 0x30, 0x00, 0x00, 0x05,
    0xff, 0xd0, 0x00, 0x00, 0x00, 0x4f, 0xfc, 0xdf, 0xf3, 0x00, 0x00, 0x00, 0x0f, 0xff, 0x30, 0x00,
    0x00, 0x05, 0xff, 0xd0, 0x00, 0x00, 0x00, 0x0d, 0xff, 0xff, 0xb0, 0x00, 0x00, 0x00, 0x0f, 0xff,
    0x30, 0x00, 0x00, 0x05, 0xff, 0xd0, 0x00, 0x00, 0x00, 0x06, 0xff, 0xff, 0x40, 0x00, 0x00, 0x00,
    0x0f, 0xff, 0x30, 0x00, 0x00, 0x05, 0xff, 0xd0, 0x00, 0x00, 0x00, 0x00, 0xef, 0xfd, 0x00, 0x00,
    0x00, 0x00, 0x0f, 0xff, 0x30, 0x00, 0x00, 0x05, 0xff, 0xd0, 0x00, 0x00, 0x00, 0x00, 0x8f, 0xf6,
    0x00, 0x00, 0x00, 0x00, 0x0f, 0xff, 0x30, 0x00, 0x00, 0x05, 0xff, 0xd0, 0x00, 0x00, 0x00, 0x00,
    0x1f, 0xe0, 0x00, 0x00, 0x00, 0x00, 0x0f, 0xff, 0x30, 0x00, 0x00, 0x05, 0xff, 0xff, 0x40, 0x00,
    0x00, 0x00, 0x00, 0x00, 0x00, 0x0f, 0xff, 0x40, 0x00, 0x00, 0x05, 0xff, 0xff, 0xd0, 0x00, 0x00,
    0x00, 0x00, 0x00, 0x00, 0x0f, 0xff, 0x40, 0x00, 0x00, 0x05, 0xff, 0xff, 0xf8, 0x00, 0x00, 0x00,
    0x00, 0x00, 0x00, 0x0f, 0xff, 0x40, 0x00, 0x00, 0x05, 0xff, 0xff, 0xff, 0x30, 0x00, 0x00, 0x00,
    0x00, 0x00, 0x0f, 0xff, 0x40, 0x00, 0x00, 0x05, 0xff, 0xdc, 0xff, 0xc0, 0x00, 0x00, 0x00, 0x00,
    0x00, 0x0f, 0xff, 0x40, 0x00, 0x00, 0x05, 0xff, 0xe4, 0xff, 0xf7, 0x00, 0x00, 0x00, 0x00, 0x00,
    0x0f, 0xff, 0x40, 0x00, 0x00, 0x05, 0xff, 0xf0, 0xaf, 0xff, 0x20, 0x00, 0x00, 0x00, 0x00, 0x0f,
    0xff, 0x40, 0x00, 0x00, 0x05, 0xff, 0xf0, 0x1e, 0xff, 0xb0, 0x00, 0x00, 0x00, 0x00, 0x0f, 0xff,
    0x40, 0x00, 0x00, 0x05, 0xff, 0xf0, 0x05, 0xff, 0xf5, 0x00, 0x00, 0x00, 0x00, 0x0f, 0xff, 0x40,
    0x00, 0x00, 0x05, 0xff, 0xf0, 0x00, 0xbf, 0xfe, 0x10, 0x00, 0x00, 0x00, 0x0f, 0xff, 0x40, 0x00,
    0x00, 0x05, 0xff, 0xf0, 0x00, 0x1f, 0xff, 0xa0, 0x00, 0x00, 0x00, 0x0f, 0xff, 0x40, 0x00, 0x00,
    0x05, 0xff, 0xf0, 0x00, 0x06, 0xff, 0xf4, 0x00, 0x00, 0x00, 0x0f, 0xff, 0x40, 0x00, 0x00, 0x05,
    0xff, 0xf0, 0x00, 0x00, 0xcf, 0xfe, 0x00, 0x00, 0x00, 0x0f, 0xff, 0x40, 0x00, 0x00, 0x05, 0xff,
    0xf0, 0x00, 0x00, 0x2f, 0xff, 0x80, 0x00, 0x00, 0x0f, 0xff, 0x40, 0x00, 0x00, 0x05, 0xff, 0xf0,
    0x00, 0x00, 0x07, 0xff, 0xf3, 0x00, 0x00, 0x0f, 0xff, 0x40, 0x00, 0x00, 0x05, 0xff, 0xf0, 0x00,
    0x00, 0x00, 0xdf, 0xfd, 0x00, 0x00, 0x0f, 0xff, 0x40, 0x00, 0x00, 0x05, 0xff, 0xf0, 0x00, 0x00,
    0x00, 0x3f, 0xff, 0x70, 0x00, 0x0f, 0xff, 0x40, 0x00, 0x00, 0x05, 0xff, 0xf0, 0x00, 0x00, 0x00,
    0x08, 0xff, 0xf2, 0x00, 0x0f, 0xff, 0x40, 0x00, 0x00, 0x05, 0xff, 0xf0, 0x00, 0x00, 0x00, 0x00,
    0xdf, 0xfb, 0x00, 0x0f, 0xff, 0x40, 0x00, 0x00, 0x05, 0xff, 0xf0, 0x00, 0x00, 0x00, 0x00, 0x4f,
    0xff, 0x60, 0x0f, 0xff, 0x40, 0x00, 0x00, 0x05, 0xff, 0xf0, 0x00, 0x00, 0x00, 0x00, 0x09, 0xff,
    0xe1, 0x0f, 0xff, 0x40, 0x00, 0x00, 0x05, 0xff, 0xf0, 0x00, 0x00, 0x00, 0x00, 0x01, 0xef, 0xfa,
    0x0f, 0xff, 0x40, 0x00, 0x00, 0x05, 0xff, 0xf0, 0x00, 0x00, 0x00, 0x00, 0x00, 0x5f, 0xff, 0x4f,
    0xff, 0x40, 0x00, 0x00, 0x05, 0xff, 0xf0, 0x00, 0x00, 0x00, 0x00, 0x00, 0x0a, 0xff, 0xde, 0xff,
    0x40, 0x00, 0x00, 0x05, 0xff, 0xf0, 0x00, 0x00, 0x00, 0x00, 0x00, 0x01, 0xef, 0xff, 0xff, 0x40,
    0x00, 0x00, 0x05, 0xff, 0xf0, 0x00, 0x00, 0x00, 0x00, 0x00, 0x00, 0x6f, 0xff, 0xff, 0x40, 0x00,
    0x00, 0x05, 0xff, 0xf0, 0x00, 0x00, 0x00, 0x00, 0x00, 0x00, 0x0b, 0xff, 0xff, 0x40, 0x00, 0x00,
    0x05, 0xff, 0xf0, 0x00, 0x00, 0x00, 0x00, 0x00, 0x00, 0x02, 0xff, 0xff, 0x40, 0x00, 0x00, 0x00,
    0x00, 0x00, 0x00, 0x37, 0xbd, 0xef, 0xed, 0xa6, 0x10, 0x00, 0x00, 0x00, 0x00, 0x00, 0x00, 0x00,
    0x00, 0x5d, 0xff, 0xff, 0xff, 0xff, 0xff, 0xf9, 0x10, 0x00, 0x00, 0x00, 0x00, 0x00, 0x00, 0x1c,
    0xff, 0xff, 0xff, 0xff, 0xff, 0xff, 0xff, 0xf5, 0x00, 0x00, 0x00, 0x00, 0x00, 0x02, 0xdf, 0xff,
    0xfa, 0x52, 0x00, 0x13, 0x7d, 0xff, 0xff, 0x70, 0x00, 0x00, 0x00, 0x00, 0x1e, 0xff, 0xfb, 0x20,
    0x00, 0x00, 0x00, 0x00, 0x6f, 0xff, 0xf5, 0x00, 0x00, 0x00, 0x00, 0xbf, 0xff, 0x90, 0x00, 0x00,
    0x00, 0x00, 0x00, 0x03, 0xef, 0xff, 0x20, 0x00, 0x00, 0x05, 0xff, 0xfa, 0x00, 0x00, 0x00, 0x00,
    0x00, 0x00, 0x00, 0x4f, 0xff, 0xa0, 0x00, 0x00, 0x0c, 0xff, 0xe1, 0x00, 0x00, 0x00, 0x00, 0x00,
    0x00, 0x00, 0x09, 0xff, 0xf2, 0x00, 0x00, 0x3f, 0xff, 0x70, 0x00, 0x00, 0x00, 0x00, 0x00, 0x00,
    0x00, 0x02, 0xff, 0xf8, 0x00, 0x00, 0x8f, 0xff, 0x00, 0x00, 0x00, 0x00, 0x00, 0x00, 0x00, 0x00,
    0x00, 0xbf, 0xfc, 0x00, 0x00, 0xcf, 0xfb, 0x00, 0x00, 0x00, 0x00, 0x00, 0x00, 0x00, 0x00, 0x00,
    0x8f, 0xff, 0x00, 0x00, 0xff, 0xf8, 0x00, 0x00, 0x00, 0x00, 0x00, 0x00, 0x00, 0x00, 0x00, 0x4f,
    0xff, 0x20, 0x00, 0xff, 0xf6, 0x00, 0x00, 0x00, 0x00, 0x00, 0x00, 0x00, 0x00, 0x00, 0x3f, 0xff,
    0x30, 0x01, 0xff, 0xf5, 0x00, 0x00, 0x00, 0x00, 0x00, 0x00, 0x00, 0x00, 0x00, 0x2f, 0xff, 0x40,
    0x02, 0xff, 0xf5, 0x00, 0x00, 0x00, 0x00, 0x00, 0x00, 0x00, 0x00, 0x00, 0x2f, 0xff, 0x40, 0x01,
    0xff, 0xf6, 0x00, 0x00, 0x00, 0x00, 0x00, 0x00, 0x00, 0x00, 0x00, 0x3f, 0xff, 0x30, 0x00, 0xff,
    0xf7, 0x00, 0x00, 0x00, 0x00, 0x00, 0x00, 0x00, 0x00, 0x00, 0x4f, 0xff, 0x10, 0x00, 0xdf, 0xfb,
    0x00, 0x00, 0x00, 0x00, 0x00, 0x00, 0x00, 0x00, 0x00, 0x7f, 0xfe, 0x00, 0x00, 0x9f, 0xff, 0x00,
    0x00, 0x00, 0x00, 0x00, 0x00, 0x00, 0x00, 0x00, 0xbf, 0xfa, 0x00, 0x00, 0x5f, 0xff, 0x60, 0x00,
    0x00, 0x00, 0x00, 0x00, 0x00, 0x00, 0x02, 0xff, 0xf6, 0x00, 0x00, 0x0e, 0xff, 0xd0, 0x00, 0x00,
    0x00, 0x00, 0x00, 0x00, 0x00, 0x09, 0xff, 0xf0, 0x00, 0x00, 0x07, 0xff, 0xf9, 0x00, 0x00, 0x00,
    0x00, 0x00, 0x00, 0x00, 0x4f, 0xff, 0x80, 0x00, 0x00, 0x00, 0xdf, 0xff, 0x70, 0x00, 0x00, 0x00,
    0x00, 0x00, 0x03, 0xef, 0xfd, 0x10, 0x00, 0x00, 0x00, 0x2f, 0xff, 0xfa, 0x10, 0x00, 0x00, 0x00,
    0x00, 0x6f, 0xff, 0xf3, 0x00, 0x00, 0x00, 0x00, 0x04, 0xff, 0xff, 0xf9, 0x41, 0x00, 0x13, 0x8d,
    0xff, 0xff, 0x50, 0x00, 0x00, 0x00, 0x00, 0x00, 0x2e, 0xff, 0xff, 0xff, 0xff, 0xff, 0xff, 0xff,
    0xe3, 0x00, 0x00, 0x00, 0x00, 0x00, 0x00, 0x00, 0x7e, 0xff, 0xff, 0xff, 0xff, 0xff, 0xf7, 0x00,
    0x00, 0x00, 0x00, 0x00, 0x00, 0x00, 0x00, 0x00, 0x49, 0xce, 0xff, 0xec, 0x94, 0x00, 0x00, 0x00,
    0x00, 0x00, 0x00, 0x05, 0xff, 0xff, 0xff, 0xff, 0xed, 0xa6, 0x00, 0x00, 0x00, 0x00, 0x05, 0xff,
    0xff, 0xff, 0xff, 0xff, 0xff, 0xf6, 0x00, 0x00, 0x00, 0x05, 0xff, 0xff, 0xff, 0xff, 0xff, 0xff,
    0xff, 0xa0, 0x00, 0x00, 0x05, 0xff, 0xf0, 0x00, 0x00, 0x14, 0x9f, 0xff, 0xf7, 0x00, 0x00, 0x05,
    0xff, 0xf0, 0x00, 0x00, 0x00, 0x03, 0xef, 0xff, 0x10, 0x00, 0x05, 0xff, 0xf0, 0x00, 0x00, 0x00,
    0x00, 0x5f, 0xff, 0x60, 0x00, 0x05, 0xff, 0xf0, 0x00, 0x00, 0x00, 0x00, 0x0e, 0xff, 0xa0, 0x00,
    0x05, 0xff, 0xf0, 0x00, 0x00, 0x00, 0x00, 0x0b, 0xff, 0xb0, 0x00, 0x05, 0xff, 0xf0, 0x00, 0x00,
    0x00, 0x00, 0x0a, 0xff, 0xc0, 0x00, 0x05, 0xff, 0xf0, 0x00, 0x00, 0x00, 0x00, 0x0c, 0xff, 0xa0,
    0x00, 0x05, 0xff, 0xf0, 0x00, 0x00, 0x00, 0x00, 0x1f, 0xff, 0x70, 0x00, 0x05, 0xff, 0xf0, 0x00,
    0x00, 0x00, 0x00, 0x8f, 0xff, 0x20, 0x00, 0x05, 0xff, 0xf0, 0x00, 0x00, 0x00, 0x07, 0xff, 0xfa,
    0x00, 0x00, 0x05, 0xff, 0xf0, 0x00, 0x00, 0x36, 0xdf, 0xff, 0xd1, 0x00, 0x00, 0x05, 0xff, 0xff,
    0xff, 0xff, 0xff, 0xff, 0xfd, 0x20, 0x00, 0x00, 0x05, 0xff, 0xff, 0xff, 0xff, 0xff, 0xff, 0x90,
    0x00, 0x00, 0x00, 0x05, 0xff, 0xff, 0xff, 0xfe, 0xda, 0x61, 0x00, 0x00, 0x00, 0x00, 0x05, 0xff,
    0xf0, 0x00, 0x00, 0x00, 0x00, 0x00, 0x00, 0x00, 0x00, 0x05, 0xff, 0xf0, 0x00, 0x00, 0x00, 0x00,
    0x00, 0x00, 0x00, 0x00, 0x05, 0xff, 0xf0, 0x00, 0x00, 0x00, 0x00, 0x00, 0x00, 0x00, 0x00, 0x05,
    0xff, 0xf0, 0x00, 0x00, 0x00, 0x00, 0x00, 0x00, 0x00, 0x00, 0x05, 0xff, 0xf0, 0x00, 0x00, 0x00,
    0x00, 0x00, 0x00, 0x00, 0x00, 0x05, 0xff, 0xf0, 0x00, 0x00, 0x00, 0x00, 0x00, 0x00, 0x00, 0x00,
    0x05, 0xff, 0xf0, 0x00, 0x00, 0x00, 0x00, 0x00, 0x00, 0x00, 0x00, 0x05, 0xff, 0xf0, 0x00, 0x00,
    0x00, 0x00, 0x00, 0x00, 0x00, 0x00, 0x05, 0xff, 0xf0, 0x00, 0x00, 0x00, 0x00, 0x00, 0x00, 0x00,
    0x00, 0x05, 0xff, 0xf0, 0x00, 0x00, 0x00, 0x00, 0x00, 0x00, 0x00, 0x00, 0x05, 0xff, 0xf0, 0x00,
    0x00, 0x00, 0x00, 0x00, 0x00, 0x00, 0x00, 0x00, 0x00, 0x00, 0x00, 0x37, 0xbd, 0xef, 0xed, 0xa6,
    0x10, 0x00, 0x00, 0x00, 0x00, 0x00, 0x00, 0x00, 0x00, 0x00, 0x5d, 0xff, 0xff, 0xff, 0xff, 0xff,
    0xf9, 0x10, 0x00, 0x00, 0x00, 0x00, 0x00, 0x00, 0x00, 0x1c, 0xff, 0xff, 0xff, 0xff, 0xff, 0xff,
    0xff, 0xf5, 0x00, 0x00, 0x00, 0x00, 0x00, 0x00, 0x02, 0xdf, 0xff, 0xfa, 0x52, 0x00, 0x13, 0x7d,
    0xff, 0xff, 0x70, 0x00, 0x00, 0x00, 0x00, 0x00, 0x1e, 0xff, 0xfb, 0x20, 0x00, 0x00, 0x00, 0x00,
    0x6f, 0xff, 0xf5, 0x00, 0x00, 0x00, 0x00, 0x00, 0xbf, 0xff, 0x90, 0x00, 0x00, 0x00, 0x00, 0x00,
    0x03, 0xef, 0xff, 0x20, 0x00, 0x00, 0x00, 0x05, 0xff, 0xfa, 0x00, 0x00, 0x00, 0x00, 0x00, 0x00,
    0x00, 0x4f, 0xff, 0xa0, 0x00, 0x00, 0x00, 0x0c, 0xff, 0xe1, 0x00, 0x00, 0x00, 0x00, 0x00, 0x00,
    0x00, 0x09, 0xff, 0xf2, 0x00, 0x00, 0x00, 0x3f, 0xff, 0x70, 0x00, 0x00, 0x00, 0x00, 0x00, 0x00,
    0x00, 0x02, 0xff, 0xf8, 0x00, 0x00, 0x00, 0x8f, 0xff, 0x00, 0x00, 0x00, 0x00, 0x00, 0x00, 0x00,
    0x00, 0x00, 0xbf, 0xfc, 0x00, 0x00, 0x00, 0xcf, 0xfb, 0x00, 0x00, 0x00, 0x00, 0x00, 0x00, 0x00,
    0x00, 0x00, 0x8f, 0xff, 0x00, 0x00, 0x00, 0xff, 0xf8, 0x00, 0x00, 0x00, 0x00, 0x00, 0x00, 0x00,
    0x00, 0x00, 0x4f, 0xff, 0x20, 0x00, 0x00, 0xff, 0xf6, 0x00, 0x00, 0x00, 0x00, 0x00, 0x00, 0x00,
    0x00, 0x00, 0x3f, 0xff, 0x30, 0x00, 0x01, 0xff, 0xf5, 0x00, 0x00, 0x00, 0x00, 0x00, 0x00, 0x00,
    0x00, 0x00, 0x2f, 0xff, 0x40, 0x00, 0x02, 0xff, 0xf5, 0x00, 0x00, 0x00, 0x00, 0x00, 0x00, 0x00,
    0x00, 0x00, 0x2f, 0xff, 0x40, 0x00, 0x01, 0xff, 0xf6, 0x00, 0x00, 0x00, 0x00, 0x00, 0x00, 0x00,
    0x00, 0x00, 0x3f, 0xff, 0x30, 0x00, 0x00, 0xff, 0xf7, 0x00, 0x00, 0x00, 0x00, 0x00, 0x00, 0x00,
    0x00, 0x00, 0x4f, 0xff, 0x10, 0x00, 0x00, 0xdf, 0xfb, 0x00, 0x00, 0x00, 0x00, 0x00, 0x00, 0x00,
    0x00, 0x00, 0x7f, 0xfe, 0x00, 0x00, 0x00, 0x9f, 0xff, 0x00, 0x00, 0x00, 0x00, 0x00, 0x00, 0x00,
    0x00, 0x00, 0xbf, 0xfb, 0x00, 0x00, 0x00, 0x5f, 0xff, 0x60, 0x00, 0x00, 0x00, 0x00, 0x00, 0x00,
    0x00, 0x02, 0xff, 0xf6, 0x00, 0x00, 0x00, 0x0e, 0xff, 0xd0, 0x00, 0x00, 0x00, 0x00, 0x00, 0x00,
    0x00, 0x09, 0xff, 0xf0, 0x00, 0x00, 0x00, 0x07, 0xff, 0xf9, 0x00, 0x00, 0x00, 0x00, 0x00, 0x00,
    0x00, 0x4f, 0xff, 0x80, 0x00, 0x00, 0x00, 0x00, 0xdf, 0xff, 0x70, 0x00, 0x00, 0x00, 0x00, 0x00,
    0x03, 0xef, 0xfe, 0x10, 0x00, 0x00, 0x00, 0x00, 0x2f, 0xff, 0xf9, 0x10, 0x00, 0x00, 0x00, 0x00,
    0x6f, 0xff, 0xf3, 0x00, 0x00, 0x00, 0x00, 0x00, 0x04, 0xff, 0xff, 0xf9, 0x41, 0x00, 0x13, 0x8d,
    0xff, 0xff, 0x50, 0x00, 0x00, 0x00, 0x00, 0x00, 0x00, 0x2e, 0xff, 0xff, 0xff, 0xff, 0xff, 0xff,
    0xff, 0xf4, 0x00, 0x00, 0x00, 0x00, 0x00, 0x00, 0x00, 0x00, 0x7e, 0xff, 0xff, 0xff, 0xff, 0xff,
    0xff, 0xfd, 0x20, 0x00, 0x00, 0x00, 0x00, 0x00, 0x00, 0x00, 0x00, 0x49, 0xce, 0xff, 0xec, 0x97,
    0xff, 0xff, 0xf7, 0x00, 0x00, 0x00, 0x00, 0x00, 0x00, 0x00, 0x00, 0x00, 0x00, 0x00, 0x00, 0x00,
    0x1b, 0xff, 0xff, 0xc2, 0x00, 0x00, 0x00, 0x00, 0x00, 0x00, 0x00, 0x00, 0x00, 0x00, 0x00, 0x00,
    0x00, 0x7f, 0xff, 0xff, 0x70, 0x00, 0x00, 0x00, 0x00, 0x00, 0x00, 0x00, 0x00, 0x00, 0x00, 0x00,
    0x00, 0x02, 0xcf, 0xff, 0xfc, 0x20, 0x00, 0x05, 0xff, 0xff, 0xff, 0xff, 0xfe, 0xb7, 0x20, 0x00,
    0x00, 0x00, 0x00, 0x05, 0xff, 0xff, 0xff, 0xff, 0xff, 0xff, 0xf8, 0x00, 0x00, 0x00, 0x00, 0x05,
    0xff, 0xff, 0xff, 0xff, 0xff, 0xff, 0xff, 0xb0, 0x00, 0x00, 0x00, 0x05, 0xff, 0xf0, 0x00, 0x00,
    0x03, 0x8f, 0xff, 0xf8, 0x00, 0x00, 0x00, 0x05, 0xff, 0xf0, 0x00, 0x00, 0x00, 0x02, 0xef, 0xff,
    0x00, 0x00, 0x00, 0x05, 0xff, 0xf0, 0x00, 0x00, 0x00, 0x00, 0x6f, 0xff, 0x50, 0x00, 0x00, 0x05,
    0xff, 0xf0, 0x00, 0x00, 0x00, 0x00, 0x0f, 0xff, 0x70, 0x00, 0x00, 0x05, 0xff, 0xf0, 0x00, 0x00,
    0x00, 0x00, 0x0e, 0xff, 0x80, 0x00, 0x00, 0x05, 0xff, 0xf0, 0x00, 0x00, 0x00, 0x00, 0x0f, 0xff,
    0x70, 0x00, 0x00, 0x05, 0xff, 0xf0, 0x00, 0x00, 0x00, 0x00, 0x3f, 0xff, 0x40, 0x00, 0x00, 0x05,
    0xff, 0xf0, 0x00, 0x00, 0x00, 0x00, 0xaf, 0xfe, 0x00, 0x00, 0x00, 0x05, 0xff, 0xf0, 0x00, 0x00,
    0x00, 0x07, 0xff, 0xf6, 0x00, 0x00, 0x00, 0x05, 0xff, 0xf0, 0x00, 0x00, 0x14, 0xbf, 0xff, 0x90,
    0x00, 0x00, 0x00, 0x05, 0xff, 0xff, 0xff, 0xff, 0xff, 0xff, 0xf7, 0x00, 0x00, 0x00, 0x00, 0x05,
    0xff, 0xff, 0xff, 0xff, 0xff, 0xd8, 0x10, 0x00, 0x00, 0x00, 0x00, 0x05, 0xff, 0xff, 0xff, 0xff,
    0xff, 0xe4, 0x00, 0x00, 0x00, 0x00, 0x00, 0x05, 0xff, 0xf0, 0x00, 0x15, 0xdf, 0xff, 0x60, 0x00,
    0x00, 0x00, 0x00, 0x05, 0xff, 0xf0, 0x00, 0x00, 0x0b, 0xff, 0xf3, 0x00, 0x00, 0x00, 0x00, 0x05,
    0xff, 0xf0, 0x00, 0x00, 0x00, 0xdf, 0xfd, 0x00, 0x00, 0x00, 0x00, 0x05, 0xff, 0xf0, 0x00, 0x00,
    0x00, 0x3f, 0xff, 0x70, 0x00, 0x00, 0x00, 0x05, 0xff, 0xf0, 0x00, 0x00, 0x00, 0x09, 0xff, 0xf2,
    0x00, 0x00, 0x00, 0x05, 0xff, 0xf0, 0x00, 0x00, 0x00, 0x01, 0xef, 0xfb, 0x00, 0x00, 0x00, 0x05,
    0xff, 0xf0, 0x00, 0x00, 0x00, 0x00, 0x6f, 0xff, 0x50, 0x00, 0x00, 0x05, 0xff, 0xf0, 0x00, 0x00,
    0x00, 0x00, 0x0d, 0xff, 0xe0, 0x00, 0x00, 0x05, 0xff, 0xf0, 0x00, 0x00, 0x00, 0x00, 0x03, 0xff,
    0xf9, 0x00, 0x00, 0x05, 0xff, 0xf0, 0x00, 0x00, 0x00, 0x00, 0x00, 0xaf, 0xff, 0x30, 0x00, 0x05,
    0xff, 0xf0, 0x00, 0x00, 0x00, 0x00, 0x00, 0x1f, 0xff, 0xc0, 0x00, 0x05, 0xff, 0xf0, 0x00, 0x00,
    0x00, 0x00, 0x00, 0x07, 0xff, 0xf7, 0x00, 0x00, 0x00, 0x03, 0x8b, 0xef, 0xff, 0xdb, 0x61, 0x00,
    0x00, 0x00, 0x00, 0x03, 0xcf, 0xff, 0xff, 0xff, 0xff, 0xff, 0x20, 0x00, 0x00, 0x00, 0x7f, 0xff,
    0xff, 0xff, 0xff, 0xff, 0xff, 0x20, 0x00, 0x00, 0x05, 0xff, 0xff, 0x83, 0x10, 0x01, 0x48, 0xef,
    0x20, 0x00, 0x00, 0x0e, 0xff, 0xd1, 0x00, 0x00, 0x00, 0x00, 0x08, 0x20, 0x00, 0x00, 0x5f, 0xff,
    0x30, 0x00, 0x00, 0x00, 0x00, 0x00, 0x00, 0x00, 0x00, 0x8f, 0xfe, 0x00, 0x00, 0x00, 0x00, 0x00,
    0x00, 0x00, 0x00, 0x00, 0x9f, 0xfe, 0x00, 0x00, 0x00, 0x00, 0x00, 0x00, 0x00, 0x00, 0x00, 0x7f,
    0xff, 0x20, 0x00, 0x00, 0x00, 0x00, 0x00, 0x00, 0x00, 0x00, 0x2f, 0xff, 0xc0, 0x00, 0x00, 0x00,
    0x00, 0x00, 0x00, 0x00, 0x00, 0x0a, 0xff, 0xfc, 0x20, 0x00, 0x00, 0x00, 0x00, 0x00, 0x00, 0x00,
    0x01, 0xdf, 0xff, 0xf9, 0x10, 0x00, 0x00, 0x00, 0x00, 0x00, 0x00, 0x00, 0x1b, 0xff, 0xff, 0xf9,
    0x10, 0x00, 0x00, 0x00, 0x00, 0x00, 0x00, 0x00, 0x6e, 0xff, 0xff, 0xf8, 0x10, 0x00, 0x00, 0x00,
    0x00, 0x00, 0x00, 0x00, 0x8f, 0xff, 0xff, 0xe6, 0x00, 0x00, 0x00, 0x00, 0x00, 0x00, 0x00, 0x01,
    0x8f, 0xff, 0xff, 0xa0, 0x00, 0x00, 0x00, 0x00, 0x00, 0x00, 0x00, 0x01, 0x9f, 0xff, 0xfa, 0x00,
    0x00, 0x00, 0x00, 0x00, 0x00, 0x00, 0x00, 0x03, 0xdf, 0xff, 0x60, 0x00, 0x00, 0x00, 0x00, 0x00,
    0x00, 0x00, 0x00, 0x1e, 0xff, 0xe0, 0x00, 0x00, 0x00, 0x00, 0x00, 0x00, 0x00, 0x00, 0x06, 0xff,
    0xf3, 0x00, 0x00, 0x00, 0x00, 0x00, 0x00, 0x00, 0x00, 0x02, 0xff, 0xf4, 0x00, 0x00, 0x00, 0x00,
    0x00, 0x00, 0x00, 0x00, 0x02, 0xff, 0xf4, 0x00, 0x00, 0x00, 0x00, 0x00, 0x00, 0x00, 0x00, 0x06,
    0xff, 0xf1, 0x00, 0x00, 0x86, 0x00, 0x00, 0x00, 0x00, 0x00, 0x2e, 0xff, 0xc0, 0x00, 0x00, 0xaf,
    0xea, 0x62, 0x00, 0x00, 0x38, 0xff, 0xff, 0x30, 0x00, 0x00, 0xaf, 0xff, 0xff, 0xff, 0xff, 0xff,
    0xff, 0xf6, 0x00, 0x00, 0x00, 0x9f, 0xff, 0xff, 0xff, 0xff, 0xff, 0xfc, 0x30, 0x00, 0x00, 0x00,
    0x04, 0x7a, 0xce, 0xff, 0xfd, 0xb8, 0x30, 0x00, 0x00, 0x00, 0x3f, 0xff, 0xff, 0xff, 0xff, 0xff,
    0xff, 0xff, 0xff, 0xff, 0x30, 0x3f, 0xff, 0xff, 0xff, 0xff, 0xff, 0xff, 0xff, 0xff, 0xff, 0x30,
    0x3f, 0xff, 0xff, 0xff, 0xff, 0xff, 0xff, 0xff, 0xff, 0xff, 0x30, 0x00, 0x00, 0x00, 0x00, 0x2f,
    0xff, 0x20, 0x00, 0x00, 0x00, 0x00, 0x00, 0x00, 0x00, 0x00, 0x2f, 0xff, 0x20, 0x00, 0x00, 0x00,
    0x00, 0x00, 0x00, 0x00, 0x00, 0x2f, 0xff, 0x20, 0x00, 0x00, 0x00, 0x00, 0x00, 0x00, 0x00, 0x00,
    0x2f, 0xff, 0x20, 0x00, 0x00, 0x00, 0x00, 0x00, 0x00, 0x00, 0x00, 0x2f, 0xff, 0x20, 0x00, 0x00,
    0x00, 0x00, 0x00, 0x00, 0x00, 0x00, 0x2f, 0xff, 0x20, 0x00, 0x00, 0x00, 0x00, 0x00, 0x00, 0x00,
    0x00, 0x2f, 0xff, 0x20, 0x00, 0x00, 0x00, 0x00, 0x00, 0x00, 0x00, 0x00, 0x2f, 0xff, 0x20, 0x00,
    0x00, 0x00, 0x00, 0x00, 0x00, 0x00, 0x00, 0x2f, 0xff, 0x20, 0x00, 0x00, 0x00, 0x00, 0x00, 0x00,
    0x00, 0x00, 0x2f, 0xff, 0x20, 0x00, 0x00, 0x00, 0x00, 0x00, 0x00, 0x00, 0x00, 0x2f, 0xff, 0x20,
    0x00, 0x00, 0x00, 0x00, 0x00, 0x00, 0x00, 0x00, 0x2f, 0xff, 0x20, 0x00, 0x00, 0x00, 0x00, 0x00,
    0x00, 0x00, 0x00, 0x2f, 0xff, 0x20, 0x00, 0x00, 0x00, 0x00, 0x00, 0x00, 0x00, 0x00, 0x2f, 0xff,
    0x20, 0x00, 0x00, 0x00, 0x00, 0x00, 0x00, 0x00, 0x00, 0x2f, 0xff, 0x20, 0x00, 0x00, 0x00, 0x00,
    0x00, 0x00, 0x00, 0x00, 0x2f, 0xff, 0x20, 0x00, 0x00, 0x00, 0x00, 0x00, 0x00, 0x00, 0x00, 0x2f,
    0xff, 0x20, 0x00, 0x00, 0x00, 0x00, 0x00, 0x00, 0x00, 0x00, 0x2f, 0xff, 0x20, 0x00, 0x00, 0x00,
    0x00, 0x00, 0x00, 0x00, 0x00, 0x2f, 0xff, 0x20, 0x00, 0x00, 0x00, 0x00, 0x00, 0x00, 0x00, 0x00,
    0x2f, 0xff, 0x20, 0x00, 0x00, 0x00, 0x00, 0x00, 0x00, 0x00, 0x00, 0x2f, 0xff, 0x20, 0x00, 0x00,
    0x00, 0x00, 0x00, 0x00, 0x00, 0x00, 0x2f, 0xff, 0x20, 0x00, 0x00, 0x00, 0x00, 0x00, 0x00, 0x00,
    0x00, 0x2f, 0xff, 0x20, 0x00, 0x00, 0x00, 0x00, 0x00, 0x00, 0x00, 0x00, 0x2f, 0xff, 0x20, 0x00,
    0x00, 0x00, 0x00, 0x00, 0x00, 0x00, 0x00, 0x2f, 0xff, 0x20, 0x00, 0x00, 0x00, 0x00, 0x00, 0x0a,
    0xff, 0x90, 0x00, 0x00, 0x00, 0x00, 0x00, 0x00, 0x2f, 0xff, 0x20, 0x00, 0x00, 0x0a, 0xff, 0x90,
    0x00, 0x00, 0x00, 0x00, 0x00, 0x00, 0x2f, 0xff, 0x20, 0x00, 0x00, 0x0a, 0xff, 0x90, 0x00, 0x00,
    0x00, 0x00, 0x00, 0x00, 0x2f, 0xff, 0x20, 0x00, 0x00, 0x0a, 0xff, 0x90, 0x00, 0x00, 0x00, 0x00,
    0x00, 0x00, 0x2f, 0xff, 0x20, 0x00, 0x00, 0x0a, 0xff, 0x90, 0x00, 0x00, 0x00, 0x00, 0x00, 0x00,
    0x2f, 0xff, 0x20, 0x00, 0x00, 0x0a, 0xff, 0x90, 0x00, 0x00, 0x00, 0x00, 0x00, 0x00, 0x2f, 0xff,
    0x20, 0x00, 0x00, 0x0a, 0xff, 0x90, 0x00, 0x00, 0x00, 0x00, 0x00, 0x00, 0x2f, 0xff, 0x20, 0x00,
    0x00, 0x0a, 0xff, 0x90, 0x00, 0x00, 0x00, 0x00, 0x00, 0x00, 0x2f, 0xff, 0x20, 0x00, 0x00, 0x0a,
    0xff, 0x90, 0x00, 0x00, 0x00, 0x00, 0x00, 0x00, 0x2f, 0xff, 0x20, 0x00, 0x00, 0x0a, 0xff, 0x90,
    0x00, 0x00, 0x00, 0x00, 0x00, 0x00, 0x2f, 0xff, 0x20, 0x00, 0x00, 0x0a, 0xff, 0x90, 0x00, 0x00,
    0x00, 0x00, 0x00, 0x00, 0x2f, 0xff, 0x20, 0x00, 0x00, 0x0a, 0xff, 0x90, 0x00, 0x00, 0x00, 0x00,
    0x00, 0x00, 0x2f, 0xff, 0x20, 0x00, 0x00, 0x0a, 0xff, 0x90, 0x00, 0x00, 0x00, 0x00, 0x00, 0x00,
    0x2f, 0xff, 0x20, 0x00, 0x00, 0x0a, 0xff, 0x90, 0x00, 0x00, 0x00, 0x00, 0x00, 0x00, 0x2f, 0xff,
    0x20, 0x00, 0x00, 0x0a, 0xff, 0x90, 0x00, 0x00, 0x00, 0x00, 0x00, 0x00, 0x2f, 0xff, 0x20, 0x00,
    0x00, 0x0a, 0xff, 0x90, 0x00, 0x00, 0x00, 0x00, 0x00, 0x00, 0x2f, 0xff, 0x20, 0x00, 0x00, 0x0a,
    0xff, 0x90, 0x00, 0x00, 0x00, 0x00, 0x00, 0x00, 0x2f, 0xff, 0x20, 0x00, 0x00, 0x0a, 0xff, 0xa0,
    0x00, 0x00, 0x00, 0x00, 0x00, 0x00, 0x2f, 0xff, 0x10, 0x00, 0x00, 0x09, 0xff, 0xb0, 0x00, 0x00,
    0x00, 0x00, 0x00, 0x00, 0x3f, 0xff, 0x00, 0x00, 0x00, 0x07, 0xff, 0xe0, 0x00, 0x00, 0x00, 0x00,
    0x00, 0x00, 0x5f, 0xfe, 0x00, 0x00, 0x00, 0x04, 0xff, 0xf2, 0x00, 0x00, 0x00, 0x00, 0x00, 0x00,
    0x9f, 0xfb, 0x00, 0x00, 0x00, 0x01, 0xff, 0xf8, 0x00, 0x00, 0x00, 0x00, 0x00, 0x00, 0xef, 0xf7,
    0x00, 0x00, 0x00, 0x00, 0xbf, 0xff, 0x20, 0x00, 0x00, 0x00, 0x00, 0x08, 0xff, 0xf1, 0x00, 0x00,
    0x00, 0x00, 0x4f, 0xff, 0xe2, 0x00, 0x00, 0x00, 0x00, 0x6f, 0xff, 0x90, 0x00, 0x00, 0x00, 0x00,
    0x0a, 0xff, 0xff, 0x94, 0x00, 0x01, 0x5c, 0xff, 0xfd, 0x00, 0x00, 0x00, 0x00, 0x00, 0x00, 0xbf,
    0xff, 0xff, 0xff, 0xff, 0xff, 0xff, 0xd2, 0x00, 0x00, 0x00, 0x00, 0x00, 0x00, 0x08, 0xff, 0xff,
    0xff, 0xff, 0xff, 0xf9, 0x10, 0x00, 0x00, 0x00, 0x00, 0x00, 0x00, 0x00, 0x16, 0xad, 0xef, 0xed,
    0xb7, 0x20, 0x00, 0x00, 0x00, 0x00, 0x7f, 0xff, 0x20, 0x00, 0x00, 0x00, 0x00, 0x00, 0x00, 0x00,
    0x3f, 0xff, 0x50, 0x1f, 0xff, 0x80, 0x00, 0x00, 0x00, 0x00, 0x00, 0x00, 0x00, 0x9f, 0xfe, 0x00,
    0x0b, 0xff, 0xd0, 0x00, 0x00, 0x00, 0x00, 0x00, 0x00, 0x00, 0xef, 0xf9, 0x00, 0x05, 0xff, 0xf3,
    0x00, 0x00, 0x00, 0x00, 0x00, 0x00, 0x04, 0xff, 0xf3, 0x00, 0x00, 0xff, 0xf9, 0x00, 0x00, 0x00,
    0x00, 0x00, 0x00, 0x0a, 0xff, 0xd0, 0x00, 0x00, 0xaf, 0xfe, 0x00, 0x00, 0x00, 0x00, 0x00, 0x00,
    0x0f, 0xff, 0x70, 0x00, 0x00, 0x4f, 0xff, 0x40, 0x00, 0x00, 0x00, 0x00, 0x00, 0x5f, 0xff, 0x10,
    0x00, 0x00, 0x0e, 0xff, 0x90, 0x00, 0x00, 0x00, 0x00, 0x00, 0xbf, 0xfb, 0x00, 0x00, 0x00, 0x08,
    0xff, 0xe0, 0x00, 0x00, 0x00, 0x00, 0x01, 0xff, 0xf5, 0x00, 0x00, 0x00, 0x03, 0xff, 0xf5, 0x00,
    0x00, 0x00, 0x00, 0x06, 0xff, 0xf0, 0x00, 0x00, 0x00, 0x00, 0xdf, 0xfa, 0x00, 0x00, 0x00, 0x00,
    0x0c, 0xff, 0x90, 0x00, 0x00, 0x00, 0x00, 0x7f, 0xff, 0x00, 0x00, 0x00, 0x00, 0x2f, 0xff, 0x30,
    0x00, 0x00, 0x00, 0x00, 0x1f, 0xff, 0x50, 0x00, 0x00, 0x00, 0x8f, 0xfd, 0x00, 0x00, 0x00, 0x00,
    0x00, 0x0b, 0xff, 0xb0, 0x00, 0x00, 0x00, 0xdf, 0xf7, 0x00, 0x00, 0x00, 0x00, 0x00, 0x06, 0xff,
    0xf1, 0x00, 0x00, 0x03, 0xff, 0xf2, 0x00, 0x00, 0x00, 0x00, 0x00, 0x00, 0xff, 0xf6, 0x00, 0x00,
    0x09, 0xff, 0xc0, 0x00, 0x00, 0x00, 0x00, 0x00, 0x00, 0xaf, 0xfc, 0x00, 0x00, 0x0e, 0xff, 0x60,
    0x00, 0x00, 0x00, 0x00, 0x00, 0x00, 0x4f, 0xff, 0x10, 0x00, 0x4f, 0xff, 0x00, 0x00, 0x00, 0x00,
    0x00, 0x00, 0x00, 0x0e, 0xff, 0x70, 0x00, 0xaf, 0xfa, 0x00, 0x00, 0x00, 0x00, 0x00, 0x00, 0x00,
    0x09, 0xff, 0xc0, 0x00, 0xff, 0xf4, 0x00, 0x00, 0x00, 0x00, 0x00, 0x00, 0x00, 0x03, 0xff, 0xf2,
    0x05, 0xff, 0xe0, 0x00, 0x00, 0x00, 0x00, 0x00, 0x00, 0x00, 0x00, 0xdf, 0xf8, 0x0b, 0xff, 0x80,
    0x00, 0x00, 0x00, 0x00, 0x00, 0x00, 0x00, 0x00, 0x7f, 0xfd, 0x1f, 0xff, 0x20, 0x00, 0x00, 0x00,
    0x00, 0x00, 0x00, 0x00, 0x00, 0x1f, 0xff, 0x7f, 0xfc, 0x00, 0x00, 0x00, 0x00, 0x00, 0x00, 0x00,
    0x00, 0x00, 0x0c, 0xff, 0xdf, 0xf6, 0x00, 0x00, 0x00, 0x00, 0x00, 0x00, 0x00, 0x00, 0x00, 0x06,
    0xff, 0xff, 0xf1, 0x00, 0x00, 0x00, 0x00, 0x00, 0x00, 0x00, 0x00, 0x00, 0x00, 0xff, 0xff, 0xa0,
    0x00, 0x00, 0x00, 0x00, 0x00, 0x00, 0x00, 0x00, 0x00, 0x00, 0xaf, 0xff, 0x40, 0x00, 0x00, 0x00,
    0x00, 0x00, 0x5f, 0xff, 0x40, 0x00, 0x00, 0x00, 0x00, 0x00, 0x0b, 0xff, 0xb0, 0x00, 0x00, 0x00,
    0x00, 0x00, 0x0c, 0xff, 0xb0, 0x1f, 0xff, 0x80, 0x00, 0x00, 0x00, 0x00, 0x00, 0x0f, 0xff, 0xf0,
    0x00, 0x00, 0x00, 0x00, 0x00, 0x1f, 0xff, 0x70, 0x0c, 0xff, 0xd0, 0x00, 0x00, 0x00, 0x00, 0x00,
    0x4f, 0xff, 0xf4, 0x00, 0x00, 0x00, 0x00, 0x00, 0x5f, 0xff, 0x20, 0x07, 0xff, 0xf1, 0x00, 0x00,
    0x00, 0x00, 0x00, 0x9f, 0xff, 0xf8, 0x00, 0x00, 0x00, 0x00, 0x00, 0x9f, 0xfe, 0x00, 0x02, 0xff,
    0xf5, 0x00, 0x00, 0x00, 0x00, 0x00, 0xdf, 0xff, 0xfd, 0x00, 0x00, 0x00, 0x00, 0x00, 0xdf, 0xf9,
    0x00, 0x00, 0xdf, 0xfa, 0x00, 0x00, 0x00, 0x00, 0x02, 0xff, 0xbf, 0xff, 0x10, 0x00, 0x00, 0x00,
    0x02, 0xff, 0xf5, 0x00, 0x00, 0x9f, 0xfe, 0x00, 0x00, 0x00, 0x00, 0x07, 0xff, 0x8d, 0xff, 0x60,
    0x00, 0x00, 0x00, 0x06, 0xff, 0xf0, 0x00, 0x00, 0x4f, 0xff, 0x30, 0x00, 0x00, 0x00, 0x0b, 0xff,
    0x4a, 0xff, 0xa0, 0x00, 0x00, 0x00, 0x0a, 0xff, 0xc0, 0x00, 0x00, 0x0f, 0xff, 0x70, 0x00, 0x00,
    0x00, 0x0f, 0xff, 0x05, 0xff, 0xe0, 0x00, 0x00, 0x00, 0x0e, 0xff, 0x70, 0x00, 0x00, 0x0b, 0xff,
    0xc0, 0x00, 0x00, 0x00, 0x4f, 0xfb, 0x01, 0xff, 0xf3, 0x00, 0x00, 0x00, 0x3f, 0xff, 0x30, 0x00,
    0x00, 0x06, 0xff, 0xf0, 0x00, 0x00, 0x00, 0x9f, 0xf7, 0x00, 0xcf, 0xf7, 0x00, 0x00, 0x00, 0x7f,
    0xfe, 0x00, 0x00, 0x00, 0x01, 0xff, 0xf4, 0x00, 0x00, 0x00, 0xef, 0xf2, 0x00, 0x8f, 0xfb, 0x00,
    0x00, 0x00, 0xbf, 0xfa, 0x00, 0x00, 0x00, 0x00, 0xdf, 0xf9, 0x00, 0x00, 0x02, 0xff, 0xe0, 0x00,
    0x3f, 0xff, 0x00, 0x00, 0x00, 0xff, 0xf5, 0x00, 0x00, 0x00, 0x00, 0x8f, 0xfd, 0x00, 0x00, 0x07,
    0xff, 0x90, 0x00, 0x0f, 0xff, 0x40, 0x00, 0x04, 0xff, 0xf1, 0x00, 0x00, 0x00, 0x00, 0x3f, 0xff,
    0x20, 0x00, 0x0b, 0xff, 0x50, 0x00, 0x0a, 0xff, 0x90, 0x00, 0x08, 0xff, 0xc0, 0x00, 0x00, 0x00,
    0x00, 0x0e, 0xff, 0x60, 0x00, 0x0f, 0xff, 0x10, 0x00, 0x06, 0xff, 0xd0, 0x00, 0x0c, 0xff, 0x70,
    0x00, 0x00, 0x00, 0x00, 0x0a, 0xff, 0xb0, 0x00, 0x5f, 0xfc, 0x00, 0x00, 0x01, 0xff, 0xf1, 0x00,
    0x0f, 0xff, 0x30, 0x00, 0x00, 0x00, 0x00, 0x05, 0xff, 0xf0, 0x00, 0x9f, 0xf7, 0x00, 0x00, 0x00,
    0xdf, 0xf6, 0x00, 0x5f, 0xfe, 0x00, 0x00, 0x00, 0x00, 0x00, 0x01, 0xff, 0xf3, 0x00, 0xef, 0xf3,
    0x00, 0x00, 0x00, 0x8f, 0xfa, 0x00, 0x9f, 0xfa, 0x00, 0x00, 0x00, 0x00, 0x00, 0x00, 0xcf, 0xf8,
    0x02, 0xff, 0xe0, 0x00, 0x00, 0x00, 0x4f, 0xfe, 0x00, 0xdf, 0xf5, 0x00, 0x00, 0x00, 0x00, 0x00,
    0x00, 0x7f, 0xfc, 0x07, 0xff, 0xa0, 0x00, 0x00, 0x00, 0x0f, 0xff, 0x31, 0xff, 0xf1, 0x00, 0x00,
    0x00, 0x00, 0x00, 0x00, 0x3f, 0xff, 0x1c, 0xff, 0x50, 0x00, 0x00, 0x00, 0x0b, 0xff, 0x75, 0xff,
    0xc0, 0x00, 0x00, 0x00, 0x00, 0x00, 0x00, 0x0e, 0xff, 0x5f, 0xff, 0x10, 0x00, 0x00, 0x00, 0x06,
    0xff, 0xb9, 0xff, 0x80, 0x00, 0x00, 0x00, 0x00, 0x00, 0x00, 0x09, 0xff, 0xaf, 0xfc, 0x00, 0x00,
    0x00, 0x00, 0x02, 0xff, 0xed, 0xff, 0x30, 0x00, 0x00, 0x00, 0x00, 0x00, 0x00, 0x04, 0xff, 0xff,
    0xf8, 0x00, 0x00, 0x00, 0x00, 0x00, 0xdf, 0xff, 0xff, 0x00, 0x00, 0x00, 0x00, 0x00, 0x00, 0x00,
    0x00, 0xff, 0xff, 0xf3, 0x00, 0x00, 0x00, 0x00, 0x00, 0x9f, 0xff, 0xfa, 0x00, 0x00, 0x00, 0x00,
    0x00, 0x00, 0x00, 0x00, 0xbf, 0xff, 0xe0, 0x00, 0x00, 0x00, 0x00, 0x00, 0x4f, 0xff, 0xf6, 0x00,
    0x00, 0x00, 0x00, 0x00, 0x00, 0x00, 0x00, 0x6f, 0xff, 0xa0, 0x00, 0x00, 0x00, 0x00, 0x00, 0x0f,
    0xff, 0xf1, 0x00, 0x00, 0x00, 0x00, 0x07, 0xff, 0xf9, 0x00, 0x00, 0x00, 0x00, 0x00, 0x00, 0x3f,
    0xff, 0x90, 0x00, 0xcf, 0xff, 0x20, 0x00, 0x00, 0x00, 0x00, 0x00, 0xcf, 0xfe, 0x00, 0x00, 0x3f,
    0xff, 0xb0, 0x00, 0x00, 0x00, 0x00, 0x06, 0xff, 0xf4, 0x00, 0x00, 0x09, 0xff, 0xf5, 0x00, 0x00,
    0x00, 0x00, 0x1e, 0xff, 0xa0, 0x00, 0x00, 0x00, 0xef, 0xfd, 0x00, 0x00, 0x00, 0x00, 0x9f, 0xfe,
    0x10, 0x00, 0x00, 0x00, 0x5f, 0xff, 0x70, 0x00, 0x00, 0x03, 0xff, 0xf6, 0x00, 0x00, 0x00, 0x00,
    0x0b, 0xff, 0xf1, 0x00, 0x00, 0x0d, 0xff, 0xc0, 0x00, 0x00, 0x00, 0x00, 0x02, 0xff, 0xfa, 0x00,
    0x00, 0x7f, 0xff, 0x20, 0x00, 0x00, 0x00, 0x00, 0x00, 0x7f, 0xff, 0x30, 0x01, 0xff, 0xf7, 0x00,
    0x00, 0x00, 0x00, 0x00, 0x00, 0x0d, 0xff, 0xc0, 0x0a, 0xff, 0xd0, 0x00, 0x00, 0x00, 0x00, 0x00,
    0x00, 0x03, 0xff, 0xf5, 0x4f, 0xff, 0x30, 0x00, 0x00, 0x00, 0x00, 0x00, 0x00, 0x00, 0x9f, 0xfd,
    0xcf, 0xf9, 0x00, 0x00, 0x00, 0x00, 0x00, 0x00, 0x00, 0x00, 0x1e, 0xff, 0xff, 0xe0, 0x00, 0x00,
    0x00, 0x00, 0x00, 0x00, 0x00, 0x00, 0x06, 0xff, 0xff, 0x50, 0x00, 0x00, 0x00, 0x00, 0x00, 0x00,
    0x00, 0x00, 0x07, 0xff, 0xff, 0x70, 0x00, 0x00, 0x00, 0x00, 0x00, 0x00, 0x00, 0x00, 0x2f, 0xff,
    0xff, 0xf2, 0x00, 0x00, 0x00, 0x00, 0x00, 0x00, 0x00, 0x00, 0xcf, 0xf9, 0xdf, 0xfb, 0x00, 0x00,
    0x00, 0x00, 0x00, 0x00, 0x00, 0x07, 0xff, 0xf1, 0x4f, 0xff, 0x50, 0x00, 0x00, 0x00, 0x00, 0x00,
    0x00, 0x2f, 0xff, 0x60, 0x0b, 0xff, 0xe1, 0x00, 0x00, 0x00, 0x00, 0x00, 0x00, 0xcf, 0xfc, 0x00,
    0x02, 0xff, 0xfa, 0x00, 0x00, 0x00, 0x00, 0x00, 0x07, 0xff, 0xf3, 0x00, 0x00, 0x8f, 0xff, 0x40,
    0x00, 0x00, 0x00, 0x00, 0x2f, 0xff, 0x90, 0x00, 0x00, 0x0d, 0xff, 0xd0, 0x00, 0x00, 0x00, 0x00,
    0xcf, 0xfe, 0x00, 0x00, 0x00, 0x04, 0xff, 0xf8, 0x00, 0x00, 0x00, 0x07, 0xff, 0xf5, 0x00, 0x00,
    0x00, 0x00, 0xbf, 0xff, 0x20, 0x00, 0x00, 0x2f, 0xff, 0xb0, 0x00, 0x00, 0x00, 0x00, 0x2f, 0xff,
    0xc0, 0x00, 0x00, 0xcf, 0xff, 0x20, 0x00, 0x00, 0x00, 0x00, 0x07, 0xff, 0xf6, 0x00, 0x07, 0xff,
    0xf7, 0x00, 0x00, 0x00, 0x00, 0x00, 0x00, 0xdf, 0xff, 0x10, 0x2f, 0xff, 0xd0, 0x00, 0x00, 0x00,
    0x00, 0x00, 0x00, 0x4f, 0xff, 0xb0, 0x6f, 0xff, 0x50, 0x00, 0x00, 0x00, 0x00, 0x00, 0x00, 0xdf,
    0xf9, 0x0e, 0xff, 0xc0, 0x00, 0x00, 0x00, 0x00, 0x00, 0x05, 0xff, 0xf2, 0x06, 0xff, 0xf4, 0x00,
    0x00, 0x00, 0x00, 0x00, 0x0d, 0xff, 0x90, 0x00, 0xef, 0xfb, 0x00, 0x00, 0x00, 0x00, 0x00, 0x5f,
    0xff, 0x10, 0x00, 0x6f, 0xff, 0x30, 0x00, 0x00, 0x00, 0x00, 0xdf, 0xf9, 0x00, 0x00, 0x0e, 0xff,
    0xa0, 0x00, 0x00, 0x00, 0x05, 0xff, 0xf1, 0x00, 0x00, 0x06, 0xff, 0xf2, 0x00, 0x00, 0x00, 0x0d,
    0xff, 0x80, 0x00, 0x00, 0x00, 0xef, 0xfa, 0x00, 0x00, 0x00, 0x5f, 0xff, 0x10, 0x00, 0x00, 0x00,
    0x6f, 0xff, 0x20, 0x00, 0x00, 0xdf, 0xf8, 0x00, 0x00, 0x00, 0x00, 0x0e, 0xff, 0x90, 0x00, 0x05,
    0xff, 0xe1, 0x00, 0x00, 0x00, 0x00, 0x06, 0xff, 0xf1, 0x00, 0x0d, 0xff, 0x70, 0x00, 0x00, 0x00,
    0x00, 0x00, 0xef, 0xf8, 0x00, 0x5f, 0xfe, 0x00, 0x00, 0x00, 0x00, 0x00, 0x00, 0x6f, 0xff, 0x10,
    0xdf, 0xf7, 0x00, 0x00, 0x00, 0x00, 0x00, 0x00, 0x0e, 0xff, 0x74, 0xff, 0xe0, 0x00, 0x00, 0x00,
    0x00, 0x00, 0x00, 0x06, 0xff, 0xdb, 0xff, 0x60, 0x00, 0x00, 0x00, 0x00, 0x00, 0x00, 0x00, 0xef,
    0xff, 0xfe, 0x00, 0x00, 0x00, 0x00, 0x00, 0x00, 0x00, 0x00, 0x6f, 0xff, 0xf6, 0x00, 0x00, 0x00,
    0x00, 0x00, 0x00, 0x00, 0x00, 0x0e, 0xff, 0xd0, 0x00, 0x00, 0x00, 0x00, 0x00, 0x00, 0x00, 0x00,
    0x0a, 0xff, 0xa0, 0x00, 0x00, 0x00, 0x00, 0x00, 0x00, 0x00, 0x00, 0x0a, 0xff, 0xa0, 0x00, 0x00,
    0x00, 0x00, 0x00, 0x00, 0x00, 0x00, 0x0a, 0xff, 0xa0, 0x00, 0x00, 0x00, 0x00, 0x00, 0x00, 0x00,
    0x00, 0x0a, 0xff, 0xa0, 0x00, 0x00, 0x00, 0x00, 0x00, 0x00, 0x00, 0x00, 0x0a, 0xff, 0xa0, 0x00,
    0x00, 0x00, 0x00, 0x00, 0x00, 0x00, 0x00, 0x0a, 0xff, 0xa0, 0x00, 0x00, 0x00, 0x00, 0x00, 0x00,
    0x00, 0x00, 0x0a, 0xff, 0xa0, 0x00, 0x00, 0x00, 0x00, 0x00, 0x00, 0x00, 0x00, 0x0a, 0xff, 0xa0,
    0x00, 0x00, 0x00, 0x00, 0x00, 0x00, 0x00, 0x00, 0x0a, 0xff, 0xa0, 0x00, 0x00, 0x00, 0x00, 0x00,
    0x00, 0x00, 0x00, 0x0a, 0xff, 0xa0, 0x00, 0x00, 0x00, 0x00, 0x00, 0xff, 0xff, 0xff, 0xff, 0xff,
    0xff, 0xff, 0xff, 0xff, 0xfe, 0x00, 0x00, 0xff, 0xff, 0xff, 0xff, 0xff, 0xff, 0xff, 0xff, 0xff,
    0xf7, 0x00, 0x00, 0xff, 0xff, 0xff, 0xff, 0xff, 0xff, 0xff, 0xff, 0xff, 0xc0, 0x00, 0x00, 0x00,
    0x00, 0x00, 0x00, 0x00, 0x00, 0x00, 0x7f, 0xff, 0x20, 0x00, 0x00, 0x00, 0x00, 0x00, 0x00, 0x00,
    0x00, 0x02, 0xff, 0xf6, 0x00, 0x00, 0x00, 0x00, 0x00, 0x00, 0x00, 0x00, 0x00, 0x0c, 0xff, 0xc0,
    0x00, 0x00, 0x00, 0x00, 0x00, 0x00, 0x00, 0x00, 0x00, 0x7f, 0xff, 0x20, 0x00, 0x00, 0x00, 0x00,
    0x00, 0x00, 0x00, 0x00, 0x02, 0xff, 0xf6, 0x00, 0x00, 0x00, 0x00, 0x00, 0x00, 0x00, 0x00, 0x00,
    0x0c, 0xff, 0xb0, 0x00, 0x00, 0x00, 0x00, 0x00, 0x00, 0x00, 0x00, 0x00, 0x7f, 0xff, 0x10, 0x00,
    0x00, 0x00, 0x00, 0x00, 0x00, 0x00, 0x00, 0x02, 0xff, 0xf6, 0x00, 0x00, 0x00, 0x00, 0x00, 0x00,
    0x00, 0x00, 0x00, 0x0d, 0xff, 0xb0, 0x00, 0x00, 0x00, 0x00, 0x00, 0x00, 0x00, 0x00, 0x00, 0x8f,
    0xfe, 0x10, 0x00, 0x00, 0x00, 0x00, 0x00, 0x00, 0x00, 0x00, 0x03, 0xff, 0xf5, 0x00, 0x00, 0x00,
    0x00, 0x00, 0x00, 0x00, 0x00, 0x00, 0x0d, 0xff, 0xa0, 0x00, 0x00, 0x00, 0x00, 0x00, 0x00, 0x00,
    0x00, 0x00, 0x8f, 0xfe, 0x10, 0x00, 0x00, 0x00, 0x00, 0x00, 0x00, 0x00, 0x00, 0x03, 0xff, 0xf5,
    0x00, 0x00, 0x00, 0x00, 0x00, 0x00, 0x00, 0x00, 0x00, 0x0d, 0xff, 0xa0, 0x00, 0x00, 0x00, 0x00,
    0x00, 0x00, 0x00, 0x00, 0x00, 0x9f, 0xfe, 0x10, 0x00, 0x00, 0x00, 0x00, 0x00, 0x00, 0x00, 0x00,
    0x03, 0xff, 0xf4, 0x00, 0x00, 0x00, 0x00, 0x00, 0x00, 0x00, 0x00, 0x00, 0x0d, 0xff, 0x90, 0x00,
    0x00, 0x00, 0x00, 0x00, 0x00, 0x00, 0x00, 0x00, 0x9f, 0xfe, 0x00, 0x00, 0x00, 0x00, 0x00, 0x00,
    0x00, 0x00, 0x00, 0x04, 0xff, 0xf4, 0x00, 0x00, 0x00, 0x00, 0x00, 0x00, 0x00, 0x00, 0x00, 0x0e,
    0xff, 0x90, 0x00, 0x00, 0x00, 0x00, 0x00, 0x00, 0x00, 0x00, 0x00, 0x9f, 0xfd, 0x00, 0x00, 0x00,
    0x00, 0x00, 0x00, 0x00, 0x00, 0x00, 0x04, 0xff, 0xff, 0xff, 0xff, 0xff, 0xff, 0xff, 0xff, 0xff,
    0xf8, 0x00, 0x1e, 0xff, 0xff, 0xff, 0xff, 0xff, 0xff, 0xff, 0xff, 0xff, 0xf9, 0x00, 0x5f, 0xff,
    0xff, 0xff, 0xff, 0xff, 0xff, 0xff, 0xff, 0xff, 0xf9, 0x00, 0x00, 0x01, 0xff, 0xff, 0xff, 0xf1,
    0x00, 0x01, 0xff, 0xff, 0xff, 0xf1, 0x00, 0x01, 0xff, 0xd5, 0x55, 0x50, 0x00, 0x01, 0xff, 0xc0,
    0x00, 0x00, 0x00, 0x01, 0xff, 0xc0, 0x00, 0x00, 0x00, 0x01, 0xff, 0xc0, 0x00, 0x00, 0x00, 0x01,
    0xff, 0xc0, 0x00, 0x00, 0x00, 0x01, 0xff, 0xc0, 0x00, 0x00, 0x00, 0x01, 0xff, 0xc0, 0x00, 0x00,
    0x00, 0x01, 0xff, 0xc0, 0x00, 0x00, 0x00, 0x01, 0xff, 0xc0, 0x00, 0x00, 0x00, 0x01, 0xff, 0xc0,
    0x00, 0x00, 0x00, 0x01, 0xff, 0xc0, 0x00, 0x00, 0x00, 0x01, 0xff, 0xc0, 0x00, 0x00, 0x00, 0x01,
    0xff, 0xc0, 0x00, 0x00, 0x00, 0x01, 0xff, 0xc0, 0x00, 0x00, 0x00, 0x01, 0xff, 0xc0, 0x00, 0x00,
    0x00, 0x01, 0xff, 0xc0, 0x00, 0x00, 0x00, 0x01, 0xff, 0xc0, 0x00, 0x00, 0x00, 0x01, 0xff, 0xc0,
    0x00, 0x00, 0x00, 0x01, 0xff, 0xc0, 0x00, 0x00, 0x00, 0x01, 0xff, 0xc0, 0x00, 0x00, 0x00, 0x01,
    0xff, 0xc0, 0x00, 0x00, 0x00, 0x01, 0xff, 0xc0, 0x00, 0x00, 0x00, 0x01, 0xff, 0xc0, 0x00, 0x00,
    0x00, 0x01, 0xff, 0xc0, 0x00, 0x00, 0x00, 0x01, 0xff, 0xc0, 0x00, 0x00, 0x00, 0x01, 0xff, 0xc0,
    0x00, 0x00, 0x00, 0x01, 0xff, 0xc0, 0x00, 0x00, 0x00, 0x01, 0xff, 0xc0, 0x00, 0x00, 0x00, 0x01,
    0xff, 0xc0, 0x00, 0x00, 0x00, 0x01, 0xff, 0xd5, 0x55, 0x50, 0x00, 0x01, 0xff, 0xff, 0xff, 0xf1,
    0x00, 0x01, 0xff, 0xff, 0xff, 0xf1, 0x5f, 0xfb, 0x00, 0x00, 0x00, 0x00, 0x00, 0x00, 0x00, 0x0e,
    0xff, 0x10, 0x00, 0x00, 0x00, 0x00, 0x00, 0x00, 0x08, 0xff, 0x80, 0x00, 0x00, 0x00, 0x00, 0x00,
    0x00, 0x02, 0xff, 0xe0, 0x00, 0x00, 0x00, 0x00, 0x00, 0x00, 0x00, 0xbf, 0xf4, 0x00, 0x00, 0x00,
    0x00, 0x00, 0x00, 0x00, 0x5f, 0xfb, 0x00, 0x00, 0x00, 0x00, 0x00, 0x00, 0x00, 0x0e, 0xff, 0x10,
    0x00, 0x00, 0x00, 0x00, 0x00, 0x00, 0x08, 0xff, 0x70, 0x00, 0x00, 0x00, 0x00, 0x00, 0x00, 0x02,
    0xff, 0xd0, 0x00, 0x00, 0x00, 0x00, 0x00, 0x00, 0x00, 0xbf, 0xf4, 0x00, 0x00, 0x00, 0x00, 0x00,
    0x00, 0x00, 0x5f, 0xfa, 0x00, 0x00, 0x00, 0x00, 0x00, 0x00, 0x00, 0x0e, 0xff, 0x10, 0x00, 0x00,
    0x00, 0x00, 0x00, 0x00, 0x08, 0xff, 0x70, 0x00, 0x00, 0x00, 0x00, 0x00, 0x00, 0x02, 0xff, 0xd0,
    0x00, 0x00, 0x00, 0x00, 0x00, 0x00, 0x00, 0xbf, 0xf4, 0x00, 0x00, 0x00, 0x00, 0x00, 0x00, 0x00,
    0x5f, 0xfa, 0x00, 0x00, 0x00, 0x00, 0x00, 0x00, 0x00, 0x0e, 0xff, 0x10, 0x00, 0x00, 0x00, 0x00,
    0x00, 0x00, 0x08, 0xff, 0x70, 0x00, 0x00, 0x00, 0x00, 0x00, 0x00, 0x02, 0xff, 0xd0, 0x00, 0x00,
    0x00, 0x00, 0x00, 0x00, 0x00, 0xbf, 0xf3, 0x00, 0x00, 0x00, 0x00, 0x00, 0x00, 0x00, 0x5f, 0xfa,
    0x00, 0x00, 0x00, 0x00, 0x00, 0x00, 0x00, 0x0e, 0xff, 0x10, 0x00, 0x00, 0x00, 0x00, 0x00, 0x00,
    0x08, 0xff, 0x60, 0x00, 0x00, 0x00, 0x00, 0x00, 0x00, 0x02, 0xff, 0xd0, 0x00, 0x00, 0x00, 0x00,
    0x00, 0x00, 0x00, 0xcf, 0xf3, 0x00, 0x00, 0x00, 0x00, 0x00, 0x00, 0x00, 0x5f, 0xf9, 0x00, 0x00,
    0x00, 0x00, 0x00, 0x00, 0x00, 0x0e, 0xff, 0x00, 0x00, 0x00, 0x00, 0x00, 0x00, 0x00, 0x08, 0xff,
    0x60, 0x00, 0x00, 0x00, 0x00, 0x00, 0x00, 0x02, 0xff, 0xc0, 0x00, 0x00, 0x00, 0x00, 0x00, 0x00,
    0x00, 0xcf, 0xf3, 0x00, 0x00, 0x00, 0x00, 0x00, 0x00, 0x00, 0x5f, 0xf9, 0x00, 0x00, 0x00, 0x00,
    0x00, 0x00, 0x00, 0x0e, 0xff, 0x00, 0x00, 0x00, 0x00, 0x00, 0x00, 0x00, 0x08, 0xff, 0x60, 0x0f,
    0xff, 0xff, 0xff, 0x30, 0x00, 0x0f, 0xff, 0xff, 0xff, 0x30, 0x00, 0x05, 0x55, 0x5c, 0xff, 0x30,
    0x00, 0x00, 0x00, 0x0a, 0xff, 0x30, 0x00, 0x00, 0x00, 0x0a, 0xff, 0x30, 0x00, 0x00, 0x00, 0x0a,
    0xff, 0x30, 0x00, 0x00, 0x00, 0x0a, 0xff, 0x30, 0x00, 0x00, 0x00, 0x0a, 0xff, 0x30, 0x00, 0x00,
    0x00, 0x0a, 0xff, 0x30, 0x00, 0x00, 0x00, 0x0a, 0xff, 0x30, 0x00, 0x00, 0x00, 0x0a, 0xff, 0x30,
    0x00, 0x00, 0x00, 0x0a, 0xff, 0x30, 0x00, 0x00, 0x00, 0x0a, 0xff, 0x30, 0x00, 0x00, 0x00, 0x0a,
    0xff, 0x30, 0x00, 0x00, 0x00, 0x0a, 0xff, 0x30, 0x00, 0x00, 0x00, 0x0a, 0xff, 0x30, 0x00, 0x00,
    0x00, 0x0a, 0xff, 0x30, 0x00, 0x00, 0x00, 0x0a, 0xff, 0x30, 0x00, 0x00, 0x00, 0x0a, 0xff, 0x30,
    0x00, 0x00, 0x00, 0x0a, 0xff, 0x30, 0x00, 0x00, 0x00, 0x0a, 0xff, 0x30, 0x00, 0x00, 0x00, 0x0a,
    0xff, 0x30, 0x00, 0x00, 0x00, 0x0a, 0xff, 0x30, 0x00, 0x00, 0x00, 0x0a, 0xff, 0x30, 0x00, 0x00,
    0x00, 0x0a, 0xff, 0x30, 0x00, 0x00, 0x00, 0x0a, 0xff, 0x30, 0x00, 0x00, 0x00, 0x0a, 0xff, 0x30,
    0x00, 0x00, 0x00, 0x0a, 0xff, 0x30, 0x00, 0x00, 0x00, 0x0a, 0xff, 0x30, 0x00, 0x00, 0x00, 0x0a,
    0xff, 0x30, 0x00, 0x00, 0x00, 0x0a, 0xff, 0x30, 0x00, 0x05, 0x55, 0x5c, 0xff, 0x30, 0x00, 0x0f,
    0xff, 0xff, 0xff, 0x30, 0x00, 0x0f, 0xff, 0xff, 0xff, 0x30, 0x00, 0x00, 0x00, 0x00, 0x00, 0x00,
    0x00, 0x8f, 0x40, 0x00, 0x00, 0x00, 0x00, 0x00, 0x00, 0x00, 0x00, 0x00, 0x00, 0x00, 0x01, 0xff,
    0xd0, 0x00, 0x00, 0x00, 0x00, 0x00, 0x00, 0x00, 0x00, 0x00, 0x00, 0x00, 0x08, 0xff, 0xf6, 0x00,
    0x00, 0x00, 0x00, 0x00, 0x00, 0x00, 0x00, 0x00, 0x00, 0x00, 0x1f, 0xff, 0xfe, 0x00, 0x00, 0x00,
    0x00, 0x00, 0x00, 0x00, 0x00, 0x00, 0x00, 0x00, 0x9f, 0xf9, 0xff, 0x80, 0x00, 0x00, 0x00, 0x00,
    0x00, 0x00, 0x00, 0x00, 0x00, 0x01, 0xff, 0xb0, 0xcf, 0xf1, 0x00, 0x00, 0x00, 0x00, 0x00, 0x00,
    0x00, 0x00, 0x00, 0x09, 0xff, 0x30, 0x3f, 0xfa, 0x00, 0x00, 0x00, 0x00, 0x00, 0x00, 0x00, 0x00,
    0x00, 0x2f, 0xfb, 0x00, 0x0a, 0xff, 0x30, 0x00, 0x00, 0x00, 0x00, 0x00, 0x00, 0x00, 0x00, 0xaf,
    0xf3, 0x00, 0x02, 0xff, 0xc0, 0x00, 0x00, 0x00, 0x00, 0x00, 0x00, 0x00, 0x02, 0xff, 0xb0, 0x00,
    0x00, 0x8f, 0xf4, 0x00, 0x00, 0x00, 0x00, 0x00, 0x00, 0x00, 0x0a, 0xff, 0x30, 0x00, 0x00, 0x1e,
    0xfd, 0x00, 0x00, 0x00, 0x00, 0x00, 0x00, 0x00, 0x2f, 0xfa, 0x00, 0x00, 0x00, 0x07, 0xff, 0x60,
    0x00, 0x00, 0x00, 0x00, 0x00, 0x00, 0xbf, 0xf2, 0x00, 0x00, 0x00, 0x00, 0xef, 0xe0, 0x00, 0x00,
    0x00, 0x00, 0x00, 0x03, 0xff, 0xa0, 0x00, 0x00, 0x00, 0x00, 0x5f, 0xf8, 0x00, 0x00, 0x00, 0x00,
    0x00, 0x0b, 0xff, 0x20, 0x00, 0x00, 0x00, 0x00, 0x0c, 0xff, 0x20, 0x00, 0x00, 0x00, 0x00, 0x3f,
    0xfa, 0x00, 0x00, 0x00, 0x00, 0x00, 0x04, 0xff, 0xa0, 0x00, 0x00, 0x00, 0x00, 0x00, 0x00, 0x00,
    0x00, 0x00, 0x00, 0x00, 0x00, 0x00, 0x00, 0x00, 0x00, 0x00, 0x00, 0x00, 0x00, 0x00, 0x00, 0x00,
    0x00, 0x00, 0x00, 0x00, 0x00, 0x00, 0x00, 0x00, 0x00, 0x00, 0x00, 0x00, 0x00, 0x00, 0x00, 0x00,
    0x00, 0x00, 0x00, 0x00, 0x00, 0x00, 0x00, 0x00, 0x00, 0x00, 0x00, 0x00, 0x00, 0x00, 0x00, 0x00,
    0x00, 0x00, 0x00, 0x00, 0x00, 0x00, 0x00, 0x00, 0x00, 0x00, 0x00, 0x00, 0x00, 0x00, 0x00, 0x00,
    0x00, 0x00, 0x00, 0x00, 0x00, 0x00, 0x00, 0x00, 0x00, 0x00, 0x00, 0x00, 0x00, 0x00, 0x00, 0x00,
    0x00, 0x00, 0x00, 0x00, 0x00, 0x00, 0x00, 0x00, 0x00, 0x00, 0x00, 0x00, 0x00, 0x00, 0x00, 0x00,
    0x00, 0x00, 0x00, 0x00, 0x00, 0x00, 0x00, 0x00, 0x00, 0x00, 0x00, 0x00, 0x00, 0x00, 0x00, 0x00,
    0x00, 0x00, 0x00, 0x00, 0x00, 0x00, 0x00, 0x00, 0x00, 0x00, 0x00, 0x00, 0x00, 0x00, 0x00, 0x00,
    0x00, 0x00, 0x00, 0x00, 0x00, 0x00, 0x00, 0x00, 0x00, 0x00, 0x00, 0x00, 0x00, 0x00, 0x00, 0x00,
    0x00, 0x00, 0x00, 0x00, 0x00, 0x00, 0x00, 0x00, 0x00, 0x00, 0x00, 0x00, 0x00, 0x00, 0x00, 0x00,
    0x00, 0x00, 0x00, 0x00, 0x00, 0x00, 0x00, 0x00, 0x00, 0x00, 0x00, 0x00, 0x00, 0x00, 0x00, 0x00,
    0x00, 0x00, 0x00, 0x00, 0x00, 0x00, 0x00, 0x00, 0x00, 0x00, 0x00, 0x00, 0x00, 0x00, 0x55, 0x55,
    0x55, 0x55, 0x55, 0x55, 0x55, 0x55, 0x30, 0xff, 0xff, 0xff, 0xff, 0xff, 0xff, 0xff, 0xff, 0x90,
    0xff, 0xff, 0xff, 0xff, 0xff, 0xff, 0xff, 0xff, 0x90, 0x01, 0xef, 0xf4, 0x00, 0x00, 0x00, 0x00,
    0x2f, 0xfe, 0x10, 0x00, 0x00, 0x00, 0x04, 0xff, 0xa0, 0x00, 0x00, 0x00, 0x00, 0x6f, 0xf6, 0x00,
    0x00, 0x00, 0x00, 0x09, 0xff, 0x20, 0x00, 0x00, 0x00, 0x00, 0xbf, 0xd0, 0x00, 0x00, 0x00, 0x00,
    0x00, 0x00, 0x00, 0x00, 0x00, 0x00, 0x00, 0x00, 0x00, 0x00, 0x00, 0x00, 0x00, 0x00, 0x00, 0x00,
    0x00, 0x00, 0x00, 0x00, 0x00, 0x00, 0x00, 0x00, 0x00, 0x00, 0x00, 0x00, 0x00, 0x00, 0x00, 0x00,
    0x00, 0x00, 0x00, 0x00, 0x00, 0x00, 0x00, 0x00, 0x00, 0x00, 0x00, 0x00, 0x00, 0x00, 0x00, 0x00,
    0x00, 0x00, 0x00, 0x00, 0x00, 0x00, 0x00, 0x00, 0x00, 0x00, 0x00, 0x00, 0x00, 0x00, 0x00, 0x00,
    0x00, 0x00, 0x00, 0x00, 0x00, 0x00, 0x00, 0x00, 0x00, 0x00, 0x00, 0x00, 0x00, 0x00, 0x00, 0x00,
    0x00, 0x00, 0x00, 0x00, 0x00, 0x00, 0x00, 0x00, 0x00, 0x00, 0x00, 0x00, 0x00, 0x00, 0x00, 0x00,
    0x00, 0x00, 0x00, 0x00, 0x00, 0x00, 0x00, 0x00, 0x00, 0x00, 0x00, 0x00, 0x00, 0x00, 0x00, 0x00,
    0x00, 0x00, 0x00, 0x00, 0x00, 0x00, 0x00, 0x00, 0x00, 0x00, 0x00, 0x00, 0x00, 0x00, 0x00, 0x00,
    0x00, 0x00, 0x00, 0x00, 0x00, 0x00, 0x00, 0x00, 0x00, 0x00, 0x00, 0x00, 0x00, 0x00, 0x00, 0x01,
    0x6a, 0xde, 0xfe, 0xc8, 0x20, 0x00, 0x00, 0x00, 0x01, 0x9f, 0xff, 0xff, 0xff, 0xff, 0xf6, 0x00,
    0x00, 0x00, 0x04, 0xff, 0xff, 0xdc, 0xbd, 0xff, 0xff, 0x40, 0x00, 0x00, 0x04, 0xfd, 0x61, 0x00,
    0x00, 0x3d, 0xff, 0xd0, 0x00, 0x00, 0x04, 0x70, 0x00, 0x00, 0x00, 0x03, 0xff, 0xf3, 0x00, 0x00,
    0x00, 0x00, 0x00, 0x00, 0x00, 0x00, 0xdf, 0xf6, 0x00, 0x00, 0x00, 0x00, 0x00, 0x00, 0x00, 0x00,
    0xaf, 0xf8, 0x00, 0x00, 0x00, 0x00, 0x00, 0x25, 0x79, 0xbe, 0xff, 0xf8, 0x00, 0x00, 0x00, 0x06,
    0xcf, 0xff, 0xff, 0xff, 0xff, 0xf9, 0x00, 0x00, 0x03, 0xdf, 0xff, 0xff, 0xff, 0xda, 0xdf, 0xf9,
    0x00, 0x00, 0x2e, 0xff, 0xfa, 0x63, 0x10, 0x00, 0xaf, 0xf9, 0x00, 0x00, 0xaf, 0xfd, 0x20, 0x00,
    0x00, 0x00, 0xaf, 0xf9, 0x00, 0x00, 0xff, 0xf5, 0x00, 0x00, 0x00, 0x00, 0xbf, 0xf9, 0x00, 0x02,
    0xff, 0xf1, 0x00, 0x00, 0x00, 0x00, 0xef, 0xf9, 0x00, 0x03, 0xff, 0xf1, 0x00, 0x00, 0x00, 0x06,
    0xff, 0xf9, 0x00, 0x01, 0xff, 0xf6, 0x00, 0x00, 0x00, 0x2f, 0xff, 0xf9, 0x00, 0x00, 0xdf, 0xff,
    0x60, 0x00, 0x05, 0xef, 0xdf, 0xf9, 0x00, 0x00, 0x4f, 0xff, 0xfe, 0xcc, 0xef, 0xf7, 0xaf, 0xf9,
    0x00, 0x00, 0x06, 0xff, 0xff, 0xff, 0xff, 0x70, 0xaf, 0xf9, 0x00, 0x00, 0x00, 0x29, 0xdf, 0xfd,
    0x92, 0x00, 0xaf, 0xf9, 0x00, 0x00, 0x0c, 0xff, 0x70, 0x00, 0x00, 0x00, 0x00, 0x00, 0x00, 0x00,
    0x00, 0x00, 0x0c, 0xff, 0x70, 0x00, 0x00, 0x00, 0x00, 0x00, 0x00, 0x00, 0x00, 0x00, 0x0c, 0xff,
    0x70, 0x00, 0x00, 0x00, 0x00, 0x00, 0x00, 0x00, 0x00, 0x00, 0x0c, 0xff, 0x70, 0x00, 0x00, 0x00,
    0x00, 0x00, 0x00, 0x00, 0x00, 0x00, 0x0c, 0xff, 0x70, 0x00, 0x00, 0x00, 0x00, 0x00, 0x00, 0x00,
    0x00, 0x00, 0x0c, 0xff, 0x70, 0x00, 0x00, 0x00, 0x00, 0x00, 0x00, 0x00, 0x00, 0x00, 0x0c, 0xff,
    0x70, 0x00, 0x00, 0x00, 0x00, 0x00, 0x00, 0x00, 0x00, 0x00, 0x0c, 0xff, 0x70, 0x00, 0x00, 0x00,
    0x00, 0x00, 0x00, 0x00, 0x00, 0x00, 0x0c, 0xff, 0x70, 0x00, 0x00, 0x00, 0x00, 0x00, 0x00, 0x00,
    0x00, 0x00, 0x0c, 0xff, 0x70, 0x00, 0x00, 0x00, 0x00, 0x00, 0x00, 0x00, 0x00, 0x00, 0x0c, 0xff,
    0x70, 0x01, 0x6c, 0xef, 0xec, 0x71, 0x00, 0x00, 0x00, 0x00, 0x0c, 0xff, 0x70, 0x4e, 0xff, 0xff,
    0xff, 0xfe, 0x50, 0x00, 0x00, 0x00, 0x0c, 0xff, 0x75, 0xff, 0xfd, 0xbc, 0xff, 0xff, 0xf5, 0x00,
    0x00, 0x00, 0x0c, 0xff, 0x9f, 0xf7, 0x10, 0x00, 0x06, 0xff, 0xff, 0x20, 0x00, 0x00, 0x0c, 0xff,
    0xff, 0x30, 0x00, 0x00, 0x00, 0x3f, 0xff, 0xa0, 0x00, 0x00, 0x0c, 0xff, 0xf6, 0x00, 0x00, 0x00,
    0x00, 0x08, 0xff, 0xf1, 0x00, 0x00, 0x0c, 0xff, 0xe0, 0x00, 0x00, 0x00, 0x00, 0x01, 0xff, 0xf4,
    0x00, 0x00, 0x0c, 0xff, 0xa0, 0x00, 0x00, 0x00, 0x00, 0x00, 0xdf, 0xf7, 0x00, 0x00, 0x0c, 0xff,
    0x80, 0x00, 0x00, 0x00, 0x00, 0x00, 0xbf, 0xf9, 0x00, 0x00, 0x0c, 0xff, 0x70, 0x00, 0x00, 0x00,
    0x00, 0x00, 0xaf, 0xf9, 0x00, 0x00, 0x0c, 0xff, 0x70, 0x00, 0x00, 0x00, 0x00, 0x00, 0xbf, 0xf9,
    0x00, 0x00, 0x0c, 0xff, 0x70, 0x00, 0x00, 0x00, 0x00, 0x00, 0xdf, 0xf7, 0x00, 0x00, 0x0c, 0xff,
    0x80, 0x00, 0x00, 0x00, 0x00, 0x00, 0xff, 0xf4, 0x00, 0x00, 0x0c, 0xff, 0xb0, 0x00, 0x00, 0x00,
    0x00, 0x05, 0xff, 0xf1, 0x00, 0x00, 0x0c, 0xff, 0xf3, 0x00, 0x00, 0x00, 0x00, 0x0d, 0xff, 0xb0,
    0x00, 0x00, 0x0c, 0xff, 0xfd, 0x10, 0x00, 0x00, 0x00, 0x9f, 0xff, 0x40, 0x00, 0x00, 0x0c, 0xff,
    0xef, 0xe5, 0x00, 0x00, 0x2b, 0xff, 0xfa, 0x00, 0x00, 0x00, 0x0c, 0xff, 0x7c, 0xff, 0xec, 0xbd,
    0xff, 0xff, 0xc0, 0x00, 0x00, 0x00, 0x0c, 0xff, 0x71, 0xbf, 0xff, 0xff, 0xff, 0xf9, 0x00, 0x00,
    0x00, 0x00, 0x0c, 0xff, 0x70, 0x05, 0xbe, 0xfe, 0xc8, 0x20, 0x00, 0x00, 0x00, 0x00, 0x00, 0x00,
    0x01, 0x6a, 0xdf, 0xfe, 0xc8, 0x30, 0x00, 0x00, 0x00, 0x8f, 0xff, 0xff, 0xff, 0xff, 0xe0, 0x00,
    0x00, 0x1c, 0xff, 0xff, 0xec, 0xbd, 0xff, 0xe0, 0x00, 0x00, 0xcf, 0xff, 0xa3, 0x00, 0x00, 0x05,
    0xb0, 0x00, 0x08, 0xff, 0xf6, 0x00, 0x00, 0x00, 0x00, 0x00, 0x00, 0x1f, 0xff, 0x80, 0x00, 0x00,
    0x00, 0x00, 0x00, 0x00, 0x7f, 0xfe, 0x00, 0x00, 0x00, 0x00, 0x00, 0x00, 0x00, 0xcf, 0xf8, 0x00,
    0x00, 0x00, 0x00, 0x00, 0x00, 0x00, 0xff, 0xf5, 0x00, 0x00, 0x00, 0x00, 0x00, 0x00, 0x00, 0xff,
    0xf3, 0x00, 0x00, 0x00, 0x00, 0x00, 0x00, 0x01, 0xff, 0xf2, 0x00, 0x00, 0x00, 0x00, 0x00, 0x00,
    0x00, 0xff, 0xf4, 0x00, 0x00, 0x00, 0x00, 0x00, 0x00, 0x00, 0xef, 0xf7, 0x00, 0x00, 0x00, 0x00,
    0x00, 0x00, 0x00, 0xaf, 0xfc, 0x00, 0x00, 0x00, 0x00, 0x00, 0x00, 0x00, 0x5f, 0xff, 0x50, 0x00,
    0x00, 0x00, 0x00, 0x00, 0x00, 0x0d, 0xff, 0xf3, 0x00, 0x00, 0x00, 0x00, 0x00, 0x00, 0x03, 0xff,
    0xff, 0x81, 0x00, 0x00, 0x05, 0xb0, 0x00, 0x00, 0x5f, 0xff, 0xff, 0xdb, 0xbd, 0xff, 0xe0, 0x00,
    0x00, 0x03, 0xcf, 0xff, 0xff, 0xff, 0xff, 0xc0, 0x00, 0x00, 0x00, 0x04, 0x9d, 0xef, 0xfd, 0xa5,
    0x00, 0x00, 0x00, 0x00, 0x00, 0x00, 0x00, 0x00, 0x00, 0x0e, 0xff, 0x50, 0x00, 0x00, 0x00, 0x00,
    0x00, 0x00, 0x00, 0x00, 0x00, 0x0e, 0xff, 0x50, 0x00, 0x00, 0x00, 0x00, 0x00, 0x00, 0x00, 0x00,
    0x00, 0x0e, 0xff, 0x50, 0x00, 0x00, 0x00, 0x00, 0x00, 0x00, 0x00, 0x00, 0x00, 0x0e, 0xff, 0x50,
    0x00, 0x00, 0x00, 0x00, 0x00, 0x00, 0x00, 0x00, 0x00, 0x0e, 0xff, 0x50, 0x00, 0x00, 0x00, 0x00,
    0x00, 0x00, 0x00, 0x00, 0x00, 0x0e, 0xff, 0x50, 0x00, 0x00, 0x00, 0x00, 0x00, 0x00, 0x00, 0x00,
    0x00, 0x0e, 0xff, 0x50, 0x00, 0x00, 0x00, 0x00, 0x00, 0x00, 0x00, 0x00, 0x00, 0x0e, 0xff, 0x50,
    0x00, 0x00, 0x00, 0x00, 0x00, 0x00, 0x00, 0x00, 0x00, 0x0e, 0xff, 0x50, 0x00, 0x00, 0x00, 0x00,
    0x00, 0x00, 0x00, 0x00, 0x00, 0x0e, 0xff, 0x50, 0x00, 0x00, 0x00, 0x00, 0x05, 0xad, 0xff, 0xd9,
    0x30, 0x0e, 0xff, 0x50, 0x00, 0x00, 0x00, 0x03, 0xdf, 0xff, 0xff, 0xff, 0xf8, 0x0e, 0xff, 0x50,
    0x00, 0x00, 0x00, 0x4f, 0xff, 0xff, 0xcb, 0xcf, 0xff, 0x7e, 0xff, 0x50, 0x00, 0x00, 0x02, 0xff,
    0xfe, 0x60, 0x00, 0x01, 0x8f, 0xff, 0xff, 0x50, 0x00, 0x00, 0x0b, 0xff, 0xe2, 0x00, 0x00, 0x00,
    0x05, 0xff, 0xff, 0x50, 0x00, 0x00, 0x3f, 0xff, 0x50, 0x00, 0x00, 0x00, 0x00, 0x9f, 0xff, 0x50,
    0x00, 0x00, 0x9f, 0xfd, 0x00, 0x00, 0x00, 0x00, 0x00, 0x2f, 0xff, 0x50, 0x00, 0x00, 0xcf, 0xf7,
    0x00, 0x00, 0x00, 0x00, 0x00, 0x0f, 0xff, 0x50, 0x00, 0x00, 0xff, 0xf4, 0x00, 0x00, 0x00, 0x00,
    0x00, 0x0e, 0xff, 0x50, 0x00, 0x00, 0xff, 0xf3, 0x00, 0x00, 0x00, 0x00, 0x00, 0x0e, 0xff, 0x50,
    0x00, 0x01, 0xff, 0xf2, 0x00, 0x00, 0x00, 0x00, 0x00, 0x0e, 0xff, 0x50, 0x00, 0x00, 0xff, 0xf3,
    0x00, 0x00, 0x00, 0x00, 0x00, 0x0f, 0xff, 0x50, 0x00, 0x00, 0xff, 0xf6, 0x00, 0x00, 0x00, 0x00,
    0x00, 0x1f, 0xff, 0x50, 0x00, 0x00, 0xcf, 0xfb, 0x00, 0x00, 0x00, 0x00, 0x00, 0x5f, 0xff, 0x50,
    0x00, 0x00, 0x8f, 0xff, 0x20, 0x00, 0x00, 0x00, 0x00, 0xdf, 0xff, 0x50, 0x00, 0x00, 0x1f, 0xff,
    0xd1, 0x00, 0x00, 0x00, 0x09, 0xff, 0xff, 0x50, 0x00, 0x00, 0x08, 0xff, 0xfd, 0x40, 0x00, 0x02,
    0xbf, 0xbe, 0xff, 0x50, 0x00, 0x00, 0x00, 0xbf, 0xff, 0xfe, 0xcb, 0xdf, 0xfe, 0x1e, 0xff, 0x50,
    0x00, 0x00, 0x00, 0x09, 0xff, 0xff, 0xff, 0xff, 0xc1, 0x0e, 0xff, 0x50, 0x00, 0x00, 0x00, 0x00,
    0x39, 0xdf, 0xfd, 0xa4, 0x00, 0x0e, 0xff, 0x50, 0x00, 0x00, 0x00, 0x00, 0x04, 0x9d, 0xff, 0xeb,
    0x60, 0x00, 0x00, 0x00, 0x00, 0x00, 0x02, 0xbf, 0xff, 0xff, 0xff, 0xfd, 0x30, 0x00, 0x00, 0x00,
    0x00, 0x3e, 0xff, 0xfe, 0xcb, 0xef, 0xff, 0xf3, 0x00, 0x00, 0x00, 0x01, 0xef, 0xfd, 0x40, 0x00,
    0x04, 0xdf, 0xfd, 0x00, 0x00, 0x00, 0x0b, 0xff, 0xd1, 0x00, 0x00, 0x00, 0x1e, 0xff, 0x60, 0x00,
    0x00, 0x3f, 0xff, 0x20, 0x00, 0x00, 0x00, 0x07, 0xff, 0xc0, 0x00, 0x00, 0x9f, 0xfa, 0x00, 0x00,
    0x00, 0x00, 0x02, 0xff, 0xf0, 0x00, 0x00, 0xdf, 0xf5, 0x00, 0x00, 0x00, 0x00, 0x00, 0xff, 0xf3,
    0x00, 0x00, 0xff, 0xff, 0xff, 0xff, 0xff, 0xff, 0xff, 0xff, 0xf4, 0x00, 0x01, 0xff, 0xff, 0xff,
    0xff, 0xff, 0xff, 0xff, 0xff, 0xf4, 0x00, 0x01, 0xff, 0xfc, 0xbb, 0xbb, 0xbb, 0xbb, 0xbb, 0xbb,
    0xb3, 0x00, 0x00, 0xff, 0xf4, 0x00, 0x00, 0x00, 0x00, 0x00, 0x00, 0x00, 0x00, 0x00, 0xef, 0xf6,
    0x00, 0x00, 0x00, 0x00, 0x00, 0x00, 0x00, 0x00, 0x00, 0xbf, 0xfb, 0x00, 0x00, 0x00, 0x00, 0x00,
    0x00, 0x00, 0x00, 0x00, 0x6f, 0xff, 0x30, 0x00, 0x00, 0x00, 0x00, 0x00, 0x00, 0x00, 0x00, 0x0e,
    0xff, 0xd1, 0x00, 0x00, 0x00, 0x00, 0x1a, 0x00, 0x00, 0x00, 0x06, 0xff, 0xfe, 0x60, 0x00, 0x00,
    0x28, 0xff, 0x00, 0x00, 0x00, 0x00, 0x8f, 0xff, 0xff, 0xcb, 0xce, 0xff, 0xff, 0x00, 0x00, 0x00,
    0x00, 0x06, 0xef, 0xff, 0xff, 0xff, 0xff, 0xd5, 0x00, 0x00, 0x00, 0x00, 0x00, 0x16, 0xbe, 0xff,
    0xec, 0x94, 0x00, 0x00, 0x00, 0x00, 0x00, 0x00, 0x02, 0x9d, 0xff, 0xd1, 0x00, 0x00, 0x00, 0x5f,
    0xff, 0xff, 0xf2, 0x00, 0x00, 0x04, 0xff, 0xff, 0xcc, 0xd1, 0x00, 0x00, 0x0d, 0xff, 0xb1, 0x00,
    0x00, 0x00, 0x00, 0x3f, 0xff, 0x10, 0x00, 0x00, 0x00, 0x00, 0x7f, 0xfc, 0x00, 0x00, 0x00, 0x00,
    0x00, 0x8f, 0xfa, 0x00, 0x00, 0x00, 0x00, 0x00, 0x8f, 0xfa, 0x00, 0x00, 0x00, 0x00, 0x00, 0x8f,
    0xfa, 0x00, 0x00, 0x00, 0x00, 0x00, 0x8f, 0xfa, 0x00, 0x00, 0x00, 0x0f, 0xff, 0xff, 0xff, 0xff,
    0xff, 0x50, 0x0f, 0xff, 0xff, 0xff, 0xff, 0xff, 0x50, 0x0b, 0xbb, 0xef, 0xfe, 0xbb, 0xbb, 0x30,
    0x00, 0x00, 0x8f, 0xfa, 0x00, 0x00, 0x00, 0x00, 0x00, 0x8f, 0xfa, 0x00, 0x00, 0x00, 0x00, 0x00,
    0x8f, 0xfa, 0x00, 0x00, 0x00, 0x00, 0x00, 0x8f, 0xfa, 0x00, 0x00, 0x00, 0x00, 0x00, 0x8f, 0xfa,
    0x00, 0x00, 0x00, 0x00, 0x00, 0x8f, 0xfa, 0x00, 0x00, 0x00, 0x00, 0x00, 0x8f, 0xfa, 0x00, 0x00,
    0x00, 0x00, 0x00, 0x8f, 0xfa, 0x00, 0x00, 0x00, 0x00, 0x00, 0x8f, 0xfa, 0x00, 0x00, 0x00, 0x00,
    0x00, 0x8f, 0xfa, 0x00, 0x00, 0x00, 0x00, 0x00, 0x8f, 0xfa, 0x00, 0x00, 0x00, 0x00, 0x00, 0x8f,
    0xfa, 0x00, 0x00, 0x00, 0x00, 0x00, 0x8f, 0xfa, 0x00, 0x00, 0x00, 0x00, 0x00, 0x8f, 0xfa, 0x00,
    0x00, 0x00, 0x00, 0x00, 0x8f, 0xfa, 0x00, 0x00, 0x00, 0x00, 0x00, 0x8f, 0xfa, 0x00, 0x00, 0x00,
    0x00, 0x00, 0x8f, 0xfa, 0x00, 0x00, 0x00, 0x00, 0x00, 0x00, 0x05, 0xad, 0xff, 0xd9, 0x20, 0x0e,
    0xff, 0x50, 0x00, 0x00, 0x00, 0x03, 0xdf, 0xff, 0xff, 0xff, 0xf7, 0x0e, 0xff, 0x50, 0x00, 0x00,
    0x00, 0x4f, 0xff, 0xff, 0xcb, 0xcf, 0xff, 0x7e, 0xff, 0x50, 0x00, 0x00, 0x02, 0xff, 0xfe, 0x60,
    0x00, 0x01, 0x8f, 0xff, 0xff, 0x50, 0x00, 0x00, 0x0b, 0xff, 0xe2, 0x00, 0x00, 0x00, 0x05, 0xff,
    0xff, 0x50, 0x00, 0x00, 0x3f, 0xff, 0x50, 0x00, 0x00, 0x00, 0x00, 0x9f, 0xff, 0x50, 0x00, 0x00,
    0x9f, 0xfd, 0x00, 0x00, 0x00, 0x00, 0x00, 0x2f, 0xff, 0x50, 0x00, 0x00, 0xcf, 0xf8, 0x00, 0x00,
    0x00, 0x00, 0x00, 0x0f, 0xff, 0x50, 0x00, 0x00, 0xff, 0xf4, 0x00, 0x00, 0x00, 0x00, 0x00, 0x0e,
    0xff, 0x50, 0x00, 0x00, 0xff, 0xf3, 0x00, 0x00, 0x00, 0x00, 0x00, 0x0e, 0xff, 0x50, 0x00, 0x01,
    0xff, 0xf2, 0x00, 0x00, 0x00, 0x00, 0x00, 0x0e, 0xff, 0x50, 0x00, 0x01, 0xff, 0xf3, 0x00, 0x00,
    0x00, 0x00, 0x00, 0x0f, 0xff, 0x50, 0x00, 0x00, 0xff, 0xf6, 0x00, 0x00, 0x00, 0x00, 0x00, 0x1f,
    0xff, 0x50, 0x00, 0x00, 0xcf, 0xfa, 0x00, 0x00, 0x00, 0x00, 0x00, 0x5f, 0xff, 0x50, 0x00, 0x00,
    0x8f, 0xff, 0x20, 0x00, 0x00, 0x00, 0x00, 0xdf, 0xff, 0x50, 0x00, 0x00, 0x1f, 0xff, 0xd1, 0x00,
    0x00, 0x00, 0x09, 0xff, 0xff, 0x50, 0x00, 0x00, 0x08, 0xff, 0xfd, 0x40, 0x00, 0x03, 0xbf, 0xce,
    0xff, 0x50, 0x00, 0x00, 0x00, 0xbf, 0xff, 0xfe, 0xcb, 0xef, 0xfe, 0x1e, 0xff, 0x50, 0x00, 0x00,
    0x00, 0x09, 0xff, 0xff, 0xff, 0xff, 0xc1, 0x0e, 0xff, 0x40, 0x00, 0x00, 0x00, 0x00, 0x39, 0xdf,
    0xfd, 0xa4, 0x00, 0x0f, 0xff, 0x30, 0x00, 0x00, 0x00, 0x00, 0x00, 0x00, 0x00, 0x00, 0x00, 0x1f,
    0xff, 0x20, 0x00, 0x00, 0x00, 0x00, 0x00, 0x00, 0x00, 0x00, 0x00, 0x4f, 0xff, 0x00, 0x00, 0x00,
    0x00, 0x00, 0x00, 0x00, 0x00, 0x00, 0x00, 0xaf, 0xfb, 0x00, 0x00, 0x00, 0x00, 0x00, 0x00, 0x00,
    0x00, 0x00, 0x03, 0xff, 0xf6, 0x00, 0x00, 0x00, 0x09, 0x40, 0x00, 0x00, 0x00, 0x00, 0x2d, 0xff,
    0xe0, 0x00, 0x00, 0x00, 0x0b, 0xfc, 0x51, 0x00, 0x00, 0x17, 0xef, 0xff, 0x40, 0x00, 0x00, 0x00,
    0x0b, 0xff, 0xff, 0xdc, 0xce, 0xff, 0xff, 0xf6, 0x00, 0x00, 0x00, 0x00, 0x07, 0xff, 0xff, 0xff,
    0xff, 0xff, 0xfc, 0x30, 0x00, 0x00, 0x00, 0x00, 0x00, 0x16, 0xad, 0xef, 0xfe, 0xc8, 0x40, 0x00,
    0x00, 0x00, 0x00, 0x00, 0x0c, 0xff, 0x70, 0x00, 0x00, 0x00, 0x00, 0x00, 0x00, 0x00, 0x00, 0x00,
    0x0c, 0xff, 0x70, 0x00, 0x00, 0x00, 0x00, 0x00, 0x00, 0x00, 0x00, 0x00, 0x0c, 0xff, 0x70, 0x00,
    0x00, 0x00, 0x00, 0x00, 0x00, 0x00, 0x00, 0x00, 0x0c, 0xff, 0x70, 0x00, 0x00, 0x00, 0x00, 0x00,
    0x00, 0x00, 0x00, 0x00, 0x0c, 0xff, 0x70, 0x00, 0x00, 0x00, 0x00, 0x00, 0x00, 0x00, 0x00, 0x00,
    0x0c, 0xff, 0x70, 0x00, 0x00, 0x00, 0x00, 0x00, 0x00, 0x00, 0x00, 0x00, 0x0c, 0xff, 0x70, 0x00,
    0x00, 0x00, 0x00, 0x00, 0x00, 0x00, 0x00, 0x00, 0x0c, 0xff, 0x70, 0x00, 0x00, 0x00, 0x00, 0x00,
    0x00, 0x00, 0x00, 0x00, 0x0c, 0xff, 0x70, 0x00, 0x00, 0x00, 0x00, 0x00, 0x00, 0x00, 0x00, 0x00,
    0x0c, 0xff, 0x70, 0x00, 0x00, 0x00, 0x00, 0x00, 0x00, 0x00, 0x00, 0x00, 0x0c, 0xff, 0x70, 0x02,
    0x8c, 0xef, 0xea, 0x40, 0x00, 0x00, 0x00, 0x00, 0x0c, 0xff, 0x70, 0x6f, 0xff, 0xff, 0xff, 0xf9,
    0x00, 0x00, 0x00, 0x00, 0x0c, 0xff, 0x77, 0xff, 0xec, 0xce, 0xff, 0xff, 0x70, 0x00, 0x00, 0x00,
    0x0c, 0xff, 0xbf, 0xe5, 0x00, 0x00, 0x5f, 0xff, 0xf1, 0x00, 0x00, 0x00, 0x0c, 0xff, 0xfe, 0x20,
    0x00, 0x00, 0x05, 0xff, 0xf6, 0x00, 0x00, 0x00, 0x0c, 0xff, 0xf5, 0x00, 0x00, 0x00, 0x00, 0xdf,
    0xf9, 0x00, 0x00, 0x00, 0x0c, 0xff, 0xd0, 0x00, 0x00, 0x00, 0x00, 0x9f, 0xfc, 0x00, 0x00, 0x00,
    0x0c, 0xff, 0x90, 0x00, 0x00, 0x00, 0x00, 0x6f, 0xfd, 0x00, 0x00, 0x00, 0x0c, 0xff, 0x70, 0x00,
    0x00, 0x00, 0x00, 0x6f, 0xfd, 0x00, 0x00, 0x00, 0x0c, 0xff, 0x70, 0x00, 0x00, 0x00, 0x00, 0x5f,
    0xfd, 0x00, 0x00, 0x00, 0x0c, 0xff, 0x70, 0x00, 0x00, 0x00, 0x00, 0x5f, 0xfd, 0x00, 0x00, 0x00,
    0x0c, 0xff, 0x70, 0x00, 0x00, 0x00, 0x00, 0x5f, 0xfd, 0x00, 0x00, 0x00, 0x0c, 0xff, 0x70, 0x00,
    0x00, 0x00, 0x00, 0x5f, 0xfd, 0x00, 0x00, 0x00, 0x0c, 0xff, 0x70, 0x00, 0x00, 0x00, 0x00, 0x5f,
    0xfd, 0x00, 0x00, 0x00, 0x0c, 0xff, 0x70, 0x00, 0x00, 0x00, 0x00, 0x5f, 0xfd, 0x00, 0x00, 0x00,
    0x0c, 0xff, 0x70, 0x00, 0x00, 0x00, 0x00, 0x5f, 0xfd, 0x00, 0x00, 0x00, 0x0c, 0xff, 0x70, 0x00,
    0x00, 0x00, 0x00, 0x5f, 0xfd, 0x00, 0x00, 0x00, 0x0c, 0xff, 0x70, 0x00, 0x00, 0x00, 0x00, 0x5f,
    0xfd, 0x00, 0x00, 0x00, 0x0c, 0xff, 0x70, 0x00, 0x00, 0x00, 0x00, 0x5f, 0xfd, 0x00, 0x00, 0x00,
    0x0c, 0xff, 0x70, 0x00, 0x00, 0x00, 0x00, 0x5f, 0xfd, 0x00, 0x00, 0x00, 0x06, 0xed, 0x40, 0x00,
    0x00, 0x1f, 0xff, 0xe0, 0x00, 0x00, 0x1f, 0xff, 0xe0, 0x00, 0x00, 0x06, 0xed, 0x40, 0x00, 0x00,
    0x00, 0x00, 0x00, 0x00, 0x00, 0x00, 0x00, 0x00, 0x00, 0x00, 0x00, 0x00, 0x00, 0x00, 0x00, 0x00,
    0x00, 0x00, 0x00, 0x00, 0x00, 0x00, 0x00, 0x00, 0x00, 0x0c, 0xff, 0x70, 0x00, 0x00, 0x0c, 0xff,
    0x70, 0x00, 0x00, 0x0c, 0xff, 0x70, 0x00, 0x00, 0x0c, 0xff, 0x70, 0x00, 0x00, 0x0c, 0xff, 0x70,
    0x00, 0x00, 0x0c, 0xff, 0x70, 0x00, 0x00, 0x0c, 0xff, 0x70, 0x00, 0x00, 0x0c, 0xff, 0x70, 0x00,
    0x00, 0x0c, 0xff, 0x70, 0x00, 0x00, 0x0c, 0xff, 0x70, 0x00, 0x00, 0x0c, 0xff, 0x70, 0x00, 0x00,
    0x0c, 0xff, 0x70, 0x00, 0x00, 0x0c, 0xff, 0x70, 0x00, 0x00, 0x0c, 0xff, 0x70, 0x00, 0x00, 0x0c,
    0xff, 0x70, 0x00, 0x00, 0x0c, 0xff, 0x70, 0x00, 0x00, 0x0c, 0xff, 0x70, 0x00, 0x00, 0x0c, 0xff,
    0x70, 0x00, 0x00, 0x0c, 0xff, 0x70, 0x00, 0x00, 0x0c, 0xff, 0x70, 0x00, 0x00, 0x00, 0x00, 0x06,
    0xed, 0x40, 0x00, 0x00, 0x00, 0x00, 0x1f, 0xff, 0xe0, 0x00, 0x00, 0x00, 0x00, 0x1f, 0xff, 0xe0,
    0x00, 0x00, 0x00, 0x00, 0x06, 0xed, 0x40, 0x00, 0x00, 0x00, 0x00, 0x00, 0x00, 0x00, 0x00, 0x00,
    0x00, 0x00, 0x00, 0x00, 0x00, 0x00, 0x00, 0x00, 0x00, 0x00, 0x00, 0x00, 0x00, 0x00, 0x00, 0x00,
    0x00, 0x00, 0x00, 0x00, 0x00, 0x00, 0x00, 0x00, 0x00, 0x00, 0x00, 0x00, 0x00, 0x00, 0x0c, 0xff,
    0x70, 0x00, 0x00, 0x00, 0x00, 0x0c, 0xff, 0x70, 0x00, 0x00, 0x00, 0x00, 0x0c, 0xff, 0x70, 0x00,
    0x00, 0x00, 0x00, 0x0c, 0xff, 0x70, 0x00, 0x00, 0x00, 0x00, 0x0c, 0xff, 0x70, 0x00, 0x00, 0x00,
    0x00, 0x0c, 0xff, 0x70, 0x00, 0x00, 0x00, 0x00, 0x0c, 0xff, 0x70, 0x00, 0x00, 0x00, 0x00, 0x0c,
    0xff, 0x70, 0x00, 0x00, 0x00, 0x00, 0x0c, 0xff, 0x70, 0x00, 0x00, 0x00, 0x00, 0x0c, 0xff, 0x70,
    0x00, 0x00, 0x00, 0x00, 0x0c, 0xff, 0x70, 0x00, 0x00, 0x00, 0x00, 0x0c, 0xff, 0x70, 0x00, 0x00,
    0x00, 0x00, 0x0c, 0xff, 0x70, 0x00, 0x00, 0x00, 0x00, 0x0c, 0xff, 0x70, 0x00, 0x00, 0x00, 0x00,
    0x0c, 0xff, 0x70, 0x00, 0x00, 0x00, 0x00, 0x0c, 0xff, 0x70, 0x00, 0x00, 0x00, 0x00, 0x0c, 0xff,
    0x70, 0x00, 0x00, 0x00, 0x00, 0x0c, 0xff, 0x70, 0x00, 0x00, 0x00, 0x00, 0x0c, 0xff, 0x70, 0x00,
    0x00, 0x00, 0x00, 0x0c, 0xff, 0x60, 0x00, 0x00, 0x00, 0x00, 0x0c, 0xff, 0x50, 0x00, 0x00, 0x00,
    0x00, 0x0e, 0xff, 0x40, 0x00, 0x00, 0x00, 0x00, 0x1f, 0xff, 0x10, 0x00, 0x00, 0x00, 0x00, 0x5f,
    0xfd, 0x00, 0x00, 0x00, 0x00, 0x00, 0xdf, 0xf7, 0x00, 0x00, 0x91, 0x00, 0x1b, 0xff, 0xe1, 0x00,
    0x00, 0xef, 0xcc, 0xff, 0xff, 0x50, 0x00, 0x00, 0xef, 0xff, 0xff, 0xf5, 0x00, 0x00, 0x00, 0x6c,
    0xfe, 0xd8, 0x10, 0x00, 0x00, 0x00, 0x00, 0x0c, 0xff, 0x70, 0x00, 0x00, 0x00, 0x00, 0x00, 0x00,
    0x00, 0x0c, 0xff, 0x70, 0x00, 0x00, 0x00, 0x00, 0x00, 0x00, 0x00, 0x0c, 0xff, 0x70, 0x00, 0x00,
    0x00, 0x00, 0x00, 0x00, 0x00, 0x0c, 0xff, 0x70, 0x00, 0x00, 0x00, 0x00, 0x00, 0x00, 0x00, 0x0c,
    0xff, 0x70, 0x00, 0x00, 0x00, 0x00, 0x00, 0x00, 0x00, 0x0c, 0xff, 0x70, 0x00, 0x00, 0x00, 0x00,
    0x00, 0x00, 0x00, 0x0c, 0xff, 0x70, 0x00, 0x00, 0x00, 0x00, 0x00, 0x00, 0x00, 0x0c, 0xff, 0x70,
    0x00, 0x00, 0x00, 0x00, 0x00, 0x00, 0x00, 0x0c, 0xff, 0x70, 0x00, 0x00, 0x00, 0x00, 0x00, 0x00,
    0x00, 0x0c, 0xff, 0x70, 0x00, 0x00, 0x00, 0x00, 0x00, 0x00, 0x00, 0x0c, 0xff, 0x70, 0x00, 0x00,
    0x00, 0x8f, 0xff, 0xa0, 0x00, 0x0c, 0xff, 0x70, 0x00, 0x00, 0x07, 0xff, 0xfa, 0x00, 0x00, 0x0c,
    0xff, 0x70, 0x00, 0x00, 0x5f, 0xff, 0xb0, 0x00, 0x00, 0x0c, 0xff, 0x70, 0x00, 0x04, 0xff, 0xfb,
    0x00, 0x00, 0x00, 0x0c, 0xff, 0x70, 0x00, 0x3f, 0xff, 0xc0, 0x00, 0x00, 0x00, 0x0c, 0xff, 0x70,
    0x02, 0xef, 0xfc, 0x00, 0x00, 0x00, 0x00, 0x0c, 0xff, 0x70, 0x2e, 0xff, 0xc1, 0x00, 0x00, 0x00,
    0x00, 0x0c, 0xff, 0x71, 0xdf, 0xfd, 0x10, 0x00, 0x00, 0x00, 0x00, 0x0c, 0xff, 0x8c, 0xff, 0xd1,
    0x00, 0x00, 0x00, 0x00, 0x00, 0x0c, 0xff, 0xff, 0xff, 0x20, 0x00, 0x00, 0x00, 0x00, 0x00, 0x0c,
    0xff, 0xcf, 0xff, 0xa0, 0x00, 0x00, 0x00, 0x00, 0x00, 0x0c, 0xff, 0x77, 0xff, 0xfa, 0x00, 0x00,
    0x00, 0x00, 0x00, 0x0c, 0xff, 0x70, 0x8f, 0xff, 0x90, 0x00, 0x00, 0x00, 0x00, 0x0c, 0xff, 0x70,
    0x09, 0xff, 0xf9, 0x00, 0x00, 0x00, 0x00, 0x0c, 0xff, 0x70, 0x00, 0xaf, 0xff, 0x80, 0x00, 0x00,
    0x00, 0x0c, 0xff, 0x70, 0x00, 0x0b, 0xff, 0xf7, 0x00, 0x00, 0x00, 0x0c, 0xff, 0x70, 0x00, 0x00,
    0xcf, 0xff, 0x70, 0x00, 0x00, 0x0c, 0xff, 0x70, 0x00, 0x00, 0x1d, 0xff, 0xf6, 0x00, 0x00, 0x0c,
    0xff, 0x70, 0x00, 0x00, 0x02, 0xef, 0xff, 0x60, 0x00, 0x0c, 0xff, 0x70, 0x00, 0x00, 0x00, 0x2e,
    0xff, 0xf5, 0x00, 0x0c, 0xff, 0x70, 0x00, 0x00, 0x0c, 0xff, 0x70, 0x00, 0x00, 0x0c, 0xff, 0x70,
    0x00, 0x00, 0x0c, 0xff, 0x70, 0x00, 0x00, 0x0c, 0xff, 0x70, 0x00, 0x00, 0x0c, 0xff, 0x70, 0x00,
    0x00, 0x0c, 0xff, 0x70, 0x00, 0x00, 0x0c, 0xff, 0x70, 0x00, 0x00, 0x0c, 0xff, 0x70, 0x00, 0x00,
    0x0c, 0xff, 0x70, 0x00, 0x00, 0x0c, 0xff, 0x70, 0x00, 0x00, 0x0c, 0xff, 0x70, 0x00, 0x00, 0x0c,
    0xff, 0x70, 0x00, 0x00, 0x0c, 0xff, 0x70, 0x00, 0x00, 0x0c, 0xff, 0x70, 0x00, 0x00, 0x0c, 0xff,
    0x70, 0x00, 0x00, 0x0c, 0xff, 0x70, 0x00, 0x00, 0x0c, 0xff, 0x70, 0x00, 0x00, 0x0c, 0xff, 0x70,
    0x00, 0x00, 0x0c, 0xff, 0x70, 0x00, 0x00, 0x0c, 0xff, 0x70, 0x00, 0x00, 0x0c, 0xff, 0x70, 0x00,
    0x00, 0x0c, 0xff, 0x70, 0x00, 0x00, 0x0c, 0xff, 0x70, 0x00, 0x00, 0x0c, 0xff, 0x70, 0x00, 0x00,
    0x0c, 0xff, 0x70, 0x00, 0x00, 0x0c, 0xff, 0x70, 0x00, 0x00, 0x0c, 0xff, 0x70, 0x00, 0x00, 0x0c,
    0xff, 0x70, 0x00, 0x00, 0x0c, 0xff, 0x70, 0x00, 0x00, 0x0c, 0xff, 0x70, 0x03, 0xad, 0xff, 0xb5,
    0x00, 0x00, 0x02, 0x9d, 0xff, 0xd9, 0x30, 0x00, 0x00, 0x00, 0x0c, 0xff, 0x70, 0x9f, 0xff, 0xff,
    0xff, 0xa0, 0x00, 0x7f, 0xff, 0xff, 0xff, 0xf7, 0x00, 0x00, 0x00, 0x0c, 0xff, 0x79, 0xff, 0xcb,
    0xdf, 0xff, 0xf8, 0x07, 0xff, 0xfc, 0xce, 0xff, 0xff, 0x50, 0x00, 0x00, 0x0c, 0xff, 0xcf, 0xb1,
    0x00, 0x03, 0xdf, 0xff, 0x5f, 0xf9, 0x00, 0x00, 0x5f, 0xff, 0xd0, 0x00, 0x00, 0x0c, 0xff, 0xfc,
    0x00, 0x00, 0x00, 0x1f, 0xff, 0xff, 0x80, 0x00, 0x00, 0x06, 0xff, 0xf3, 0x00, 0x00, 0x0c, 0xff,
    0xf2, 0x00, 0x00, 0x00, 0x09, 0xff, 0xfd, 0x00, 0x00, 0x00, 0x00, 0xff, 0xf6, 0x00, 0x00, 0x0c,
    0xff, 0xc0, 0x00, 0x00, 0x00, 0x05, 0xff, 0xf7, 0x00, 0x00, 0x00, 0x00, 0xcf, 0xf8, 0x00, 0x00,
    0x0c, 0xff, 0x90, 0x00, 0x00, 0x00, 0x03, 0xff, 0xf2, 0x00, 0x00, 0x00, 0x00, 0xaf, 0xf9, 0x00,
    0x00, 0x0c, 0xff, 0x70, 0x00, 0x00, 0x00, 0x02, 0xff, 0xf1, 0x00, 0x00, 0x00, 0x00, 0x9f, 0xfa,
    0x00, 0x00, 0x0c, 0xff, 0x70, 0x00, 0x00, 0x00, 0x02, 0xff, 0xf0, 0x00, 0x00, 0x00, 0x00, 0x9f,
    0xfa, 0x00, 0x00, 0x0c, 0xff, 0x70, 0x00, 0x00, 0x00, 0x02, 0xff, 0xf0, 0x00, 0x00, 0x00, 0x00,
    0x9f, 0xfa, 0x00, 0x00, 0x0c, 0xff, 0x70, 0x00, 0x00, 0x00, 0x02, 0xff, 0xf0, 0x00, 0x00, 0x00,
    0x00, 0x9f, 0xfa, 0x00, 0x00, 0x0c, 0xff, 0x70, 0x00, 0x00, 0x00, 0x02, 0xff, 0xf0, 0x00, 0x00,
    0x00, 0x00, 0x9f, 0xfa, 0x00, 0x00, 0x0c, 0xff, 0x70, 0x00, 0x00, 0x00, 0x02, 0xff, 0xf0, 0x00,
    0x00, 0x00, 0x00, 0x9f, 0xfa, 0x00, 0x00, 0x0c, 0xff, 0x70, 0x00, 0x00, 0x00, 0x02, 0xff, 0xf0,
    0x00, 0x00, 0x00, 0x00, 0x9f, 0xfa, 0x00, 0x00, 0x0c, 0xff, 0x70, 0x00, 0x00, 0x00, 0x02, 0xff,
    0xf0, 0x00, 0x00, 0x00, 0x00, 0x9f, 0xfa, 0x00, 0x00, 0x0c, 0xff, 0x70, 0x00, 0x00, 0x00, 0x02,
    0xff, 0xf0, 0x00, 0x00, 0x00, 0x00, 0x9f, 0xfa, 0x00, 0x00, 0x0c, 0xff, 0x70, 0x00, 0x00, 0x00,
    0x02, 0xff, 0xf0, 0x00, 0x00, 0x00, 0x00, 0x9f, 0xfa, 0x00, 0x00, 0x0c, 0xff, 0x70, 0x00, 0x00,
    0x00, 0x02, 0xff, 0xf0, 0x00, 0x00, 0x00, 0x00, 0x9f, 0xfa, 0x00, 0x00, 0x0c, 0xff, 0x70, 0x00,
    0x00, 0x00, 0x02, 0xff, 0xf0, 0x00, 0x00, 0x00, 0x00, 0x9f, 0xfa, 0x00, 0x00, 0x0c, 0xff, 0x70,
    0x02, 0x8c, 0xef, 0xd9, 0x30, 0x00, 0x00, 0x00, 0x00, 0x0c, 0xff, 0x70, 0x6f, 0xff, 0xff, 0xff,
    0xf7, 0x00, 0x00, 0x00, 0x00, 0x0c, 0xff, 0x77, 0xff, 0xec, 0xce, 0xff, 0xff, 0x60, 0x00, 0x00,
    0x00, 0x0c, 0xff, 0xbf, 0xe5, 0x00, 0x00, 0x6f, 0xff, 0xe0, 0x00, 0x00, 0x00, 0x0c, 0xff, 0xfe,
    0x20, 0x00, 0x00, 0x06, 0xff, 0xf5, 0x00, 0x00, 0x00, 0x0c, 0xff, 0xf4, 0x00, 0x00, 0x00, 0x00,
    0xef, 0xf9, 0x00, 0x00, 0x00, 0x0c, 0xff, 0xd0, 0x00, 0x00, 0x00, 0x00, 0x9f, 0xfb, 0x00, 0x00,
    0x00, 0x0c, 0xff, 0x90, 0x00, 0x00, 0x00, 0x00, 0x7f, 0xfc, 0x00, 0x00, 0x00, 0x0c, 0xff, 0x70,
    0x00, 0x00, 0x00, 0x00, 0x6f, 0xfd, 0x00, 0x00, 0x00, 0x0c, 0xff, 0x70, 0x00, 0x00, 0x00, 0x00,
    0x5f, 0xfd, 0x00, 0x00, 0x00, 0x0c, 0xff, 0x70, 0x00, 0x00, 0x00, 0x00, 0x5f, 0xfd, 0x00, 0x00,
    0x00, 0x0c, 0xff, 0x70, 0x00, 0x00, 0x00, 0x00, 0x5f, 0xfd, 0x00, 0x00, 0x00, 0x0c, 0xff, 0x70,
    0x00, 0x00, 0x00, 0x00, 0x5f, 0xfd, 0x00, 0x00, 0x00, 0x0c, 0xff, 0x70, 0x00, 0x00, 0x00, 0x00,
    0x5f, 0xfd, 0x00, 0x00, 0x00, 0x0c, 0xff, 0x70, 0x00, 0x00, 0x00, 0x00, 0x5f, 0xfd, 0x00, 0x00,
    0x00, 0x0c, 0xff, 0x70, 0x00, 0x00, 0x00, 0x00, 0x5f, 0xfd, 0x00, 0x00, 0x00, 0x0c, 0xff, 0x70,
    0x00, 0x00, 0x00, 0x00, 0x5f, 0xfd, 0x00, 0x00, 0x00, 0x0c, 0xff, 0x70, 0x00, 0x00, 0x00, 0x00,
    0x5f, 0xfd, 0x00, 0x00, 0x00, 0x0c, 0xff, 0x70, 0x00, 0x00, 0x00, 0x00, 0x5f, 0xfd, 0x00, 0x00,
    0x00, 0x0c, 0xff, 0x70, 0x00, 0x00, 0x00, 0x00, 0x5f, 0xfd, 0x00, 0x00, 0x00, 0x00, 0x00, 0x02,
    0x7b, 0xef, 0xfe, 0xb7, 0x20, 0x00, 0x00, 0x00, 0x00, 0x00, 0x01, 0xaf, 0xff, 0xff, 0xff, 0xff,
    0xf9, 0x00, 0x00, 0x00, 0x00, 0x00, 0x3e, 0xff, 0xff, 0xdb, 0xce, 0xff, 0xff, 0xc1, 0x00, 0x00,
    0x00, 0x01, 0xef, 0xff, 0x81, 0x00, 0x00, 0x2b, 0xff, 0xfb, 0x00, 0x00, 0x00, 0x0b, 0xff, 0xf3,
    0x00, 0x00, 0x00, 0x00, 0x8f, 0xff, 0x50, 0x00, 0x00, 0x3f, 0xff, 0x50, 0x00, 0x00, 0x00, 0x00,
    0x0c, 0xff, 0xc0, 0x00, 0x00, 0x9f, 0xfd, 0x00, 0x00, 0x00, 0x00, 0x00, 0x05, 0xff, 0xf1, 0x00,
    0x00, 0xdf, 0xf7, 0x00, 0x00, 0x00, 0x00, 0x00, 0x00, 0xff, 0xf5, 0x00, 0x00, 0xff, 0xf4, 0x00,
    0x00, 0x00, 0x00, 0x00, 0x00, 0xdf, 0xf7, 0x00, 0x01, 0xff, 0xf3, 0x00, 0x00, 0x00, 0x00, 0x00,
    0x00, 0xcf, 0xf8, 0x00, 0x01, 0xff, 0xf2, 0x00, 0x00, 0x00, 0x00, 0x00, 0x00, 0xbf, 0xf8, 0x00,
    0x00, 0xff, 0xf4, 0x00, 0x00, 0x00, 0x00, 0x00, 0x00, 0xdf, 0xf6, 0x00, 0x00, 0xef, 0xf7, 0x00,
    0x00, 0x00, 0x00, 0x00, 0x00, 0xff, 0xf4, 0x00, 0x00, 0xaf, 0xfc, 0x00, 0x00, 0x00, 0x00, 0x00,
    0x04, 0xff, 0xf0, 0x00, 0x00, 0x5f, 0xff, 0x50, 0x00, 0x00, 0x00, 0x00, 0x0c, 0xff, 0xa0, 0x00,
    0x00, 0x0d, 0xff, 0xe3, 0x00, 0x00, 0x00, 0x00, 0x8f, 0xff, 0x20, 0x00, 0x00, 0x02, 0xff, 0xff,
    0x71, 0x00, 0x00, 0x2a, 0xff, 0xf7, 0x00, 0x00, 0x00, 0x00, 0x4f, 0xff, 0xff, 0xdb, 0xce, 0xff,
    0xff, 0x80, 0x00, 0x00, 0x00, 0x00, 0x02, 0xcf, 0xff, 0xff, 0xff, 0xff, 0xe5, 0x00, 0x00, 0x00,
    0x00, 0x00, 0x00, 0x04, 0x9d, 0xef, 0xed, 0xa5, 0x00, 0x00, 0x00, 0x00, 0x00, 0x0c, 0xff, 0x70,
    0x01, 0x6c, 0xef, 0xec, 0x71, 0x00, 0x00, 0x00, 0x00, 0x0c, 0xff, 0x70, 0x4e, 0xff, 0xff, 0xff,
    0xfe, 0x50, 0x00, 0x00, 0x00, 0x0c, 0xff, 0x75, 0xff, 0xfd, 0xbc, 0xff, 0xff, 0xf5, 0x00, 0x00,
    0x00, 0x0c, 0xff, 0x9f, 0xf7, 0x10, 0x00, 0x06, 0xff, 0xff, 0x20, 0x00, 0x00, 0x0c, 0xff, 0xff,
    0x30, 0x00, 0x00, 0x00, 0x3f, 0xff, 0xa0, 0x00, 0x00, 0x0c, 0xff, 0xf6, 0x00, 0x00, 0x00, 0x00,
    0x08, 0xff, 0xf1, 0x00, 0x00, 0x0c, 0xff, 0xe0, 0x00, 0x00, 0x00, 0x00, 0x01, 0xff, 0xf4, 0x00,
    0x00, 0x0c, 0xff, 0xa0, 0x00, 0x00, 0x00, 0x00, 0x00, 0xdf, 0xf7, 0x00, 0x00, 0x0c, 0xff, 0x80,
    0x00, 0x00, 0x00, 0x00, 0x00, 0xbf, 0xf9, 0x00, 0x00, 0x0c, 0xff, 0x70, 0x00, 0x00, 0x00, 0x00,
    0x00, 0xaf, 0xf9, 0x00, 0x00, 0x0c, 0xff, 0x70, 0x00, 0x00, 0x00, 0x00, 0x00, 0xbf, 0xf9, 0x00,
    0x00, 0x0c, 0xff, 0x70, 0x00, 0x00, 0x00, 0x00, 0x00, 0xdf, 0xf7, 0x00, 0x00, 0x0c, 0xff, 0x80,
    0x00, 0x00, 0x00, 0x00, 0x00, 0xff, 0xf4, 0x00, 0x00, 0x0c, 0xff, 0xb0, 0x00, 0x00, 0x00, 0x00,
    0x05, 0xff, 0xf1, 0x00, 0x00, 0x0c, 0xff, 0xf3, 0x00, 0x00, 0x00, 0x00, 0x0d, 0xff, 0xb0, 0x00,
    0x00, 0x0c, 0xff, 0xfd, 0x10, 0x00, 0x00, 0x00, 0x9f, 0xff, 0x40, 0x00, 0x00, 0x0c, 0xff, 0xef,
    0xe5, 0x00, 0x00, 0x2b, 0xff, 0xfa, 0x00, 0x00, 0x00, 0x0c, 0xff, 0x7c, 0xff, 0xec, 0xbd, 0xff,
    0xff, 0xc0, 0x00, 0x00, 0x00, 0x0c, 0xff, 0x71, 0xbf, 0xff, 0xff, 0xff, 0xf9, 0x00, 0x00, 0x00,
    0x00, 0x0c, 0xff, 0x70, 0x05, 0xbe, 0xfe, 0xc8, 0x20, 0x00, 0x00, 0x00, 0x00, 0x0c, 0xff, 0x70,
    0x00, 0x00, 0x00, 0x00, 0x00, 0x00, 0x00, 0x00, 0x00, 0x0c, 0xff, 0x70, 0x00, 0x00, 0x00, 0x00,
    0x00, 0x00, 0x00, 0x00, 0x00, 0x0c, 0xff, 0x70, 0x00, 0x00, 0x00, 0x00, 0x00, 0x00, 0x00, 0x00,
    0x00, 0x0c, 0xff, 0x70, 0x00, 0x00, 0x00, 0x00, 0x00, 0x00, 0x00, 0x00, 0x00, 0x0c, 0xff, 0x70,
    0x00, 0x00, 0x00, 0x00, 0x00, 0x00, 0x00, 0x00, 0x00, 0x0c, 0xff, 0x70, 0x00, 0x00, 0x00, 0x00,
    0x00, 0x00, 0x00, 0x00, 0x00, 0x0c, 0xff, 0x70, 0x00, 0x00, 0x00, 0x00, 0x00, 0x00, 0x00, 0x00,
    0x00, 0x0c, 0xff, 0x70, 0x00, 0x00, 0x00, 0x00, 0x00, 0x00, 0x00, 0x00, 0x00, 0x0c, 0xff, 0x70,
    0x00, 0x00, 0x00, 0x00, 0x00, 0x00, 0x00, 0x00, 0x00, 0x00, 0x00, 0x05, 0xad, 0xff, 0xd9, 0x30,
    0x0e, 0xff, 0x50, 0x00, 0x00, 0x00, 0x03, 0xdf, 0xff, 0xff, 0xff, 0xf8, 0x0e, 0xff, 0x50, 0x00,
    0x00, 0x00, 0x4f, 0xff, 0xff, 0xcb, 0xdf, 0xff, 0x7e, 0xff, 0x50, 0x00, 0x00, 0x02, 0xff, 0xfe,
    0x60, 0x00, 0x01, 0x8f, 0xff, 0xff, 0x50, 0x00, 0x00, 0x0b, 0xff, 0xe2, 0x00, 0x00, 0x00, 0x05,
    0xff, 0xff, 0x50, 0x00, 0x00, 0x3f, 0xff, 0x50, 0x00, 0x00, 0x00, 0x00, 0x9f, 0xff, 0x50, 0x00,
    0x00, 0x9f, 0xfd, 0x00, 0x00, 0x00, 0x00, 0x00, 0x2f, 0xff, 0x50, 0x00, 0x00, 0xcf, 0xf7, 0x00,
    0x00, 0x00, 0x00, 0x00, 0x0f, 0xff, 0x50, 0x00, 0x00, 0xff, 0xf4, 0x00, 0x00, 0x00, 0x00, 0x00,
    0x0e, 0xff, 0x50, 0x00, 0x00, 0xff, 0xf3, 0x00, 0x00, 0x00, 0x00, 0x00, 0x0e, 0xff, 0x50, 0x00,
    0x01, 0xff, 0xf2, 0x00, 0x00, 0x00, 0x00, 0x00, 0x0e, 0xff, 0x50, 0x00, 0x00, 0xff, 0xf3, 0x00,
    0x00, 0x00, 0x00, 0x00, 0x0f, 0xff, 0x50, 0x00, 0x00, 0xff, 0xf6, 0x00, 0x00, 0x00, 0x00, 0x00,
    0x1f, 0xff, 0x50, 0x00, 0x00, 0xcf, 0xfa, 0x00, 0x00, 0x00, 0x00, 0x00, 0x5f, 0xff, 0x50, 0x00,
    0x00, 0x8f, 0xff, 0x20, 0x00, 0x00, 0x00, 0x00, 0xdf, 0xff, 0x50, 0x00, 0x00, 0x1f, 0xff, 0xc0,
    0x00, 0x00, 0x00, 0x09, 0xff, 0xff, 0x50, 0x00, 0x00, 0x08, 0xff, 0xfd, 0x40, 0x00, 0x03, 0xbf,
    0xbe, 0xff, 0x50, 0x00, 0x00, 0x00, 0xbf, 0xff, 0xfe, 0xbb, 0xef, 0xfe, 0x1e, 0xff, 0x50, 0x00,
    0x00, 0x00, 0x09, 0xff, 0xff, 0xff, 0xff, 0xc2, 0x0e, 0xff, 0x50, 0x00, 0x00, 0x00, 0x00, 0x39,
    0xdf, 0xfd, 0xb5, 0x00, 0x0e, 0xff, 0x50, 0x00, 0x00, 0x00, 0x00, 0x00, 0x00, 0x00, 0x00, 0x00,
    0x0e, 0xff, 0x50, 0x00, 0x00, 0x00, 0x00, 0x00, 0x00, 0x00, 0x00, 0x00, 0x0e, 0xff, 0x50, 0x00,
    0x00, 0x00, 0x00, 0x00, 0x00, 0x00, 0x00, 0x00, 0x0e, 0xff, 0x50, 0x00, 0x00, 0x00, 0x00, 0x00,
    0x00, 0x00, 0x00, 0x00, 0x0e, 0xff, 0x50, 0x00, 0x00, 0x00, 0x00, 0x00, 0x00, 0x00, 0x00, 0x00,
    0x0e, 0xff, 0x50, 0x00, 0x00, 0x00, 0x00, 0x00, 0x00, 0x00, 0x00, 0x00, 0x0e, 0xff, 0x50, 0x00,
    0x00, 0x00, 0x00, 0x00, 0x00, 0x00, 0x00, 0x00, 0x0e, 0xff, 0x50, 0x00, 0x00, 0x00, 0x00, 0x00,
    0x00, 0x00, 0x00, 0x00, 0x0e, 0xff, 0x50, 0x00, 0x00, 0x00, 0x00, 0x00, 0x00, 0x00, 0x00, 0x00,
    0x0e, 0xff, 0x50, 0x00, 0x00, 0x0c, 0xff, 0x70, 0x06, 0xcf, 0xf8, 0x00, 0x0c, 0xff, 0x70, 0x9f,
    0xff, 0xfa, 0x00, 0x0c, 0xff, 0x77, 0xff, 0xff, 0xfa, 0x00, 0x0c, 0xff, 0x8f, 0xf7, 0x10, 0x48,
    0x00, 0x0c, 0xff, 0xef, 0x30, 0x00, 0x00, 0x00, 0x0c, 0xff, 0xf7, 0x00, 0x00, 0x00, 0x00, 0x0c,
    0xff, 0xf0, 0x00, 0x00, 0x00, 0x00, 0x0c, 0xff, 0xb0, 0x00, 0x00, 0x00, 0x00, 0x0c, 0xff, 0x80,
    0x00, 0x00, 0x00, 0x00, 0x0c, 0xff, 0x70, 0x00, 0x00, 0x00, 0x00, 0x0c, 0xff, 0x70, 0x00, 0x00,
    0x00, 0x00, 0x0c, 0xff, 0x70, 0x00, 0x00, 0x00, 0x00, 0x0c, 0xff, 0x70, 0x00, 0x00, 0x00, 0x00,
    0x0c, 0xff, 0x70, 0x00, 0x00, 0x00, 0x00, 0x0c, 0xff, 0x70, 0x00, 0x00, 0x00, 0x00, 0x0c, 0xff,
    0x70, 0x00, 0x00, 0x00, 0x00, 0x0c, 0xff, 0x70, 0x00, 0x00, 0x00, 0x00, 0x0c, 0xff, 0x70, 0x00,
    0x00, 0x00, 0x00, 0x0c, 0xff, 0x70, 0x00, 0x00, 0x00, 0x00, 0x0c, 0xff, 0x70, 0x00, 0x00, 0x00,
    0x00, 0x00, 0x02, 0x8c, 0xef, 0xed, 0xb7, 0x10, 0x00, 0x00, 0x00, 0x9f, 0xff, 0xff, 0xff, 0xff,
    0x60, 0x00, 0x00, 0x0b, 0xff, 0xff, 0xcb, 0xde, 0xff, 0x60, 0x00, 0x00, 0x6f, 0xff, 0x70, 0x00,
    0x00, 0x16, 0x30, 0x00, 0x00, 0xcf, 0xf8, 0x00, 0x00, 0x00, 0x00, 0x00, 0x00, 0x00, 0xef, 0xf6,
    0x00, 0x00, 0x00, 0x00, 0x00, 0x00, 0x00, 0xdf, 0xfa, 0x00, 0x00, 0x00, 0x00, 0x00, 0x00, 0x00,
    0x8f, 0xff, 0x91, 0x00, 0x00, 0x00, 0x00, 0x00, 0x00, 0x0d, 0xff, 0xff, 0x93, 0x00, 0x00, 0x00,
    0x00, 0x00, 0x01, 0xbf, 0xff, 0xff, 0xd6, 0x00, 0x00, 0x00, 0x00, 0x00, 0x03, 0xbf, 0xff, 0xff,
    0xd3, 0x00, 0x00, 0x00, 0x00, 0x00, 0x01, 0x7e, 0xff, 0xff, 0x40, 0x00, 0x00, 0x00, 0x00, 0x00,
    0x00, 0x6f, 0xff, 0xd0, 0x00, 0x00, 0x00, 0x00, 0x00, 0x00, 0x05, 0xff, 0xf3, 0x00, 0x00, 0x00,
    0x00, 0x00, 0x00, 0x00, 0xff, 0xf4, 0x00, 0x00, 0x50, 0x00, 0x00, 0x00, 0x02, 0xff, 0xf2, 0x00,
    0x00, 0xfc, 0x50, 0x00, 0x00, 0x2c, 0xff, 0xd0, 0x00, 0x00, 0xff, 0xff, 0xdb, 0xbd, 0xff, 0xff,
    0x30, 0x00, 0x00, 0xef, 0xff, 0xff, 0xff, 0xff, 0xd3, 0x00, 0x00, 0x00, 0x06, 0xad, 0xff, 0xfd,
    0x94, 0x00, 0x00, 0x00, 0x00, 0x00, 0x05, 0xa7, 0x00, 0x00, 0x00, 0x00, 0x00, 0xbf, 0xf7, 0x00,
    0x00, 0x00, 0x00, 0x00, 0xbf, 0xf7, 0x00, 0x00, 0x00, 0x00, 0x00, 0xbf, 0xf7, 0x00, 0x00, 0x00,
    0x00, 0x00, 0xbf, 0xf7, 0x00, 0x00, 0x00, 0x00, 0x00, 0xbf, 0xf7, 0x00, 0x00, 0x00, 0x2f, 0xff,
    0xff, 0xff, 0xff, 0xff, 0x80, 0x2f, 0xff, 0xff, 0xff, 0xff, 0xff, 0x80, 0x1b, 0xbb, 0xef, 0xfd,
    0xbb, 0xbb, 0x60, 0x00, 0x00, 0xbf, 0xf7, 0x00, 0x00, 0x00, 0x00, 0x00, 0xbf, 0xf7, 0x00, 0x00,
    0x00, 0x00, 0x00, 0xbf, 0xf7, 0x00, 0x00, 0x00, 0x00, 0x00, 0xbf, 0xf7, 0x00, 0x00, 0x00, 0x00,
    0x00, 0xbf, 0xf7, 0x00, 0x00, 0x00, 0x00, 0x00, 0xbf, 0xf7, 0x00, 0x00, 0x00, 0x00, 0x00, 0xbf,
    0xf7, 0x00, 0x00, 0x00, 0x00, 0x00, 0xbf, 0xf7, 0x00, 0x00, 0x00, 0x00, 0x00, 0xbf, 0xf7, 0x00,
    0x00, 0x00, 0x00, 0x00, 0xbf, 0xf7, 0x00, 0x00, 0x00, 0x00, 0x00, 0xbf, 0xf7, 0x00, 0x00, 0x00,
    0x00, 0x00, 0xbf, 0xf8, 0x00, 0x00, 0x00, 0x00, 0x00, 0xaf, 0xfb, 0x00, 0x00, 0x00, 0x00, 0x00,
    0x7f, 0xff, 0x40, 0x00, 0x00, 0x00, 0x00, 0x1f, 0xff, 0xfd, 0xbc, 0x70, 0x00, 0x00, 0x06, 0xff,
    0xff, 0xff, 0x80, 0x00, 0x00, 0x00, 0x4b, 0xef, 0xec, 0x40, 0x00, 0x3f, 0xff, 0x00, 0x00, 0x00,
    0x00, 0x00, 0xcf, 0xf6, 0x00, 0x00, 0x00, 0x3f, 0xff, 0x00, 0x00, 0x00, 0x00, 0x00, 0xcf, 0xf6,
    0x00, 0x00, 0x00, 0x3f, 0xff, 0x00, 0x00, 0x00, 0x00, 0x00, 0xcf, 0xf6, 0x00, 0x00, 0x00, 0x3f,
    0xff, 0x00, 0x00, 0x00, 0x00, 0x00, 0xcf, 0xf6, 0x00, 0x00, 0x00, 0x3f, 0xff, 0x00, 0x00, 0x00,
    0x00, 0x00, 0xcf, 0xf6, 0x00, 0x00, 0x00, 0x3f, 0xff, 0x00, 0x00, 0x00, 0x00, 0x00, 0xcf, 0xf6,
    0x00, 0x00, 0x00, 0x3f, 0xff, 0x00, 0x00, 0x00, 0x00, 0x00, 0xcf, 0xf6, 0x00, 0x00, 0x00, 0x3f,
    0xff, 0x00, 0x00, 0x00, 0x00, 0x00, 0xcf, 0xf6, 0x00, 0x00, 0x00, 0x3f, 0xff, 0x00, 0x00, 0x00,
    0x00, 0x00, 0xcf, 0xf6, 0x00, 0x00, 0x00, 0x3f, 0xff, 0x00, 0x00, 0x00, 0x00, 0x00, 0xcf, 0xf6,
    0x00, 0x00, 0x00, 0x3f, 0xff, 0x00, 0x00, 0x00, 0x00, 0x00, 0xcf, 0xf6, 0x00, 0x00, 0x00, 0x2f,
    0xff, 0x00, 0x00, 0x00, 0x00, 0x00, 0xcf, 0xf6, 0x00, 0x00, 0x00, 0x2f, 0xff, 0x10, 0x00, 0x00,
    0x00, 0x00, 0xef, 0xf6, 0x00, 0x00, 0x00, 0x1f, 0xff, 0x30, 0x00, 0x00, 0x00, 0x02, 0xff, 0xf6,
    0x00, 0x00, 0x00, 0x0e, 0xff, 0x80, 0x00, 0x00, 0x00, 0x08, 0xff, 0xf6, 0x00, 0x00, 0x00, 0x0a,
    0xff, 0xf1, 0x00, 0x00, 0x00, 0x4f, 0xff, 0xf6, 0x00, 0x00, 0x00, 0x04, 0xff, 0xfd, 0x30, 0x00,
    0x06, 0xfe, 0xdf, 0xf6, 0x00, 0x00, 0x00, 0x00, 0xaf, 0xff, 0xfd, 0xbc, 0xff, 0xf5, 0xcf, 0xf6,
    0x00, 0x00, 0x00, 0x00, 0x0b, 0xff, 0xff, 0xff, 0xff, 0x50, 0xcf, 0xf6, 0x00, 0x00, 0x00, 0x00,
    0x00, 0x4a, 0xef, 0xfd, 0x82, 0x00, 0xcf, 0xf6, 0x00, 0x00, 0x8f, 0xff, 0x00, 0x00, 0x00, 0x00,
    0x00, 0x09, 0xff, 0xc0, 0x2f, 0xff, 0x50, 0x00, 0x00, 0x00, 0x00, 0x0e, 0xff, 0x50, 0x0c, 0xff,
    0xa0, 0x00, 0x00, 0x00, 0x00, 0x5f, 0xfe, 0x00, 0x06, 0xff, 0xf0, 0x00, 0x00, 0x00, 0x00, 0xaf,
    0xf9, 0x00, 0x00, 0xff, 0xf5, 0x00, 0x00, 0x00, 0x01, 0xff, 0xf2, 0x00, 0x00, 0xaf, 0xfb, 0x00,
    0x00, 0x00, 0x06, 0xff, 0xc0, 0x00, 0x00, 0x4f, 0xff, 0x10, 0x00, 0x00, 0x0c, 0xff, 0x60, 0x00,
    0x00, 0x0d, 0xff, 0x60, 0x00, 0x00, 0x2f, 0xff, 0x00, 0x00, 0x00, 0x08, 0xff, 0xc0, 0x00, 0x00,
    0x7f, 0xf9, 0x00, 0x00, 0x00, 0x02, 0xff, 0xf1, 0x00, 0x00, 0xdf, 0xf2, 0x00, 0x00, 0x00, 0x00,
    0xbf, 0xf7, 0x00, 0x03, 0xff, 0xc0, 0x00, 0x00, 0x00, 0x00, 0x5f, 0xfd, 0x00, 0x09, 0xff, 0x60,
    0x00, 0x00, 0x00, 0x00, 0x0f, 0xff, 0x20, 0x0e, 0xff, 0x00, 0x00, 0x00, 0x00, 0x00, 0x09, 0xff,
    0x80, 0x5f, 0xf9, 0x00, 0x00, 0x00, 0x00, 0x00, 0x03, 0xff, 0xd0, 0xaf, 0xf3, 0x00, 0x00, 0x00,
    0x00, 0x00, 0x00, 0xdf, 0xf3, 0xff, 0xc0, 0x00, 0x00, 0x00, 0x00, 0x00, 0x00, 0x7f, 0xf9, 0xff,
    0x60, 0x00, 0x00, 0x00, 0x00, 0x00, 0x00, 0x1f, 0xff, 0xff, 0x00, 0x00, 0x00, 0x00, 0x00, 0x00,
    0x00, 0x0b, 0xff, 0xf9, 0x00, 0x00, 0x00, 0x00, 0x00, 0x00, 0x00, 0x05, 0xff, 0xf3, 0x00, 0x00,
    0x00, 0x00, 0x6f, 0xff, 0x00, 0x00, 0x00, 0x00, 0x0c, 0xff, 0x60, 0x00, 0x00, 0x00, 0x0d, 0xff,
    0x40, 0x1f, 0xff, 0x30, 0x00, 0x00, 0x00, 0x1f, 0xff, 0xb0, 0x00, 0x00, 0x00, 0x1f, 0xff, 0x00,
    0x0c, 0xff, 0x80, 0x00, 0x00, 0x00, 0x6f, 0xff, 0xf0, 0x00, 0x00, 0x00, 0x6f, 0xfa, 0x00, 0x07,
    0xff, 0xc0, 0x00, 0x00, 0x00, 0xbf, 0xff, 0xf4, 0x00, 0x00, 0x00, 0xaf, 0xf6, 0x00, 0x02, 0xff,
    0xf1, 0x00, 0x00, 0x00, 0xff, 0xbf, 0xf8, 0x00, 0x00, 0x00, 0xef, 0xf1, 0x00, 0x00, 0xdf, 0xf5,
    0x00, 0x00, 0x05, 0xff, 0x4f, 0xfc, 0x00, 0x00, 0x03, 0xff, 0xc0, 0x00, 0x00, 0x9f, 0xf9, 0x00,
    0x00, 0x0a, 0xfe, 0x0c, 0xff, 0x10, 0x00, 0x07, 0xff, 0x70, 0x00, 0x00, 0x4f, 0xfe, 0x00, 0x00,
    0x0e, 0xf9, 0x07, 0xff, 0x50, 0x00, 0x0b, 0xff, 0x20, 0x00, 0x00, 0x0e, 0xff, 0x20, 0x00, 0x4f,
    0xf5, 0x03, 0xff, 0xa0, 0x00, 0x0f, 0xfe, 0x00, 0x00, 0x00, 0x0a, 0xff, 0x70, 0x00, 0x9f, 0xf0,
    0x00, 0xef, 0xe0, 0x00, 0x4f, 0xf9, 0x00, 0x00, 0x00, 0x05, 0xff, 0xb0, 0x00, 0xdf, 0xb0, 0x00,
    0x9f, 0xf2, 0x00, 0x8f, 0xf4, 0x00, 0x00, 0x00, 0x01, 0xff, 0xf0, 0x02, 0xff, 0x60, 0x00, 0x5f,
    0xf7, 0x00, 0xdf, 0xf0, 0x00, 0x00, 0x00, 0x00, 0xbf, 0xf4, 0x07, 0xff, 0x10, 0x00, 0x0f, 0xfb,
    0x01, 0xff, 0xa0, 0x00, 0x00, 0x00, 0x00, 0x7f, 0xf8, 0x0c, 0xfc, 0x00, 0x00, 0x0c, 0xff, 0x05,
    0xff, 0x60, 0x00, 0x00, 0x00, 0x00, 0x2f, 0xfd, 0x1f, 0xf7, 0x00, 0x00, 0x07, 0xff, 0x4a, 0xff,
    0x10, 0x00, 0x00, 0x00, 0x00, 0x0d, 0xff, 0x6f, 0xf2, 0x00, 0x00, 0x02, 0xff, 0x8e, 0xfc, 0x00,
    0x00, 0x00, 0x00, 0x00, 0x08, 0xff, 0xcf, 0xd0, 0x00, 0x00, 0x00, 0xef, 0xcf, 0xf7, 0x00, 0x00,
    0x00, 0x00, 0x00, 0x03, 0xff, 0xff, 0x80, 0x00, 0x00, 0x00, 0x9f, 0xff, 0xf2, 0x00, 0x00, 0x00,
    0x00, 0x00, 0x00, 0xef, 0xff, 0x30, 0x00, 0x00, 0x00, 0x4f, 0xff, 0xe0, 0x00, 0x00, 0x00, 0x00,
    0x00, 0x00, 0x9f, 0xfe, 0x00, 0x00, 0x00, 0x00, 0x0f, 0xff, 0x90, 0x00, 0x00, 0x00, 0x0d, 0xff,
    0xc0, 0x00, 0x00, 0x00, 0x00, 0xef, 0xf8, 0x03, 0xff, 0xf6, 0x00, 0x00, 0x00, 0x09, 0xff, 0xd0,
    0x00, 0x9f, 0xfe, 0x00, 0x00, 0x00, 0x2f, 0xff, 0x30, 0x00, 0x0e, 0xff, 0x80, 0x00, 0x00, 0xcf,
    0xf8, 0x00, 0x00, 0x05, 0xff, 0xf1, 0x00, 0x05, 0xff, 0xd0, 0x00, 0x00, 0x00, 0xaf, 0xfa, 0x00,
    0x0e, 0xff, 0x30, 0x00, 0x00, 0x00, 0x1f, 0xff, 0x30, 0x8f, 0xf8, 0x00, 0x00, 0x00, 0x00, 0x06,
    0xff, 0xc2, 0xff, 0xd0, 0x00, 0x00, 0x00, 0x00, 0x00, 0xbf, 0xfd, 0xff, 0x30, 0x00, 0x00, 0x00,
    0x00, 0x00, 0x2f, 0xff, 0xf8, 0x00, 0x00, 0x00, 0x00, 0x00, 0x00, 0x0d, 0xff, 0xf6, 0x00, 0x00,
    0x00, 0x00, 0x00, 0x00, 0x9f, 0xff, 0xff, 0x10, 0x00, 0x00, 0x00, 0x00, 0x04, 0xff, 0xc8, 0xff,
    0xb0, 0x00, 0x00, 0x00, 0x00, 0x1e, 0xff, 0x30, 0xef, 0xf6, 0x00, 0x00, 0x00, 0x00, 0xaf, 0xf9,
    0x00, 0x5f, 0xff, 0x10, 0x00, 0x00, 0x05, 0xff, 0xe1, 0x00, 0x0b, 0xff, 0xb0, 0x00, 0x00, 0x1f,
    0xff, 0x50, 0x00, 0x02, 0xff, 0xf6, 0x00, 0x00, 0xbf, 0xfb, 0x00, 0x00, 0x00, 0x8f, 0xff, 0x10,
    0x07, 0xff, 0xf2, 0x00, 0x00, 0x00, 0x0d, 0xff, 0xb0, 0x2f, 0xff, 0x80, 0x00, 0x00, 0x00, 0x04,
    0xff, 0xf6, 0x8f, 0xff, 0x00, 0x00, 0x00, 0x00, 0x00, 0x05, 0xff, 0xe0, 0x2f, 0xff, 0x50, 0x00,
    0x00, 0x00, 0x00, 0x0b, 0xff, 0x80, 0x0b, 0xff, 0xb0, 0x00, 0x00, 0x00, 0x00, 0x1f, 0xff, 0x20,
    0x05, 0xff, 0xf1, 0x00, 0x00, 0x00, 0x00, 0x7f, 0xfc, 0x00, 0x00, 0xef, 0xf6, 0x00, 0x00, 0x00,
    0x00, 0xdf, 0xf6, 0x00, 0x00, 0x9f, 0xfc, 0x00, 0x00, 0x00, 0x02, 0xff, 0xf0, 0x00, 0x00, 0x2f,
    0xff, 0x10, 0x00, 0x00, 0x08, 0xff, 0x90, 0x00, 0x00, 0x0c, 0xff, 0x70, 0x00, 0x00, 0x0e, 0xff,
    0x30, 0x00, 0x00, 0x06, 0xff, 0xc0, 0x00, 0x00, 0x4f, 0xfc, 0x00, 0x00, 0x00, 0x00, 0xff, 0xf2,
    0x00, 0x00, 0xaf, 0xf6, 0x00, 0x00, 0x00, 0x00, 0x9f, 0xf8, 0x00, 0x00, 0xff, 0xf0, 0x00, 0x00,
    0x00, 0x00, 0x3f, 0xfd, 0x00, 0x06, 0xff, 0x90, 0x00, 0x00, 0x00, 0x00, 0x0d, 0xff, 0x30, 0x0c,
    0xff, 0x30, 0x00, 0x00, 0x00, 0x00, 0x07, 0xff, 0x80, 0x2f, 0xfd, 0x00, 0x00, 0x00, 0x00, 0x00,
    0x01, 0xff, 0xe0, 0x7f, 0xf6, 0x00, 0x00, 0x00, 0x00, 0x00, 0x00, 0xaf, 0xf4, 0xdf, 0xf1, 0x00,
    0x00, 0x00, 0x00, 0x00, 0x00, 0x4f, 0xfa, 0xff, 0xa0, 0x00, 0x00, 0x00, 0x00, 0x00, 0x00, 0x0e,
    0xff, 0xff, 0x30, 0x00, 0x00, 0x00, 0x00, 0x00, 0x00, 0x07, 0xff, 0xfd, 0x00, 0x00, 0x00, 0x00,
    0x00, 0x00, 0x00, 0x01, 0xff, 0xf7, 0x00, 0x00, 0x00, 0x00, 0x00, 0x00, 0x00, 0x02, 0xff, 0xf1,
    0x00, 0x00, 0x00, 0x00, 0x00, 0x00, 0x00, 0x09, 0xff, 0xa0, 0x00, 0x00, 0x00, 0x00, 0x00, 0x00,
    0x00, 0x1f, 0xff, 0x40, 0x00, 0x00, 0x00, 0x00, 0x00, 0x00, 0x00, 0x8f, 0xfd, 0x00, 0x00, 0x00,
    0x00, 0x00, 0x00, 0x00, 0x02, 0xff, 0xf5, 0x00, 0x00, 0x00, 0x00, 0x00, 0x00, 0x00, 0x3d, 0xff,
    0xc0, 0x00, 0x00, 0x00, 0x00, 0x00, 0x0e, 0xde, 0xff, 0xfe, 0x10, 0x00, 0x00, 0x00, 0x00, 0x00,
    0x0f, 0xff, 0xff, 0xd2, 0x00, 0x00, 0x00, 0x00, 0x00, 0x00, 0x0d, 0xff, 0xc7, 0x00, 0x00, 0x00,
    0x00, 0x00, 0x00, 0x00, 0x03, 0xff, 0xff, 0xff, 0xff, 0xff, 0xff, 0xff, 0xf2, 0x03, 0xff, 0xff,
    0xff, 0xff, 0xff, 0xff, 0xff, 0xc0, 0x02, 0xbb, 0xbb, 0xbb, 0xbb, 0xbb, 0xef, 0xfe, 0x10, 0x00,
    0x00, 0x00, 0x00, 0x00, 0x02, 0xff, 0xf5, 0x00, 0x00, 0x00, 0x00, 0x00, 0x00, 0x0c, 0xff, 0x90,
    0x00, 0x00, 0x00, 0x00, 0x00, 0x00, 0x8f, 0xfd, 0x00, 0x00, 0x00, 0x00, 0x00, 0x00, 0x04, 0xff,
    0xf2, 0x00, 0x00, 0x00, 0x00, 0x00, 0x00, 0x1e, 0xff, 0x60, 0x00, 0x00, 0x00, 0x00, 0x00, 0x00,
    0xbf, 0xfb, 0x00, 0x00, 0x00, 0x00, 0x00, 0x00, 0x07, 0xff, 0xe1, 0x00, 0x00, 0x00, 0x00, 0x00,
    0x00, 0x3f, 0xff, 0x40, 0x00, 0x00, 0x00, 0x00, 0x00, 0x00, 0xdf, 0xf8, 0x00, 0x00, 0x00, 0x00,
    0x00, 0x00, 0x0a, 0xff, 0xc0, 0x00, 0x00, 0x00, 0x00, 0x00, 0x00, 0x5f, 0xff, 0x20, 0x00, 0x00,
    0x00, 0x00, 0x00, 0x02, 0xff, 0xf5, 0x00, 0x00, 0x00, 0x00, 0x00, 0x00, 0x0c, 0xff, 0xa0, 0x00,
    0x00, 0x00, 0x00, 0x00, 0x00, 0x8f, 0xfd, 0x00, 0x00, 0x00, 0x00, 0x00, 0x00, 0x04, 0xff, 0xfd,
    0xbb, 0xbb, 0xbb, 0xbb, 0xbb, 0xb0, 0x1e, 0xff, 0xff, 0xff, 0xff, 0xff, 0xff, 0xff, 0xf1, 0x5f,
    0xff, 0xff, 0xff, 0xff, 0xff, 0xff, 0xff, 0xf1, 0x00, 0x00, 0x00, 0x03, 0xad, 0xd0, 0x00, 0x00,
    0x00, 0x8f, 0xff, 0xd0, 0x00, 0x00, 0x05, 0xff, 0xfd, 0x70, 0x00, 0x00, 0x0c, 0xff, 0x90, 0x00,
    0x00, 0x00, 0x0f, 0xff, 0x10, 0x00, 0x00, 0x00, 0x1f, 0xfd, 0x00, 0x00, 0x00, 0x00, 0x2f, 0xfb,
    0x00, 0x00, 0x00, 0x00, 0x2f, 0xfb, 0x00, 0x00, 0x00, 0x00, 0x2f, 0xfb, 0x00, 0x00, 0x00, 0x00,
    0x2f, 0xfb, 0x00, 0x00, 0x00, 0x00, 0x2f, 0xfb, 0x00, 0x00, 0x00, 0x00, 0x2f, 0xfb, 0x00, 0x00,
    0x00, 0x00, 0x3f, 0xfb, 0x00, 0x00, 0x00, 0x00, 0x5f, 0xf9, 0x00, 0x00, 0x00, 0x00, 0xcf, 0xf5,
    0x00, 0x00, 0x00, 0x2a, 0xff, 0xd0, 0x00, 0x00, 0x03, 0xff, 0xfb, 0x10, 0x00, 0x00, 0x03, 0xff,
    0xf8, 0x00, 0x00, 0x00, 0x00, 0x7d, 0xff, 0xb0, 0x00, 0x00, 0x00, 0x00, 0xdf, 0xf4, 0x00, 0x00,
    0x00, 0x00, 0x6f, 0xf9, 0x00, 0x00, 0x00, 0x00, 0x4f, 0xfa, 0x00, 0x00, 0x00, 0x00, 0x2f, 0xfb,
    0x00, 0x00, 0x00, 0x00, 0x2f, 0xfb, 0x00, 0x00, 0x00, 0x00, 0x2f, 0xfb, 0x00, 0x00, 0x00, 0x00,
    0x2f, 0xfb, 0x00, 0x00, 0x00, 0x00, 0x2f, 0xfb, 0x00, 0x00, 0x00, 0x00, 0x2f, 0xfb, 0x00, 0x00,
    0x00, 0x00, 0x2f, 0xfc, 0x00, 0x00, 0x00, 0x00, 0x0f, 0xff, 0x00, 0x00, 0x00, 0x00, 0x0c, 0xff,
    0x60, 0x00, 0x00, 0x00, 0x05, 0xff, 0xfb, 0x60, 0x00, 0x00, 0x00, 0x9f, 0xff, 0xd0, 0x00, 0x00,
    0x00, 0x04, 0xae, 0xd0, 0x00, 0x0a, 0xff, 0x40, 0x00, 0x00, 0x0a, 0xff, 0x40, 0x00, 0x00, 0x0a,
    0xff, 0x40, 0x00, 0x00, 0x0a, 0xff, 0x40, 0x00, 0x00, 0x0a, 0xff, 0x40, 0x00, 0x00, 0x0a, 0xff,
    0x40, 0x00, 0x00, 0x0a, 0xff, 0x40, 0x00, 0x00, 0x0a, 0xff, 0x40, 0x00, 0x00, 0x0a, 0xff, 0x40,
    0x00, 0x00, 0x0a, 0xff, 0x40, 0x00, 0x00, 0x0a, 0xff, 0x40, 0x00, 0x00, 0x0a, 0xff, 0x40, 0x00,
    0x00, 0x0a, 0xff, 0x40, 0x00, 0x00, 0x0a, 0xff, 0x40, 0x00, 0x00, 0x0a, 0xff, 0x40, 0x00, 0x00,
    0x0a, 0xff, 0x40, 0x00, 0x00, 0x0a, 0xff, 0x40, 0x00, 0x00, 0x0a, 0xff, 0x40, 0x00, 0x00, 0x0a,
    0xff, 0x40, 0x00, 0x00, 0x0a, 0xff, 0x40, 0x00, 0x00, 0x0a, 0xff, 0x40, 0x00, 0x00, 0x0a, 0xff,
    0x40, 0x00, 0x00, 0x0a, 0xff, 0x40, 0x00, 0x00, 0x0a, 0xff, 0x40, 0x00, 0x00, 0x0a, 0xff, 0x40,
    0x00, 0x00, 0x0a, 0xff, 0x40, 0x00, 0x00, 0x0a, 0xff, 0x40, 0x00, 0x00, 0x0a, 0xff, 0x40, 0x00,
    0x00, 0x0a, 0xff, 0x40, 0x00, 0x00, 0x0a, 0xff, 0x40, 0x00, 0x00, 0x0a, 0xff, 0x40, 0x00, 0x00,
    0x0a, 0xff, 0x40, 0x00, 0x00, 0x0a, 0xff, 0x40, 0x00, 0x00, 0x0a, 0xff, 0x40, 0x00, 0x00, 0x0a,
    0xff, 0x40, 0x00, 0x00, 0x0a, 0xff, 0x40, 0x00, 0x00, 0x0a, 0xff, 0x40, 0x00, 0x00, 0x0a, 0xff,
    0x40, 0x00, 0x00, 0x0a, 0xff, 0x40, 0x00, 0x00, 0x0a, 0xff, 0x40, 0x00, 0x0a, 0xea, 0x40, 0x00,
    0x00, 0x00, 0x0b, 0xff, 0xfa, 0x00, 0x00, 0x00, 0x06, 0xcf, 0xff, 0x60, 0x00, 0x00, 0x00, 0x07,
    0xff, 0xd0, 0x00, 0x00, 0x00, 0x00, 0xef, 0xf1, 0x00, 0x00, 0x00, 0x00, 0xaf, 0xf3, 0x00, 0x00,
    0x00, 0x00, 0x9f, 0xf4, 0x00, 0x00, 0x00, 0x00, 0x9f, 0xf4, 0x00, 0x00, 0x00, 0x00, 0x9f, 0xf4,
    0x00, 0x00, 0x00, 0x00, 0x9f, 0xf4, 0x00, 0x00, 0x00, 0x00, 0x9f, 0xf4, 0x00, 0x00, 0x00, 0x00,
    0x9f, 0xf4, 0x00, 0x00, 0x00, 0x00, 0x8f, 0xf5, 0x00, 0x00, 0x00, 0x00, 0x7f, 0xf7, 0x00, 0x00,
    0x00, 0x00, 0x2f, 0xfd, 0x00, 0x00, 0x00, 0x00, 0x0b, 0xff, 0xb3, 0x00, 0x00, 0x00, 0x00, 0xaf,
    0xff, 0x50, 0x00, 0x00, 0x00, 0x6e, 0xff, 0x50, 0x00, 0x00, 0x09, 0xff, 0xe7, 0x10, 0x00, 0x00,
    0x2f, 0xfe, 0x10, 0x00, 0x00, 0x00, 0x6f, 0xf8, 0x00, 0x00, 0x00, 0x00, 0x8f, 0xf5, 0x00, 0x00,
    0x00, 0x00, 0x9f, 0xf4, 0x00, 0x00, 0x00, 0x00, 0x9f, 0xf4, 0x00, 0x00, 0x00, 0x00, 0x9f, 0xf4,
    0x00, 0x00, 0x00, 0x00, 0x9f, 0xf4, 0x00, 0x00, 0x00, 0x00, 0x9f, 0xf4, 0x00, 0x00, 0x00, 0x00,
    0x9f, 0xf4, 0x00, 0x00, 0x00, 0x00, 0xaf, 0xf3, 0x00, 0x00, 0x00, 0x00, 0xdf, 0xf2, 0x00, 0x00,
    0x00, 0x05, 0xff, 0xe0, 0x00, 0x00, 0x05, 0xbf, 0xff, 0x70, 0x00, 0x00, 0x0b, 0xff, 0xfa, 0x00,
    0x00, 0x00, 0x0a, 0xeb, 0x50, 0x00, 0x00, 0x00, 0x00, 0x00, 0x00, 0x2a, 0xef, 0xea, 0x50, 0x00,
    0x00, 0x00, 0x6f, 0xf4, 0x00, 0x00, 0x00, 0x00, 0x05, 0xff, 0xff, 0xff, 0xfd, 0x40, 0x00, 0x00,
    0xaf, 0xf1, 0x00, 0x00, 0x00, 0x00, 0x1f, 0xff, 0xda, 0xcf, 0xff, 0xfc, 0x50, 0x07, 0xff, 0xc0,
    0x00, 0x00, 0x00, 0x00, 0x8f, 0xf7, 0x00, 0x02, 0xaf, 0xff, 0xff, 0xff, 0xff, 0x40, 0x00, 0x00,
    0x00, 0x00, 0xcf, 0xe0, 0x00, 0x00, 0x03, 0xbf, 0xff, 0xff, 0xf5, 0x00, 0x00, 0x00, 0x00, 0x00,
    0x8a, 0x70, 0x00, 0x00, 0x00, 0x02, 0x79, 0x96, 0x10, 0x00, 0x00, 0x00, 0x00, 0x00, 0x00, 0x00,
    0x00, 0x00, 0x00, 0x00, 0x00, 0x00, 0x00, 0x00, 0x00, 0x00, 0x00, 0x00, 0x00, 0x00, 0x00, 0x00,
    0x00, 0x00, 0x00, 0x00, 0x00, 0x00, 0x00, 0x00, 0x00, 0x00, 0x00, 0x00, 0x00, 0x00, 0x00, 0x00,
    0x00, 0x00, 0x00, 0x00, 0x00, 0x00, 0x00, 0x00, 0x00, 0x00, 0x00, 0x00, 0x00, 0x00, 0x00, 0x00,
    0x00, 0x00, 0x00, 0x00, 0x00, 0x00, 0x00, 0x00, 0x00, 0x00, 0x00, 0x00, 0x00, 0x00, 0x00, 0x00,
    0x00, 0x00, 0x00, 0x00, 0x00, 0x00, 0x00, 0x00, 0x00, 0x00, 0x00, 0x00, 0x00, 0x00, 0x00, 0x00,
    0x00, 0x00, 0x00, 0x00, 0x00, 0x00, 0x00, 0x00, 0x00, 0x00, 0x00, 0x00, 0x00, 0x00, 0x00, 0x00,
    0x00, 0x00, 0x00, 0x00, 0x00, 0x00, 0x00, 0x00, 0x00, 0x00, 0x00, 0x00, 0x00, 0x00, 0x00, 0x00,
    0x00, 0x00, 0x00, 0x00, 0x00, 0x00, 0x00, 0x00, 0x00, 0x00,
};

/*------------------
 * GLYPH DESCRIPTION
 *-----------------*/
static const lv_font_fmt_txt_glyph_dsc_t glyph_dsc[] = {
    {.bitmap_index = 0, .adv_w = 0, .box_w = 0, .box_h = 0, .ofs_x = 0, .ofs_y = 0},
    {.bitmap_index = 0, .adv_w = 176, .box_w = 0, .box_h = 0, .ofs_x = 0, .ofs_y = 0}, /* ' ' */
    {.bitmap_index = 0, .adv_w = 176, .box_w = 11, .box_h = 28, .ofs_x = 0, .ofs_y = 0}, /* '!' */
    {.bitmap_index = 168, .adv_w = 256, .box_w = 16, .box_h = 28, .ofs_x = 0, .ofs_y = 0}, /* '"' */
    {.bitmap_index = 392, .adv_w = 384, .box_w = 24, .box_h = 28, .ofs_x = 0, .ofs_y = 0}, /* '#' */
    {.bitmap_index = 728, .adv_w = 352, .box_w = 22, .box_h = 35, .ofs_x = 0, .ofs_y = -4}, /* '$' */
    {.bitmap_index = 1113, .adv_w = 528, .box_w = 33, .box_h = 28, .ofs_x = 0, .ofs_y = 0}, /* '%' */
    {.bitmap_index = 1589, .adv_w = 512, .box_w = 32, .box_h = 28, .ofs_x = 0, .ofs_y = 0}, /* '&' */
    {.bitmap_index = 2037, .adv_w = 144, .box_w = 9, .box_h = 28, .ofs_x = 0, .ofs_y = 0}, /* ''' */
    {.bitmap_index = 2177, .adv_w = 192, .box_w = 12, .box_h = 34, .ofs_x = 0, .ofs_y = -6}, /* '(' */
    {.bitmap_index = 2381, .adv_w = 192, .box_w = 12, .box_h = 34, .ofs_x = 0, .ofs_y = -6}, /* ')' */
    {.bitmap_index = 2585, .adv_w = 272, .box_w = 17, .box_h = 28, .ofs_x = 0, .ofs_y = 0}, /* '*' */
    {.bitmap_index = 2837, .adv_w = 432, .box_w = 27, .box_h = 21, .ofs_x = 0, .ofs_y = 0}, /* '+' */
    {.bitmap_index = 3131, .adv_w = 144, .box_w = 9, .box_h = 10, .ofs_x = 0, .ofs_y = -6}, /* ',' */
    {.bitmap_index = 3181, .adv_w = 256, .box_w = 16, .box_h = 12, .ofs_x = 0, .ofs_y = 0}, /* '-' */
    {.bitmap_index = 3277, .adv_w = 144, .box_w = 9, .box_h = 4, .ofs_x = 0, .ofs_y = 0}, /* '.' */
    {.bitmap_index = 3297, .adv_w = 256, .box_w = 17, .box_h = 33, .ofs_x = -1, .ofs_y = -5}, /* '/' */
    {.bitmap_index = 3594, .adv_w = 352, .box_w = 22, .box_h = 28, .ofs_x = 0, .ofs_y = 0}, /* '0' */
    {.bitmap_index = 3902, .adv_w = 352, .box_w = 22, .box_h = 28, .ofs_x = 0, .ofs_y = 0}, /* '1' */
    {.bitmap_index = 4210, .adv_w = 352, .box_w = 22, .box_h = 28, .ofs_x = 0, .ofs_y = 0}, /* '2' */
    {.bitmap_index = 4518, .adv_w = 352, .box_w = 22, .box_h = 28, .ofs_x = 0, .ofs_y = 0}, /* '3' */
    {.bitmap_index = 4826, .adv_w = 352, .box_w = 22, .box_h = 28, .ofs_x = 0, .ofs_y = 0}, /* '4' */
    {.bitmap_index = 5134, .adv_w = 352, .box_w = 22, .box_h = 28, .ofs_x = 0, .ofs_y = 0}, /* '5' */
    {.bitmap_index = 5442, .adv_w = 352, .box_w = 22, .box_h = 28, .ofs_x = 0, .ofs_y = 0}, /* '6' */
    {.bitmap_index = 5750, .adv_w = 352, .box_w = 22, .box_h = 28, .ofs_x = 0, .ofs_y = 0}, /* '7' */
    {.bitmap_index = 6058, .adv_w = 352, .box_w = 22, .box_h = 28, .ofs_x = 0, .ofs_y = 0}, /* '8' */
    {.bitmap_index = 6366, .adv_w = 352, .box_w = 22, .box_h = 28, .ofs_x = 0, .ofs_y = 0}, /* '9' */
    {.bitmap_index = 6674, .adv_w = 144, .box_w = 9, .box_h = 20, .ofs_x = 0, .ofs_y = 0}, /* ':' */
    {.bitmap_index = 6774, .adv_w = 144, .box_w = 9, .box_h = 26, .ofs_x = 0, .ofs_y = -6}, /* ';' */
    {.bitmap_index = 6904, .adv_w = 432, .box_w = 27, .box_h = 21, .ofs_x = 0, .ofs_y = 0}, /* '<' */
    {.bitmap_index = 7198, .adv_w = 432, .box_w = 27, .box_h = 17, .ofs_x = 0, .ofs_y = 0}, /* '=' */
    {.bitmap_index = 7436, .adv_w = 432, .box_w = 27, .box_h = 21, .ofs_x = 0, .ofs_y = 0}, /* '>' */
    {.bitmap_index = 7730, .adv_w = 288, .box_w = 18, .box_h = 28, .ofs_x = 0, .ofs_y = 0}, /* '?' */
    {.bitmap_index = 7982, .adv_w = 608, .box_w = 38, .box_h = 32, .ofs_x = 0, .ofs_y = -4}, /* '@' */
    {.bitmap_index = 8590, .adv_w = 416, .box_w = 26, .box_h = 28, .ofs_x = 0, .ofs_y = 0}, /* 'A' */
    {.bitmap_index = 8954, .adv_w = 368, .box_w = 23, .box_h = 28, .ofs_x = 0, .ofs_y = 0}, /* 'B' */
    {.bitmap_index = 9290, .adv_w = 400, .box_w = 25, .box_h = 28, .ofs_x = 0, .ofs_y = 0}, /* 'C' */
    {.bitmap_index = 9654, .adv_w = 448, .box_w = 28, .box_h = 28, .ofs_x = 0, .ofs_y = 0}, /* 'D' */
    {.bitmap_index = 10046, .adv_w = 320, .box_w = 20, .box_h = 28, .ofs_x = 0, .ofs_y = 0}, /* 'E' */
    {.bitmap_index = 10326, .adv_w = 320, .box_w = 20, .box_h = 28, .ofs_x = 0, .ofs_y = 0}, /* 'F' */
    {.bitmap_index = 10606, .adv_w = 432, .box_w = 27, .box_h = 28, .ofs_x = 0, .ofs_y = 0}, /* 'G' */
    {.bitmap_index = 10998, .adv_w = 448, .box_w = 28, .box_h = 28, .ofs_x = 0, .ofs_y = 0}, /* 'H' */
    {.bitmap_index = 11390, .adv_w = 176, .box_w = 11, .box_h = 28, .ofs_x = 0, .ofs_y = 0}, /* 'I' */
    {.bitmap_index = 11558, .adv_w = 224, .box_w = 14, .box_h = 28, .ofs_x = 0, .ofs_y = 0}, /* 'J' */
    {.bitmap_index = 11754, .adv_w = 368, .box_w = 24, .box_h = 28, .ofs_x = 0, .ofs_y = 0}, /* 'K' */
    {.bitmap_index = 12090, .adv_w = 304, .box_w = 19, .box_h = 28, .ofs_x = 0, .ofs_y = 0}, /* 'L' */
    {.bitmap_index = 12370, .adv_w = 576, .box_w = 36, .box_h = 28, .ofs_x = 0, .ofs_y = 0}, /* 'M' */
    {.bitmap_index = 12874, .adv_w = 480, .box_w = 30, .box_h = 28, .ofs_x = 0, .ofs_y = 0}, /* 'N' */
    {.bitmap_index = 13294, .adv_w = 480, .box_w = 30, .box_h = 28, .ofs_x = 0, .ofs_y = 0}, /* 'O' */
    {.bitmap_index = 13714, .adv_w = 352, .box_w = 22, .box_h = 28, .ofs_x = 0, .ofs_y = 0}, /* 'P' */
    {.bitmap_index = 14022, .adv_w = 480, .box_w = 31, .box_h = 31, .ofs_x = 0, .ofs_y = -3}, /* 'Q' */
    {.bitmap_index = 14518, .adv_w = 384, .box_w = 24, .box_h = 28, .ofs_x = 0, .ofs_y = 0}, /* 'R' */
    {.bitmap_index = 14854, .adv_w = 336, .box_w = 21, .box_h = 28, .ofs_x = 0, .ofs_y = 0}, /* 'S' */
    {.bitmap_index = 15162, .adv_w = 336, .box_w = 21, .box_h = 28, .ofs_x = 0, .ofs_y = 0}, /* 'T' */
    {.bitmap_index = 15470, .adv_w = 432, .box_w = 27, .box_h = 28, .ofs_x = 0, .ofs_y = 0}, /* 'U' */
    {.bitmap_index = 15862, .adv_w = 400, .box_w = 25, .box_h = 28, .ofs_x = 0, .ofs_y = 0}, /* 'V' */
    {.bitmap_index = 16226, .adv_w = 592, .box_w = 37, .box_h = 28, .ofs_x = 0, .ofs_y = 0}, /* 'W' */
    {.bitmap_index = 16758, .adv_w = 384, .box_w = 24, .box_h = 28, .ofs_x = 0, .ofs_y = 0}, /* 'X' */
    {.bitmap_index = 17094, .adv_w = 352, .box_w = 22, .box_h = 28, .ofs_x = 0, .ofs_y = 0}, /* 'Y' */
    {.bitmap_index = 17402, .adv_w = 368, .box_w = 23, .box_h = 28, .ofs_x = 0, .ofs_y = 0}, /* 'Z' */
    {.bitmap_index = 17738, .adv_w = 192, .box_w = 12, .box_h = 34, .ofs_x = 0, .ofs_y = -6}, /* '[' */
    {.bitmap_index = 17942, .adv_w = 240, .box_w = 17, .box_h = 33, .ofs_x = -1, .ofs_y = -5}, /* '\' */
    {.bitmap_index = 18239, .adv_w = 192, .box_w = 12, .box_h = 34, .ofs_x = 0, .ofs_y = -6}, /* ']' */
    {.bitmap_index = 18443, .adv_w = 432, .box_w = 27, .box_h = 28, .ofs_x = 0, .ofs_y = 0}, /* '^' */
    {.bitmap_index = 18835, .adv_w = 272, .box_w = 17, .box_h = 6, .ofs_x = 0, .ofs_y = -6}, /* '_' */
    {.bitmap_index = 18889, .adv_w = 176, .box_w = 11, .box_h = 30, .ofs_x = 0, .ofs_y = 0}, /* '`' */
    {.bitmap_index = 19069, .adv_w = 320, .box_w = 20, .box_h = 20, .ofs_x = 0, .ofs_y = 0}, /* 'a' */
    {.bitmap_index = 19269, .adv_w = 384, .box_w = 24, .box_h = 30, .ofs_x = 0, .ofs_y = 0}, /* 'b' */
    {.bitmap_index = 19629, .adv_w = 288, .box_w = 18, .box_h = 20, .ofs_x = 0, .ofs_y = 0}, /* 'c' */
    {.bitmap_index = 19809, .adv_w = 384, .box_w = 24, .box_h = 30, .ofs_x = 0, .ofs_y = 0}, /* 'd' */
    {.bitmap_index = 20169, .adv_w = 336, .box_w = 21, .box_h = 20, .ofs_x = 0, .ofs_y = 0}, /* 'e' */
    {.bitmap_index = 20389, .adv_w = 208, .box_w = 14, .box_h = 30, .ofs_x = 0, .ofs_y = 0}, /* 'f' */
    {.bitmap_index = 20599, .adv_w = 384, .box_w = 24, .box_h = 29, .ofs_x = 0, .ofs_y = -9}, /* 'g' */
    {.bitmap_index = 20947, .adv_w = 368, .box_w = 23, .box_h = 30, .ofs_x = 0, .ofs_y = 0}, /* 'h' */
    {.bitmap_index = 21307, .adv_w = 160, .box_w = 10, .box_h = 29, .ofs_x = 0, .ofs_y = 0}, /* 'i' */
    {.bitmap_index = 21452, .adv_w = 160, .box_w = 14, .box_h = 38, .ofs_x = -4, .ofs_y = -9}, /* 'j' */
    {.bitmap_index = 21718, .adv_w = 320, .box_w = 20, .box_h = 30, .ofs_x = 0, .ofs_y = 0}, /* 'k' */
    {.bitmap_index = 22018, .adv_w = 160, .box_w = 10, .box_h = 30, .ofs_x = 0, .ofs_y = 0}, /* 'l' */
    {.bitmap_index = 22168, .adv_w = 544, .box_w = 34, .box_h = 20, .ofs_x = 0, .ofs_y = 0}, /* 'm' */
    {.bitmap_index = 22508, .adv_w = 368, .box_w = 23, .box_h = 20, .ofs_x = 0, .ofs_y = 0}, /* 'n' */
    {.bitmap_index = 22748, .adv_w = 368, .box_w = 23, .box_h = 20, .ofs_x = 0, .ofs_y = 0}, /* 'o' */
    {.bitmap_index = 22988, .adv_w = 384, .box_w = 24, .box_h = 29, .ofs_x = 0, .ofs_y = -9}, /* 'p' */
    {.bitmap_index = 23336, .adv_w = 384, .box_w = 24, .box_h = 29, .ofs_x = 0, .ofs_y = -9}, /* 'q' */
    {.bitmap_index = 23684, .adv_w = 224, .box_w = 14, .box_h = 20, .ofs_x = 0, .ofs_y = 0}, /* 'r' */
    {.bitmap_index = 23824, .adv_w = 272, .box_w = 17, .box_h = 20, .ofs_x = 0, .ofs_y = 0}, /* 's' */
    {.bitmap_index = 24004, .adv_w = 224, .box_w = 14, .box_h = 26, .ofs_x = 0, .ofs_y = 0}, /* 't' */
    {.bitmap_index = 24186, .adv_w = 368, .box_w = 23, .box_h = 20, .ofs_x = 0, .ofs_y = 0}, /* 'u' */
    {.bitmap_index = 24426, .adv_w = 304, .box_w = 19, .box_h = 20, .ofs_x = 0, .ofs_y = 0}, /* 'v' */
    {.bitmap_index = 24626, .adv_w = 464, .box_w = 29, .box_h = 20, .ofs_x = 0, .ofs_y = 0}, /* 'w' */
    {.bitmap_index = 24926, .adv_w = 288, .box_w = 18, .box_h = 20, .ofs_x = 0, .ofs_y = 0}, /* 'x' */
    {.bitmap_index = 25106, .adv_w = 304, .box_w = 20, .box_h = 29, .ofs_x = 0, .ofs_y = -9}, /* 'y' */
    {.bitmap_index = 25396, .adv_w = 288, .box_w = 18, .box_h = 20, .ofs_x = 0, .ofs_y = 0}, /* 'z' */
    {.bitmap_index = 25576, .adv_w = 192, .box_w = 12, .box_h = 34, .ofs_x = 0, .ofs_y = -6}, /* '{' */
    {.bitmap_index = 25780, .adv_w = 160, .box_w = 10, .box_h = 40, .ofs_x = 0, .ofs_y = -9}, /* '|' */
    {.bitmap_index = 25980, .adv_w = 192, .box_w = 12, .box_h = 34, .ofs_x = 0, .ofs_y = -6}, /* '}' */
    {.bitmap_index = 26184, .adv_w = 432, .box_w = 27, .box_h = 15, .ofs_x = 0, .ofs_y = 0}, /* '~' */
};

/*------------------
 * UNICODE MAP
 *-----------------*/
static const lv_font_fmt_txt_cmap_t cmaps[] = {
    {
        .range_start = 32,
        .range_length = 95,
        .glyph_id_start = 1,
        .unicode_list = NULL,
        .glyph_id_ofs_list = NULL,
        .list_length = 0,
        .type = LV_FONT_FMT_TXT_CMAP_FORMAT0_TINY
    }
};

/*------------------
 * FONT DESCRIPTION
 *-----------------*/
static const lv_font_fmt_txt_dsc_t font_dsc = {
    .glyph_bitmap = glyph_bitmap,
    .glyph_dsc = glyph_dsc,
    .cmaps = cmaps,
    .kern_dsc = NULL,
    .kern_scale = 0,
    .cmap_num = 1,
    .bpp = 4,
    .kern_classes = 0,
    .bitmap_format = 0,
    .stride = 1,
};

/*------------------
 *  PUBLIC FONT
 *-----------------*/
const lv_font_t ui_font_segoe_40 = {
    .get_glyph_dsc = lv_font_get_glyph_dsc_fmt_txt,
    .get_glyph_bitmap = lv_font_get_bitmap_fmt_txt,
    .line_height = 55,
    .base_line = 11,
    .subpx = LV_FONT_SUBPX_NONE,
    .dsc = &font_dsc
};
